# Blender 4.5.5 LTS
# www.blender.org
o heart
v -1.446700 1.738750 0.722425
v -1.473475 1.693625 0.686075
v -1.366175 1.576425 0.677800
v -1.343675 1.625425 0.714400
v -1.499600 1.652175 0.648575
v -1.388275 1.531250 0.640150
v -1.273250 1.413100 0.631700
v -1.255125 1.462275 0.669600
v -1.236925 1.515475 0.706550
v -1.549475 1.579550 0.570075
v -1.431025 1.451775 0.561575
v -1.409925 1.489775 0.601425
v -1.524975 1.614225 0.609925
v -1.308850 1.326150 0.552875
v -1.291200 1.367775 0.592775
v -1.060750 1.087450 0.535625
v -1.049725 1.136650 0.575875
v -1.170525 1.249600 0.584200
v -1.184775 1.204225 0.544150
v -1.038900 1.190075 0.615325
v -1.156225 1.298925 0.623375
v -1.018225 1.309775 0.691825
v -1.127925 1.409925 0.699000
v -1.142000 1.352350 0.661625
v -1.028400 1.247750 0.653975
v -1.573025 1.547975 0.528975
v -1.451450 1.417100 0.520600
v -1.595525 1.519250 0.486625
v -1.471125 1.385525 0.478475
v -1.342925 1.253500 0.469975
v -1.326100 1.288125 0.511950
v -1.636900 1.469650 0.397925
v -1.507750 1.331075 0.390600
v -1.489925 1.356925 0.435150
v -1.616850 1.493225 0.442950
v -1.374750 1.193875 0.382875
v -1.359175 1.222125 0.426950
v -1.105650 0.930900 0.367025
v -1.094450 0.964150 0.410300
v -1.226650 1.090625 0.418600
v -1.240025 1.059875 0.374950
v -1.083175 1.001250 0.452825
v -1.212925 1.124850 0.461350
v -1.198950 1.162675 0.503200
v -1.071925 1.042325 0.494600
v -0.614200 0.501175 0.339900
v -0.610125 0.543700 0.381950
v -0.720375 0.632475 0.387875
v -0.725925 0.592075 0.345600
v -0.606750 0.591400 0.423875
v -0.715450 0.677825 0.429900
v -0.832425 0.776075 0.436875
v -0.839225 0.733325 0.394700
v -0.846475 0.695175 0.352150
v -0.602250 0.702175 0.507100
v -0.707475 0.783200 0.513000
v -0.711125 0.728075 0.471625
v -0.604125 0.644250 0.465625
v -0.820225 0.875425 0.519850
v -0.826075 0.823425 0.478600
v -0.946975 0.928725 0.486325
v -0.938600 0.977350 0.527450
v -0.955675 0.884450 0.444600
v -0.973750 0.808725 0.359375
v -0.964600 0.844450 0.402250
v -0.601150 0.765100 0.548225
v -0.704500 0.843175 0.553925
v -0.600875 0.832925 0.588950
v -0.702275 0.907925 0.594375
v -0.810225 0.993275 0.600675
v -0.814925 0.932050 0.560550
v -0.602800 0.983075 0.668800
v -0.700125 1.051650 0.673525
v -0.700800 0.977425 0.634250
v -0.601400 0.905600 0.629175
v -0.802800 1.129625 0.679000
v -0.806175 1.059150 0.640175
v -0.915900 1.149625 0.646775
v -0.909350 1.216000 0.685125
v -0.923000 1.087750 0.607700
v -0.930600 1.030350 0.567925
v -2.129700 3.663300 0.770300
v -2.093400 3.705550 0.785350
v -2.116575 3.763925 0.764525
v -2.158175 3.685625 0.751650
v -2.038925 3.760925 0.805550
v -2.060750 3.835175 0.782450
v -2.089275 3.897700 0.753625
v -2.149025 3.810075 0.737000
v -2.195775 3.714275 0.724175
v -1.896575 3.875075 0.849850
v -1.914550 3.968275 0.823650
v -1.992825 3.904025 0.802575
v -1.972725 3.818725 0.827425
v -1.936675 4.051050 0.792300
v -2.018025 3.978225 0.772450
v -1.988250 4.190175 0.715500
v -2.077050 4.100275 0.697775
v -2.046675 4.043075 0.737400
v -1.961650 4.124625 0.756125
v -2.155700 4.000250 0.680975
v -2.121625 3.952175 0.719650
v -2.276975 3.773025 0.653275
v -2.236050 3.743900 0.691125
v -2.185175 3.852300 0.703875
v -2.222800 3.890900 0.665850
v -1.812250 3.926075 0.871650
v -1.827675 4.025750 0.844325
v -1.721200 3.970075 0.892350
v -1.733725 4.074950 0.864125
v -1.749200 4.170475 0.830875
v -1.846525 4.115600 0.811975
v -1.524600 4.030625 0.928575
v -1.530700 4.142425 0.898775
v -1.634250 4.114350 0.882450
v -1.624850 4.005475 0.911500
v -1.539025 4.245600 0.864100
v -1.646175 4.214275 0.848450
v -1.560200 4.427325 0.780850
v -1.675125 4.388950 0.766575
v -1.660025 4.305675 0.809750
v -1.549050 4.340475 0.824700
v -1.785775 4.335800 0.750525
v -1.766800 4.257225 0.792925
v -1.867850 4.196450 0.774850
v -1.890650 4.269100 0.733275
v -1.605775 4.701025 0.565100
v -1.735375 4.649150 0.554125
v -1.721625 4.594225 0.612725
v -1.595300 4.643025 0.624650
v -1.860300 4.579000 0.541750
v -1.843350 4.527800 0.599275
v -1.824800 4.470550 0.653400
v -1.706575 4.532825 0.667825
v -1.583875 4.578275 0.680600
v -2.089700 4.390750 0.514800
v -2.066725 4.348575 0.570000
v -1.958900 4.445400 0.584850
v -1.978950 4.492275 0.528475
v -2.041625 4.301525 0.622075
v -1.936975 4.392975 0.637975
v -1.913950 4.334400 0.687550
v -2.015175 4.248925 0.670700
v -1.805350 4.406725 0.703925
v -1.572000 4.506500 0.732750
v -1.690875 4.464525 0.719200
v -2.190925 4.276150 0.501275
v -2.165250 4.238950 0.555300
v -2.281025 4.150200 0.488350
v -2.252925 4.118100 0.541300
v -2.222150 4.082725 0.591325
v -2.137175 4.197625 0.606325
v -2.421325 3.871250 0.466475
v -2.389325 3.849175 0.517575
v -2.328125 3.987650 0.528525
v -2.358350 4.014675 0.476600
v -2.354200 3.825525 0.566050
v -2.295000 3.958225 0.577700
v -2.259650 3.926100 0.623650
v -2.316550 3.800200 0.611425
v -2.189475 4.043600 0.638050
v -2.107500 4.151600 0.653950
v -0.605075 1.065225 0.707800
v -0.700275 1.130550 0.712100
v -0.608300 1.152100 0.746025
v -0.701400 1.214125 0.749900
v -0.798550 1.284425 0.754350
v -0.800175 1.204700 0.717100
v -0.618000 1.339950 0.819775
v -0.707350 1.395450 0.822625
v -0.703700 1.302425 0.786775
v -0.612575 1.243675 0.783400
v -0.799250 1.457800 0.825775
v -0.798150 1.368800 0.790625
v -0.985750 1.600425 0.832900
v -0.991875 1.521725 0.799575
v -0.894625 1.442125 0.794875
v -0.892450 1.526375 0.829200
v -0.999575 1.446925 0.764825
v -0.898375 1.362275 0.759325
v -0.903400 1.286900 0.722700
v -1.008500 1.376225 0.728825
v -0.624650 1.440925 0.855075
v -0.712500 1.493200 0.857325
v -0.632625 1.546625 0.889175
v -0.719300 1.595700 0.890725
v -0.807025 1.649900 0.892200
v -0.802100 1.551475 0.859675
v -0.652900 1.772150 0.953375
v -0.738625 1.815025 0.953275
v -0.727975 1.702975 0.922750
v -0.642025 1.657025 0.921975
v -0.824275 1.861300 0.952675
v -0.814325 1.753150 0.923225
v -0.989975 1.958300 0.949375
v -0.982800 1.861275 0.922900
v -0.899725 1.806300 0.923325
v -0.908525 1.909500 0.951425
v -0.980300 1.769650 0.894625
v -0.894475 1.708225 0.893525
v -0.892225 1.614975 0.862100
v -0.981575 1.682900 0.864600
v -1.242025 2.119525 0.935325
v -1.259600 2.088825 0.922175
v -1.201825 2.027500 0.920125
v -1.199025 2.091100 0.938800
v -1.283225 2.045900 0.902750
v -1.215600 1.969725 0.898725
v -1.142000 1.899700 0.896650
v -1.135850 1.972450 0.920800
v -1.137850 2.051275 0.942825
v -1.336400 1.945525 0.852725
v -1.254250 1.851800 0.846575
v -1.233600 1.911000 0.874100
v -1.309175 1.997400 0.879425
v -1.167700 1.763100 0.841375
v -1.153200 1.830225 0.870175
v -1.068875 1.754425 0.867150
v -1.077850 1.679325 0.836900
v -1.063175 1.833250 0.895475
v -1.067275 2.006275 0.946425
v -1.062175 1.916850 0.921900
v -1.364025 1.892450 0.823250
v -1.275900 1.792650 0.816450
v -1.391750 1.839450 0.791450
v -1.298225 1.734550 0.784100
v -1.200825 1.633725 0.777225
v -1.183700 1.697350 0.810275
v -1.320925 1.678475 0.749950
v -1.419375 1.787800 0.757700
v -1.218675 1.572875 0.742525
v -1.114075 1.471825 0.735475
v -1.100825 1.537625 0.770775
v -1.088625 1.606925 0.804675
v -0.744575 2.827400 1.114100
v -0.747225 2.969850 1.116550
v -0.843450 2.996800 1.108925
v -0.839925 2.854325 1.106775
v -0.746800 3.112425 1.114150
v -0.843575 3.139925 1.106425
v -0.940925 3.166000 1.097575
v -0.940000 3.022725 1.100075
v -0.935450 2.880625 1.098125
v -0.737950 3.393250 1.094900
v -0.835375 3.423050 1.087525
v -0.840750 3.282450 1.099300
v -0.743600 3.253975 1.106925
v -0.933850 3.450600 1.079275
v -0.938700 3.309075 1.090650
v -1.131850 3.494775 1.059350
v -1.134850 3.352600 1.069625
v -1.036925 3.332800 1.080825
v -1.032875 3.474850 1.069950
v -1.135125 3.209450 1.075800
v -1.038275 3.189550 1.087425
v -1.124850 2.926400 1.076250
v -1.030600 2.905075 1.088000
v -1.036375 3.046475 1.089800
v -1.132025 3.066900 1.077950
v -0.730175 3.529075 1.078150
v -0.827800 3.560450 1.071125
v -0.720600 3.660250 1.056700
v -0.818475 3.693350 1.050150
v -0.918150 3.723450 1.043000
v -0.926850 3.589175 1.063400
v -0.697375 3.903750 0.999925
v -0.796100 3.940500 0.994450
v -0.807775 3.820475 1.024575
v -0.709575 3.785525 1.030625
v -0.897675 3.973650 0.988600
v -0.908275 3.852075 1.018100
v -1.106400 4.024400 0.974600
v -1.113425 3.900850 1.002575
v -1.010375 3.879225 1.010850
v -1.001375 4.002000 0.982100
v -1.120475 3.770425 1.025950
v -1.019025 3.749500 1.035025
v -1.026700 3.614225 1.054725
v -1.126825 3.634550 1.044825
v -1.521225 3.909875 0.953200
v -1.421300 3.921450 0.968575
v -1.421850 4.043925 0.943100
v -1.519500 3.781850 0.973050
v -1.422000 3.791950 0.989300
v -1.322575 3.792700 1.003350
v -1.319575 3.923075 0.981725
v -1.317400 4.046525 0.955425
v -1.516550 3.510800 0.999700
v -1.423150 3.518425 1.017625
v -1.422950 3.657050 1.005550
v -1.518300 3.648275 0.988450
v -1.327550 3.517600 1.033400
v -1.325525 3.657000 1.020500
v -1.226625 3.649175 1.033500
v -1.230275 3.509375 1.047225
v -1.221850 3.785175 1.015475
v -1.212000 4.039625 0.965800
v -1.216725 3.915850 0.992975
v -1.513125 3.371150 1.007175
v -1.421625 3.377700 1.025800
v -1.506925 3.230975 1.011175
v -1.417375 3.236525 1.030375
v -1.325200 3.234050 1.047425
v -1.327725 3.376075 1.042300
v -1.481800 2.955900 1.010175
v -1.396650 2.959375 1.029850
v -1.409375 3.096525 1.031625
v -1.496850 3.092000 1.012050
v -1.308400 2.954800 1.047325
v -1.319050 3.093075 1.049025
v -1.226425 3.082825 1.064425
v -1.217625 2.943375 1.062750
v -1.230950 3.224650 1.062525
v -1.231975 3.367375 1.056850
v -2.039025 2.735475 0.776800
v -2.076500 2.872100 0.779975
v -2.134175 2.847525 0.742900
v -2.094375 2.709225 0.739700
v -2.105150 3.008900 0.781925
v -2.164525 2.986125 0.745100
v -2.220425 2.968125 0.706600
v -2.188575 2.827175 0.704250
v -2.146725 2.686850 0.701075
v -2.137850 3.272425 0.782025
v -2.197900 3.254250 0.746800
v -2.185700 3.122525 0.746350
v -2.125450 3.143225 0.782625
v -2.254250 3.243125 0.709725
v -2.242300 3.107525 0.708375
v -2.356300 3.235975 0.629625
v -2.344825 3.090850 0.626975
v -2.295350 3.097275 0.668600
v -2.307000 3.237550 0.670700
v -2.321775 2.944100 0.624550
v -2.272850 2.954325 0.666450
v -2.242175 2.652200 0.619075
v -2.196000 2.667975 0.660875
v -2.239675 2.810600 0.663975
v -2.287450 2.797350 0.622050
v -2.142875 3.393850 0.780125
v -2.201375 3.378825 0.746450
v -2.141925 3.503625 0.777200
v -2.196450 3.493525 0.746175
v -2.247725 3.495175 0.712825
v -2.256225 3.372750 0.710850
v -2.183425 3.595650 0.746725
v -2.136475 3.597825 0.773600
v -2.228125 3.609150 0.716700
v -2.316775 3.647500 0.644050
v -2.272925 3.627325 0.682350
v -2.342875 3.515400 0.637475
v -2.296525 3.503450 0.676650
v -2.307650 3.373225 0.673075
v -2.355850 3.377850 0.632900
v -2.468300 3.721725 0.458525
v -2.434950 3.704275 0.508975
v -2.499850 3.567375 0.452400
v -2.465525 3.554275 0.502350
v -2.427700 3.541075 0.550050
v -2.398275 3.686050 0.556975
v -2.518725 3.249375 0.444300
v -2.483525 3.244125 0.493625
v -2.481550 3.400450 0.497350
v -2.516475 3.409475 0.447775
v -2.444650 3.239775 0.541000
v -2.443000 3.391875 0.544875
v -2.401025 3.384200 0.590100
v -2.402225 3.236875 0.586350
v -2.386700 3.528025 0.595200
v -2.358725 3.667100 0.602125
v -2.507175 3.088350 0.441650
v -2.472025 3.086575 0.490750
v -2.482350 2.927700 0.439475
v -2.447525 2.929150 0.488400
v -2.409150 2.932025 0.535550
v -2.433225 3.086050 0.538025
v -2.395000 2.612750 0.435275
v -2.361650 2.619825 0.483775
v -2.410575 2.773125 0.486200
v -2.444775 2.768725 0.437475
v -2.325025 2.628500 0.530550
v -2.372925 2.779075 0.533200
v -2.331875 2.787000 0.578475
v -2.285200 2.639175 0.575650
v -2.367225 2.936850 0.580925
v -2.390800 3.087275 0.583425
v -1.424650 4.157725 0.912575
v -1.316950 4.161475 0.924150
v -1.317975 4.268125 0.888125
v -1.429300 4.263100 0.877200
v -1.100050 4.139525 0.941900
v -1.208475 4.154975 0.933825
v -1.094375 4.246475 0.904575
v -1.206000 4.262125 0.897150
v -1.085000 4.436825 0.816725
v -1.203675 4.452675 0.810350
v -1.204450 4.361300 0.855925
v -1.089375 4.345500 0.862825
v -1.323250 4.457500 0.802450
v -1.320175 4.366725 0.847500
v -1.435400 4.360300 0.837200
v -1.442500 4.449600 0.792700
v -0.992575 4.116375 0.948700
v -0.886875 4.086850 0.954550
v -0.876050 4.191900 0.916025
v -0.984075 4.222600 0.910775
v -0.684325 4.013675 0.964650
v -0.783850 4.052175 0.959750
v -0.670825 4.115625 0.924950
v -0.771325 4.155775 0.920650
v -0.643725 4.296775 0.832775
v -0.746575 4.339925 0.829575
v -0.758800 4.251575 0.877200
v -0.657175 4.209875 0.880950
v -0.855200 4.378775 0.826050
v -0.865425 4.289125 0.873150
v -0.976000 4.320950 0.868450
v -0.968425 4.411625 0.821850
v -0.598825 4.576600 0.600950
v -0.706325 4.624375 0.599600
v -0.714500 4.563000 0.662775
v -0.608025 4.516200 0.664500
v -0.822375 4.667300 0.597775
v -0.828950 4.605125 0.660600
v -0.836775 4.536500 0.719650
v -0.724125 4.495325 0.722250
v -0.618800 4.449625 0.724425
v -1.073550 4.729800 0.591825
v -1.075525 4.666950 0.653875
v -0.949825 4.640450 0.657700
v -0.945325 4.703150 0.595250
v -1.078100 4.597325 0.712100
v -0.955250 4.571125 0.716350
v -0.961475 4.494950 0.771125
v -1.081225 4.520700 0.766450
v -0.845575 4.461125 0.774850
v -0.630825 4.376575 0.780550
v -0.734925 4.421075 0.777900
v -1.205375 4.745075 0.587325
v -1.204500 4.682525 0.648875
v -1.339125 4.746825 0.581475
v -1.335175 4.685100 0.642500
v -1.331050 4.616450 0.699775
v -1.203850 4.613075 0.706675
v -1.465975 4.672625 0.634500
v -1.473150 4.732850 0.574150
v -1.458200 4.605525 0.691175
v -1.450250 4.531250 0.743975
v -1.326975 4.540675 0.753150
v -1.203525 4.536550 0.760550
v -1.618650 3.887250 0.935325
v -1.712400 3.855275 0.915325
v -1.705925 3.732325 0.933475
v -1.614450 3.761375 0.954350
v -1.883975 3.770250 0.870600
v -1.801225 3.815700 0.893625
v -1.874800 3.655600 0.886450
v -1.793025 3.696450 0.910725
v -1.858700 3.404175 0.905750
v -1.778600 3.438550 0.932275
v -1.786000 3.570150 0.923450
v -1.867025 3.532950 0.897975
v -1.694625 3.469025 0.956875
v -1.700450 3.602975 0.947175
v -1.611025 3.629625 0.968900
v -1.607150 3.493725 0.979400
v -1.959425 3.720625 0.846625
v -2.026700 3.671300 0.822375
v -2.019800 3.568450 0.834200
v -1.950350 3.611525 0.860900
v -2.084975 3.626700 0.798425
v -2.083350 3.530525 0.806425
v -2.074025 3.299150 0.815575
v -2.080500 3.420250 0.812050
v -2.006300 3.331800 0.847375
v -2.013950 3.454550 0.842300
v -1.942900 3.493275 0.870925
v -1.934550 3.367700 0.877450
v -1.980675 2.765950 0.812375
v -2.015575 2.901350 0.815450
v -1.919250 2.798975 0.846325
v -1.951375 2.933550 0.849275
v -1.975975 3.068850 0.850600
v -2.042275 3.037100 0.817125
v -1.786875 2.865925 0.908950
v -1.813150 2.999875 0.911550
v -1.883925 2.966975 0.881350
v -1.854675 2.832875 0.878550
v -1.833025 3.135600 0.912150
v -1.906225 3.102300 0.882325
v -1.922700 3.236625 0.881125
v -1.847775 3.271050 0.910350
v -1.993950 3.202425 0.850050
v -2.061525 3.170575 0.817200
v -1.715775 2.896425 0.937400
v -1.739075 3.030575 0.939825
v -1.641275 2.922725 0.963850
v -1.661675 3.057300 0.966075
v -1.676525 3.194400 0.965925
v -1.756450 3.166900 0.940050
v -1.580950 3.078350 0.990175
v -1.563300 2.943125 0.988125
v -1.593325 3.216350 0.989650
v -1.601650 3.355400 0.986200
v -1.687075 3.332250 0.963000
v -1.769175 3.303525 0.937675
v -1.725825 1.373975 0.002700
v -1.724100 1.375650 0.053925
v -1.854500 1.521600 0.054900
v -1.856325 1.520050 0.002700
v -1.719150 1.380525 0.104950
v -1.849250 1.526125 0.106900
v -1.972350 1.672000 0.108625
v -1.977875 1.667900 0.055775
v -1.979800 1.666500 0.002700
v -1.700725 1.399375 0.205825
v -1.829525 1.543475 0.209625
v -1.840850 1.533450 0.158550
v -1.711275 1.388475 0.155650
v -1.951375 1.687750 0.213000
v -1.963425 1.678650 0.161100
v -2.171225 1.979600 0.218625
v -2.184600 1.972525 0.165375
v -2.078275 1.824775 0.163375
v -2.065525 1.832900 0.216000
v -2.194425 1.967400 0.111500
v -2.087675 1.818850 0.110175
v -2.202600 1.963225 0.002700
v -2.095500 1.813975 0.002700
v -2.093475 1.815225 0.056525
v -2.200500 1.964275 0.057200
v -1.687750 1.413075 0.255325
v -1.815525 1.556075 0.259950
v -1.672600 1.429450 0.303950
v -1.799125 1.571075 0.309350
v -1.918800 1.712800 0.314225
v -1.936425 1.699175 0.264100
v -1.760050 1.607825 0.404650
v -1.780550 1.588375 0.357650
v -1.655575 1.448350 0.351550
v -1.876500 1.746175 0.410750
v -1.898750 1.728525 0.363175
v -2.086500 2.025725 0.421175
v -2.111925 2.011650 0.372525
v -2.009450 1.869400 0.368125
v -1.985550 1.885275 0.416250
v -2.134675 1.999200 0.322400
v -2.030900 1.855300 0.318575
v -2.049675 1.843100 0.267775
v -2.154500 1.988500 0.271025
v -2.425075 2.606900 0.385025
v -2.362750 2.452875 0.382625
v -2.333575 2.461025 0.432550
v -2.451650 2.602175 0.333250
v -2.388600 2.446025 0.331175
v -2.314250 2.293900 0.328675
v -2.289300 2.302750 0.379750
v -2.261225 2.313025 0.429300
v -2.493775 2.595700 0.225975
v -2.429700 2.435900 0.224575
v -2.410975 2.440375 0.278425
v -2.474600 2.598500 0.280150
v -2.354050 2.280400 0.222900
v -2.335900 2.286450 0.276325
v -2.250175 2.136050 0.273875
v -2.267650 2.128525 0.220925
v -2.229375 2.145200 0.325775
v -2.178625 2.168125 0.425525
v -2.205450 2.155875 0.376375
v -2.508975 2.593725 0.170925
v -2.444550 2.432500 0.169875
v -2.520025 2.592475 0.115225
v -2.455425 2.430175 0.114500
v -2.379075 2.272375 0.113650
v -2.368525 2.275700 0.168600
v -2.529125 2.591600 0.002700
v -2.464350 2.428375 0.002700
v -2.462075 2.428825 0.058725
v -2.526800 2.591775 0.059075
v -2.387800 2.269725 0.002700
v -2.385575 2.270375 0.058300
v -2.298125 2.115775 0.057800
v -2.300300 2.114900 0.002700
v -2.291825 2.118350 0.112650
v -2.281600 2.122600 0.167100
v -0.602275 3.864550 1.005325
v -0.589200 3.972600 0.969550
v -0.510325 3.824700 1.010550
v -0.497925 3.930875 0.974275
v -0.484850 4.029400 0.933450
v -0.575550 4.072850 0.929275
v -0.334175 3.750275 1.019700
v -0.324650 3.852875 0.982675
v -0.409900 3.890325 0.978700
v -0.421125 3.786025 1.015375
v -0.314525 3.948325 0.940900
v -0.398050 3.987250 0.937375
v -0.293775 4.118400 0.844050
v -0.373800 4.159750 0.841625
v -0.385900 4.076975 0.891625
v -0.304150 4.036775 0.894625
v -0.458225 4.204650 0.838875
v -0.471475 4.120575 0.888250
v -0.561650 4.165550 0.884675
v -0.547900 4.251000 0.835900
v -0.249050 3.719300 1.023325
v -0.241575 3.820425 0.986025
v -0.165275 3.694850 1.026125
v -0.160125 3.794800 0.988625
v -0.154650 3.887975 0.946175
v -0.233600 3.914575 0.943875
v 0.000000 3.672775 1.028575
v 0.000000 3.771675 0.990900
v -0.079800 3.777925 0.990300
v -0.082400 3.678750 1.027925
v 0.000000 3.863950 0.948225
v -0.077000 3.870450 0.947675
v 0.000000 4.028950 0.849025
v -0.071250 4.035825 0.848675
v -0.074125 3.956375 0.900350
v 0.000000 3.949700 0.900825
v -0.143375 4.054375 0.847650
v -0.149025 3.974475 0.899100
v -0.225425 4.001925 0.897150
v -0.217250 4.082575 0.846100
v 0.000000 4.282525 0.604225
v -0.061425 4.290025 0.604225
v -0.063450 4.235850 0.670375
v 0.000000 4.228525 0.670450
v -0.124125 4.310300 0.604175
v -0.128100 4.255675 0.670125
v -0.132750 4.194900 0.732875
v -0.065825 4.175475 0.733350
v 0.000000 4.168300 0.733525
v -0.258475 4.380400 0.603775
v -0.265775 4.324225 0.669075
v -0.195150 4.285850 0.669700
v -0.189375 4.341175 0.604050
v -0.274300 4.261950 0.731050
v -0.201875 4.224425 0.732100
v -0.209325 4.156700 0.791000
v -0.283725 4.193400 0.789450
v -0.137900 4.127825 0.792150
v 0.000000 4.101800 0.793150
v -0.068450 4.108825 0.792900
v -0.332700 4.425775 0.603375
v -0.341200 4.368600 0.668275
v -0.413300 4.475075 0.602800
v -0.422575 4.416825 0.667225
v -0.433375 4.352500 0.728175
v -0.351100 4.305350 0.729725
v -0.511125 4.466750 0.666000
v -0.501600 4.526075 0.602000
v -0.522250 4.401300 0.726400
v -0.534650 4.329475 0.783075
v -0.445400 4.281875 0.785450
v -0.362075 4.235800 0.787575
v -0.512375 0.924900 0.664950
v -0.516000 1.009650 0.704225
v -0.427975 0.876525 0.661850
v -0.432325 0.963250 0.701325
v -0.437475 1.054625 0.740050
v -0.520550 1.099075 0.742750
v -0.273825 0.806625 0.657675
v -0.277975 0.895825 0.697275
v -0.353225 0.925475 0.699025
v -0.348750 0.837300 0.659450
v -0.282725 0.989550 0.736175
v -0.358425 1.018275 0.737875
v -0.293825 1.190775 0.811550
v -0.370825 1.217700 0.813125
v -0.364300 1.115675 0.775925
v -0.288025 1.087875 0.774275
v -0.450225 1.251350 0.815025
v -0.443450 1.150650 0.777975
v -0.526025 1.193200 0.780475
v -0.532450 1.292000 0.817250
v -0.202350 0.783875 0.656425
v -0.205800 0.873700 0.696050
v -0.133475 0.768425 0.655625
v -0.135925 0.858625 0.695225
v -0.138675 0.953250 0.734075
v -0.209700 0.968050 0.734925
v 0.000000 0.756925 0.655125
v 0.000000 0.847300 0.694675
v -0.067575 0.850000 0.694800
v -0.066300 0.759650 0.655225
v 0.000000 0.942075 0.733450
v -0.069000 0.944750 0.733600
v 0.000000 1.145050 0.808675
v -0.072275 1.147725 0.808875
v -0.070575 1.043975 0.771650
v 0.000000 1.041300 0.771475
v -0.145025 1.156075 0.809400
v -0.141725 1.052375 0.772150
v -0.214025 1.066900 0.773025
v -0.218700 1.170325 0.810300
v 0.000000 1.606725 0.948800
v -0.079925 1.609400 0.949000
v -0.077900 1.486875 0.915350
v 0.000000 1.484175 0.915125
v -0.160000 1.617400 0.949500
v -0.156050 1.494950 0.915875
v -0.152200 1.377300 0.881300
v -0.075950 1.369125 0.880750
v 0.000000 1.366425 0.880525
v -0.321300 1.648925 0.951000
v -0.313875 1.527350 0.917700
v -0.234625 1.508450 0.916700
v -0.240400 1.630575 0.950200
v -0.306800 1.410500 0.883300
v -0.229050 1.391075 0.882175
v -0.223725 1.278375 0.846700
v -0.300100 1.298325 0.847900
v -0.148525 1.264350 0.845800
v 0.000000 1.253400 0.845050
v -0.074075 1.256100 0.845250
v -0.402825 1.672325 0.951825
v -0.394000 1.551650 0.918800
v -0.485175 1.700700 0.952550
v -0.475275 1.581375 0.919925
v -0.466150 1.466700 0.886075
v -0.385725 1.435675 0.884625
v -0.557875 1.616500 0.921025
v -0.568475 1.734000 0.953100
v -0.548350 1.503650 0.887625
v -0.539875 1.395500 0.853000
v -0.457800 1.356700 0.851075
v -0.377975 1.324350 0.849375
v -0.649950 2.801075 1.120250
v -0.651900 2.943025 1.123075
v -0.555925 2.776050 1.125300
v -0.557350 2.917125 1.128575
v -0.556325 3.057350 1.126675
v -0.651100 3.084575 1.120900
v -0.369425 2.732600 1.132475
v -0.370100 2.871400 1.136625
v -0.463450 2.893000 1.133050
v -0.462450 2.753000 1.129350
v -0.369100 3.008525 1.135475
v -0.462375 3.031675 1.131525
v -0.362475 3.274425 1.117425
v -0.454625 3.301575 1.112975
v -0.459375 3.168175 1.124825
v -0.366500 3.143125 1.129050
v -0.547775 3.331250 1.107700
v -0.553075 3.195725 1.119700
v -0.647750 3.224700 1.113725
v -0.642150 3.362250 1.101650
v -0.276750 2.715500 1.134750
v -0.277200 2.853175 1.139275
v -0.184350 2.702425 1.136250
v -0.184600 2.839125 1.141125
v -0.184000 2.973525 1.140625
v -0.276350 2.988825 1.138500
v 0.000000 2.691025 1.137350
v 0.000000 2.826750 1.142525
v -0.092250 2.830050 1.142175
v -0.092125 2.694050 1.137100
v 0.000000 2.959950 1.142325
v -0.091925 2.963575 1.141900
v 0.000000 3.216375 1.125825
v -0.090125 3.220800 1.125275
v -0.091225 3.094025 1.136250
v 0.000000 3.090025 1.136750
v -0.180425 3.232775 1.123625
v -0.182600 3.104950 1.134800
v -0.274300 3.121675 1.132375
v -0.271150 3.251075 1.121000
v -0.084775 3.572825 1.060250
v 0.000000 3.567225 1.060900
v -0.169925 3.588025 1.058400
v -0.174050 3.474950 1.085425
v -0.086875 3.460800 1.087250
v 0.000000 3.455575 1.087900
v -0.342850 3.640325 1.051725
v -0.255825 3.611075 1.055500
v -0.350525 3.523825 1.078725
v -0.261825 3.496475 1.082525
v -0.266975 3.376250 1.104375
v -0.357125 3.401575 1.100625
v -0.177575 3.356325 1.107175
v 0.000000 3.338425 1.109550
v -0.088650 3.343250 1.108925
v -0.431350 3.674075 1.047200
v -0.521725 3.710650 1.042075
v -0.531900 3.589725 1.068825
v -0.440450 3.555425 1.074100
v -0.614350 3.748375 1.036500
v -0.625200 3.625175 1.062975
v -0.634550 3.496100 1.084700
v -0.540650 3.462925 1.090700
v -0.448275 3.430950 1.096050
v -0.645525 0.344975 0.002700
v -0.539400 0.261050 0.002700
v -0.538625 0.263500 0.044175
v -0.644625 0.347325 0.044900
v -0.443450 0.190575 0.002700
v -0.442775 0.193150 0.043600
v -0.441000 0.200950 0.084500
v -0.536550 0.270950 0.085650
v -0.642250 0.354425 0.087100
v -0.276250 0.087275 0.002700
v -0.275800 0.090075 0.042825
v -0.355650 0.135575 0.043150
v -0.356225 0.132875 0.002700
v -0.274625 0.098550 0.083000
v -0.354200 0.143725 0.083625
v -0.270925 0.132525 0.163600
v -0.349475 0.176500 0.164800
v -0.352050 0.157350 0.124175
v -0.272950 0.112700 0.123250
v -0.435275 0.232425 0.166475
v -0.438425 0.214000 0.125450
v -0.634300 0.383225 0.171450
v -0.638700 0.366375 0.129275
v -0.533475 0.283425 0.127150
v -0.529725 0.301050 0.168675
v -0.202100 0.053025 0.002700
v -0.201775 0.055950 0.042600
v -0.132325 0.029450 0.002700
v -0.132075 0.032450 0.042475
v -0.131500 0.041450 0.082300
v -0.200900 0.064700 0.082575
v 0.000000 0.011575 0.002700
v 0.000000 0.014650 0.042400
v -0.065325 0.018925 0.042400
v -0.065425 0.015875 0.002700
v 0.000000 0.023850 0.082125
v -0.065025 0.028075 0.082175
v 0.000000 0.060425 0.161950
v -0.064125 0.064450 0.162025
v -0.064600 0.043250 0.122025
v 0.000000 0.039125 0.121975
v -0.129675 0.077275 0.162275
v -0.130675 0.056400 0.122225
v -0.199625 0.079300 0.122600
v -0.198125 0.099700 0.162775
v 0.000000 0.204875 0.324325
v -0.062400 0.208325 0.324425
v -0.062675 0.163575 0.283375
v 0.000000 0.159975 0.283275
v -0.126150 0.219600 0.324825
v -0.126775 0.175250 0.283750
v -0.127625 0.136725 0.242975
v -0.063100 0.124650 0.242650
v 0.000000 0.120900 0.242550
v -0.263250 0.269150 0.327000
v -0.264725 0.226375 0.285775
v -0.193650 0.195900 0.284500
v -0.192650 0.239575 0.325650
v -0.266625 0.189350 0.244825
v -0.195000 0.158025 0.243675
v -0.196525 0.125950 0.203125
v -0.268750 0.158075 0.204125
v -0.128625 0.104075 0.202500
v 0.000000 0.087700 0.202150
v -0.063600 0.091575 0.202200
v -0.339350 0.309225 0.328975
v -0.341400 0.267525 0.287625
v -0.422300 0.360650 0.331725
v -0.425050 0.320275 0.290200
v -0.428325 0.285475 0.248825
v -0.343925 0.231550 0.246500
v -0.618975 0.463950 0.297825
v -0.517125 0.385450 0.293550
v -0.513450 0.424325 0.335325
v -0.624100 0.431925 0.255725
v -0.521250 0.352000 0.251875
v -0.525550 0.323900 0.210250
v -0.629325 0.405050 0.213600
v -0.431825 0.256225 0.207600
v -0.346700 0.201225 0.205575
v 0.000000 1.734150 0.981525
v -0.081975 1.736800 0.981700
v 0.000000 1.865600 1.012725
v -0.084000 1.868225 1.012875
v -0.168050 1.875900 1.013150
v -0.164050 1.744625 0.982100
v 0.000000 2.137150 1.068400
v -0.087700 2.139750 1.068450
v -0.085925 2.002825 1.041975
v 0.000000 2.000225 1.041875
v -0.175475 2.147225 1.068425
v -0.171900 2.010375 1.042100
v -0.351350 2.175425 1.067650
v -0.344300 2.039150 1.042025
v -0.258025 2.022575 1.042175
v -0.263325 2.159225 1.068200
v -0.336775 1.905525 1.013700
v -0.252300 1.888400 1.013475
v -0.246350 1.757475 0.982625
v -0.329025 1.775200 0.983175
v 0.000000 2.275550 1.091775
v -0.089275 2.278200 1.091750
v 0.000000 2.414575 1.111425
v -0.090600 2.417275 1.111325
v -0.181225 2.424900 1.110925
v -0.178625 2.285675 1.091525
v -0.091550 2.556175 1.126625
v 0.000000 2.553350 1.126800
v -0.183200 2.564075 1.126000
v -0.366950 2.592875 1.122975
v -0.274975 2.576525 1.124825
v -0.362950 2.452975 1.108650
v -0.272000 2.436950 1.110050
v -0.268050 2.297600 1.091000
v -0.357650 2.313600 1.090025
v -0.738500 2.686325 1.106750
v -0.644925 2.659925 1.112350
v -0.729650 2.547050 1.094900
v -0.637400 2.520000 1.099800
v -0.545600 2.494975 1.103650
v -0.551875 2.635150 1.116825
v -0.706050 2.275475 1.059450
v -0.616875 2.245850 1.062675
v -0.627875 2.381800 1.083100
v -0.718625 2.409950 1.079000
v -0.528075 2.219075 1.065025
v -0.537525 2.356100 1.086200
v -0.447450 2.333225 1.088475
v -0.439600 2.195475 1.066650
v -0.454125 2.472475 1.106550
v -0.459225 2.612625 1.120350
v -0.692575 2.144050 1.036700
v -0.604925 2.112600 1.039000
v -0.678800 2.016075 1.011150
v -0.592525 1.982550 1.012550
v -0.506800 1.952800 1.013350
v -0.517700 2.084450 1.040575
v -0.580200 1.856175 0.983750
v -0.665375 1.891950 0.983225
v -0.495825 1.824700 0.983850
v -0.412125 1.797675 0.983625
v -0.421575 1.927075 1.013700
v -0.430850 2.059875 1.041550
v -0.751475 1.931875 0.982150
v -0.765750 2.053175 1.009025
v -0.852250 2.092250 1.006025
v -0.837225 1.974425 0.980375
v -0.795650 2.307650 1.055225
v -0.780725 2.178550 1.033525
v -0.884875 2.340750 1.049825
v -0.868450 2.214450 1.029275
v -1.059250 2.403375 1.034625
v -1.038900 2.284075 1.016825
v -0.954800 2.250175 1.023775
v -0.973000 2.373200 1.043025
v -1.019550 2.169975 0.996550
v -0.937225 2.131725 1.001925
v -0.921400 2.018075 0.977700
v -1.002725 2.061300 0.974000
v -0.809750 2.440150 1.073800
v -0.822350 2.575650 1.088825
v -0.914925 2.604375 1.081425
v -0.900650 2.470825 1.067300
v -0.832650 2.713825 1.099950
v -0.926800 2.741075 1.091800
v -1.112925 2.789450 1.070825
v -1.020425 2.766725 1.082150
v -1.097325 2.656425 1.061875
v -1.006775 2.631775 1.072500
v -0.990650 2.500500 1.059350
v -1.079075 2.527600 1.049725
v -1.460650 2.824350 1.005825
v -1.378200 2.826700 1.025325
v -1.434450 2.698050 0.999275
v -1.355100 2.699175 1.018300
v -1.272075 2.691600 1.034975
v -1.292375 2.820775 1.042550
v -1.370875 2.464150 0.980575
v -1.299350 2.462275 0.997725
v -1.328450 2.577475 1.009025
v -1.404200 2.577750 0.990775
v -1.223125 2.450075 1.012275
v -1.248600 2.567850 1.024800
v -1.165275 2.550650 1.038275
v -1.142850 2.429725 1.024475
v -1.185950 2.676850 1.049425
v -1.203775 2.807925 1.057675
v -1.335550 2.357925 0.968925
v -1.268900 2.354225 0.984675
v -1.300250 2.261800 0.956700
v -1.239575 2.255275 0.970350
v -1.171875 2.234900 0.981125
v -1.196725 2.338850 0.997650
v -1.213950 2.167300 0.955300
v -1.267050 2.178500 0.944675
v -1.151050 2.138900 0.962900
v -1.079950 2.102550 0.969100
v -1.098150 2.205425 0.989750
v -1.119800 2.314575 1.008250
v -1.308650 2.163300 0.929350
v -1.352825 2.249800 0.939375
v -1.399675 2.223950 0.918675
v -1.344175 2.130800 0.909775
v -1.437000 2.453525 0.960525
v -1.395925 2.347175 0.950075
v -1.498400 2.432725 0.937750
v -1.451050 2.324825 0.928250
v -1.609750 2.369700 0.884700
v -1.549850 2.256525 0.876500
v -1.502000 2.293650 0.903675
v -1.555750 2.404025 0.912425
v -1.484300 2.148025 0.868125
v -1.443150 2.188950 0.894850
v -1.378925 2.090125 0.886550
v -1.413125 2.044300 0.860075
v -1.475175 2.566950 0.969825
v -1.509550 2.686775 0.977675
v -1.580625 2.667075 0.953700
v -1.541825 2.546975 0.946325
v -1.539200 2.812375 0.983875
v -1.614000 2.792475 0.959625
v -1.752925 2.735725 0.904700
v -1.685200 2.766375 0.933200
v -1.711750 2.609500 0.899050
v -1.647925 2.640725 0.927450
v -1.604600 2.519825 0.920425
v -1.663875 2.487425 0.892300
v -1.992225 2.601625 0.772450
v -1.936850 2.633500 0.808000
v -1.936650 2.470550 0.767075
v -1.884575 2.503975 0.802550
v -1.829850 2.539400 0.836475
v -1.878600 2.667600 0.841975
v -1.801125 2.216400 0.753925
v -1.756525 2.253675 0.789150
v -1.824300 2.377375 0.796200
v -1.872775 2.342150 0.760850
v -1.709900 2.292800 0.822850
v -1.773475 2.414475 0.830025
v -1.720075 2.451725 0.862100
v -1.661050 2.332050 0.854775
v -1.772325 2.575150 0.868675
v -1.817325 2.702225 0.874250
v -1.722175 2.093225 0.746475
v -1.681675 2.132900 0.781600
v -1.636450 1.972600 0.738625
v -1.600225 2.014975 0.773700
v -1.562800 2.059425 0.807200
v -1.639525 2.174450 0.815150
v -1.512625 1.899950 0.765675
v -1.544450 1.854475 0.730550
v -1.480075 1.947750 0.799225
v -1.446850 1.996350 0.830825
v -1.524175 2.104300 0.838800
v -1.595650 2.216225 0.846900
v -1.524525 1.307800 0.344825
v -1.539975 1.287250 0.297975
v -1.403425 1.146350 0.291600
v -1.389625 1.168575 0.337700
v -1.565750 1.254750 0.201625
v -1.553800 1.269525 0.250175
v -1.426825 1.111425 0.197100
v -1.415925 1.127275 0.244700
v -1.145950 0.836225 0.187750
v -1.137175 0.854100 0.233325
v -1.276325 0.988175 0.239025
v -1.286150 0.971325 0.192425
v -1.127325 0.875850 0.278475
v -1.265150 1.008600 0.285050
v -1.252950 1.032525 0.330375
v -1.116700 0.901450 0.323075
v -1.575525 1.243025 0.152425
v -1.582850 1.234500 0.102775
v -1.442600 1.089900 0.100450
v -1.435800 1.098950 0.148975
v -1.589125 1.227525 0.002700
v -1.587475 1.229300 0.052825
v -1.448425 1.082550 0.002700
v -1.446900 1.084400 0.051650
v -1.164025 0.804225 0.002700
v -1.162700 0.806250 0.049175
v -1.304550 0.942775 0.050425
v -1.305975 0.940825 0.002700
v -1.159025 0.812275 0.095575
v -1.300575 0.948550 0.098025
v -1.294325 0.958075 0.145400
v -1.153350 0.822275 0.141800
v -0.762275 0.445325 0.045800
v -0.763275 0.443075 0.002700
v -0.759575 0.452125 0.088875
v -0.886300 0.562225 0.090950
v -0.889325 0.555700 0.046850
v -0.890450 0.553525 0.002700
v -0.750400 0.479650 0.174875
v -0.755525 0.463550 0.131900
v -0.875875 0.588550 0.178825
v -0.881725 0.573175 0.134950
v -1.015075 0.693350 0.138275
v -1.008475 0.708025 0.183150
v -1.020200 0.682875 0.093200
v -1.024750 0.674525 0.002700
v -1.023550 0.676600 0.047975
v -0.744575 0.500500 0.217750
v -0.738325 0.526150 0.260500
v -0.861725 0.632775 0.266000
v -0.869100 0.608400 0.222525
v -0.732000 0.556650 0.303125
v -0.854075 0.661675 0.309225
v -0.983025 0.777225 0.315950
v -0.992125 0.749950 0.272050
v -1.000700 0.726875 0.227775
v -1.614750 4.752575 0.502175
v -1.747175 4.698025 0.492300
v -1.622300 4.797625 0.436300
v -1.757100 4.740750 0.427625
v -1.887250 4.664600 0.417825
v -1.874900 4.624625 0.481150
v -1.633375 4.867650 0.297400
v -1.771750 4.807250 0.291400
v -1.765275 4.777175 0.360525
v -1.628475 4.836000 0.367900
v -1.905575 4.727000 0.284600
v -1.897450 4.698775 0.352175
v -2.152350 4.515125 0.269825
v -2.140900 4.491075 0.334025
v -2.023250 4.602725 0.343225
v -2.033050 4.628975 0.277325
v -2.126700 4.462200 0.396475
v -2.011025 4.571100 0.407300
v -1.996300 4.534250 0.469175
v -2.109650 4.428700 0.456850
v -1.637050 4.892475 0.225200
v -1.776650 4.830825 0.220625
v -1.639600 4.910325 0.151725
v -1.780025 4.847800 0.148675
v -1.916025 4.765225 0.145200
v -1.911750 4.749200 0.215475
v -1.641525 4.924750 0.002700
v -1.782600 4.861525 0.002700
v -1.781975 4.858075 0.075900
v -1.641050 4.921100 0.077425
v -1.919300 4.778200 0.002700
v -1.918500 4.774925 0.074150
v -2.172100 4.559375 0.002700
v -2.170900 4.556500 0.070350
v -2.048775 4.673725 0.072275
v -2.049775 4.676800 0.002700
v -2.167275 4.548025 0.137650
v -2.045725 4.664600 0.141475
v -2.040500 4.649650 0.209950
v -2.161125 4.534175 0.204250
v -2.542225 3.970625 0.002700
v -2.540325 3.968650 0.063500
v -2.469600 4.129350 0.064950
v -2.471350 4.131575 0.002700
v -2.534650 3.963075 0.124050
v -2.464350 4.123000 0.126900
v -2.378450 4.275175 0.130225
v -2.383200 4.282275 0.066600
v -2.384775 4.284725 0.002700
v -2.511900 3.942325 0.243225
v -2.443275 4.099100 0.248800
v -2.455575 4.112825 0.188275
v -2.525175 3.954200 0.184050
v -2.359275 4.248175 0.255300
v -2.370500 4.263725 0.193200
v -2.271725 4.404875 0.198600
v -2.261700 4.387525 0.262400
v -2.278800 4.417550 0.133850
v -2.284400 4.428000 0.002700
v -2.283000 4.425325 0.068425
v -2.494900 3.927775 0.301325
v -2.427425 4.082125 0.308175
v -2.474125 3.910875 0.358100
v -2.407975 4.062200 0.366125
v -2.326900 4.205825 0.375475
v -2.344750 4.228775 0.316150
v -2.384975 4.039625 0.422375
v -2.449600 3.891925 0.413225
v -2.305675 4.179525 0.433000
v -2.213325 4.309850 0.444625
v -2.232550 4.339800 0.385725
v -2.248650 4.365750 0.324875
v -2.497850 3.738325 0.406050
v -2.523575 3.753750 0.351750
v -2.556950 3.592175 0.346850
v -2.530325 3.580100 0.400500
v -2.563375 3.779850 0.238825
v -2.545425 3.767700 0.295925
v -2.598275 3.613050 0.235425
v -2.579600 3.603250 0.291750
v -2.620800 3.271725 0.230900
v -2.601300 3.266475 0.286200
v -2.598025 3.435725 0.288575
v -2.617225 3.443225 0.232825
v -2.577700 3.260825 0.340375
v -2.574800 3.427425 0.343150
v -2.547575 3.418575 0.396300
v -2.550150 3.255050 0.393150
v -2.577400 3.789875 0.180700
v -2.587450 3.797425 0.121800
v -2.623400 3.627450 0.120050
v -2.612900 3.621200 0.178100
v -2.595550 3.803950 0.002700
v -2.593525 3.802225 0.062375
v -2.631900 3.632875 0.002700
v -2.629775 3.631450 0.061500
v -2.656250 3.283125 0.002700
v -2.653975 3.282250 0.060325
v -2.649700 3.457650 0.060825
v -2.651925 3.458825 0.002700
v -2.647250 3.279875 0.117725
v -2.643125 3.454475 0.118725
v -2.632275 3.449550 0.176125
v -2.636150 3.276275 0.174650
v -2.579000 2.759975 0.059375
v -2.581325 2.760050 0.002700
v -2.572150 2.759950 0.115800
v -2.611125 2.931250 0.116350
v -2.618000 2.932050 0.059650
v -2.620325 2.932375 0.002700
v -2.545525 2.760525 0.227125
v -2.560950 2.760075 0.171800
v -2.584350 2.929025 0.228225
v -2.599875 2.930175 0.172625
v -2.625150 3.102700 0.173525
v -2.609650 3.099875 0.229425
v -2.636375 3.105000 0.116975
v -2.645525 3.107175 0.002700
v -2.643200 3.106575 0.059950
v -2.526050 2.761475 0.281600
v -2.502675 2.763050 0.334950
v -2.541075 2.927325 0.336525
v -2.564700 2.928025 0.282925
v -2.475525 2.765425 0.386975
v -2.513575 2.927150 0.388775
v -2.538625 3.090800 0.390750
v -2.566275 3.093700 0.338250
v -2.590000 3.096800 0.284400
v -0.591575 4.631125 0.533875
v -0.699850 4.679775 0.532850
v -0.586000 4.679475 0.463700
v -0.694925 4.728825 0.462950
v -0.813275 4.772825 0.461725
v -0.817200 4.723300 0.531325
v -0.579075 4.756275 0.315900
v -0.688825 4.806675 0.315500
v -0.691325 4.771250 0.390350
v -0.581900 4.721300 0.390900
v -0.808500 4.851225 0.314775
v -0.810425 4.815575 0.389375
v -1.070350 4.913650 0.311850
v -1.070625 4.878275 0.385725
v -0.937475 4.852000 0.387875
v -0.936275 4.887650 0.313575
v -1.071175 4.835700 0.457300
v -0.939275 4.809200 0.459900
v -0.941875 4.759500 0.529175
v -1.072125 4.786125 0.526175
v -0.577275 4.784050 0.239150
v -0.687250 4.834825 0.238875
v -0.576250 4.804325 0.161075
v -0.686400 4.855350 0.160900
v -0.806675 4.900100 0.160550
v -0.807300 4.879525 0.238350
v -0.575775 4.821000 0.002700
v -0.686000 4.872225 0.002700
v -0.686050 4.867925 0.082025
v -0.575825 4.816750 0.082100
v -0.806400 4.917000 0.002700
v -0.806425 4.912700 0.081850
v -1.070550 4.978300 0.002700
v -1.070475 4.974100 0.081125
v -0.935175 4.948850 0.081575
v -0.935200 4.953100 0.002700
v -1.070375 4.961775 0.159100
v -0.935275 4.936350 0.159975
v -0.935600 4.915850 0.237450
v -1.070300 4.941550 0.236150
v -1.497625 4.961975 0.078700
v -1.497975 4.965775 0.002700
v -1.496600 4.950700 0.154250
v -1.352850 4.971225 0.156300
v -1.353525 4.982925 0.079725
v -1.353750 4.986875 0.002700
v -1.492225 4.906225 0.302325
v -1.494800 4.932075 0.228950
v -1.350125 4.925200 0.306325
v -1.351725 4.951950 0.231975
v -1.209625 4.954350 0.234350
v -1.208900 4.926925 0.309450
v -1.210175 4.974175 0.157900
v -1.210675 4.990300 0.002700
v -1.210525 4.986225 0.080525
v -1.488800 4.873250 0.373975
v -1.484525 4.833275 0.443450
v -1.345575 4.850000 0.449250
v -1.348075 4.891175 0.378900
v -1.479300 4.786450 0.510325
v -1.342575 4.801825 0.516925
v -1.206275 4.800975 0.522150
v -1.207200 4.850050 0.453800
v -1.208075 4.892100 0.382775
v -1.737850 1.629300 0.450150
v -1.714100 1.653000 0.494200
v -1.826225 1.787200 0.501225
v -1.852275 1.765650 0.456750
v -1.662325 1.708000 0.578150
v -1.688900 1.679150 0.536850
v -1.768900 1.837400 0.585800
v -1.798400 1.811050 0.544225
v -1.960850 2.100450 0.599475
v -1.995675 2.078500 0.557250
v -1.900875 1.944025 0.551025
v -1.868625 1.968125 0.592925
v -2.028275 2.058925 0.513475
v -1.931175 1.922350 0.507650
v -1.959425 1.902850 0.462750
v -2.058575 2.041400 0.468150
v -1.634475 1.739725 0.618125
v -1.605500 1.774575 0.656825
v -1.705375 1.898600 0.664800
v -1.737875 1.866525 0.625975
v -1.575450 1.812750 0.694275
v -1.671550 1.933875 0.702325
v -1.843950 2.182675 0.717400
v -1.761225 2.057150 0.710075
v -1.884900 2.152275 0.679500
v -1.798725 2.024450 0.672400
v -1.834550 1.994850 0.633350
v -1.923900 2.124950 0.640225
v -2.044925 2.573700 0.735425
v -2.094850 2.549375 0.696925
v -2.033550 2.414575 0.691875
v -1.986350 2.440850 0.730200
v -2.186225 2.510250 0.615275
v -2.141975 2.528350 0.656875
v -2.120275 2.371200 0.610725
v -2.078225 2.391450 0.652050
v -2.005325 2.257075 0.646475
v -2.044950 2.234700 0.605425
v -1.963375 2.282250 0.686025
v -1.919175 2.310525 0.724150
v -2.227575 2.494800 0.572075
v -2.265950 2.481675 0.527250
v -2.196350 2.338100 0.523300
v -2.159675 2.353500 0.567800
v -2.301300 2.470525 0.480750
v -2.230225 2.324700 0.477150
v -2.149075 2.181850 0.472950
v -2.116900 2.197350 0.518700
v -2.082175 2.214875 0.562850
v 0.000000 4.330350 0.535200
v -0.059800 4.338050 0.535250
v 0.000000 4.372000 0.463700
v -0.058550 4.379900 0.463775
v -0.118525 4.401250 0.463950
v -0.120950 4.358875 0.535325
v 0.000000 4.436475 0.314725
v -0.057000 4.444775 0.314825
v -0.057650 4.415500 0.390200
v 0.000000 4.407400 0.390100
v -0.115450 4.467175 0.315025
v -0.116725 4.437400 0.390400
v -0.242625 4.544175 0.315600
v -0.244950 4.512750 0.390925
v -0.178675 4.470625 0.390650
v -0.176850 4.501150 0.315300
v -0.248225 4.474850 0.464325
v -0.181275 4.433700 0.464150
v -0.184800 4.390500 0.535400
v -0.252675 4.430675 0.535400
v 0.000000 4.459175 0.237950
v -0.056575 4.467650 0.238025
v 0.000000 4.475450 0.160125
v -0.056350 4.484075 0.160175
v -0.114175 4.507300 0.160325
v -0.114650 4.490500 0.238225
v 0.000000 4.488575 0.002700
v -0.056225 4.497325 0.002700
v -0.056250 4.494000 0.081625
v 0.000000 4.485275 0.081600
v -0.113950 4.520850 0.002700
v -0.113975 4.517450 0.081700
v -0.239900 4.601475 0.002700
v -0.239950 4.597775 0.081900
v -0.174725 4.552950 0.081775
v -0.174675 4.556475 0.002700
v -0.240325 4.586875 0.160700
v -0.175000 4.542450 0.160500
v -0.175675 4.525125 0.238450
v -0.241150 4.568950 0.238725
v -0.477625 4.761450 0.082125
v -0.477550 4.765625 0.002700
v -0.478075 4.749325 0.161100
v -0.390350 4.692975 0.161025
v -0.389900 4.704750 0.082075
v -0.389825 4.708750 0.002700
v -0.481050 4.702300 0.316050
v -0.479150 4.729475 0.239225
v -0.393275 4.647275 0.316025
v -0.391400 4.673725 0.239150
v -0.312575 4.619325 0.238975
v -0.314300 4.593725 0.315850
v -0.311600 4.637925 0.160875
v -0.311100 4.653150 0.002700
v -0.311175 4.649275 0.082000
v -0.484000 4.668050 0.391175
v -0.488275 4.627050 0.464175
v -0.400325 4.573900 0.464400
v -0.396175 4.613900 0.391250
v -0.494050 4.579625 0.534575
v -0.405975 4.527525 0.535050
v -0.325950 4.477125 0.535300
v -0.320775 4.522375 0.464425
v -0.316950 4.561325 0.391150
v 0.000000 0.255550 0.365775
v -0.062275 0.258875 0.365875
v 0.000000 0.311850 0.407475
v -0.062325 0.315050 0.407575
v -0.125925 0.325550 0.407975
v -0.125875 0.269750 0.366275
v 0.000000 0.440475 0.491075
v -0.062950 0.443475 0.491150
v -0.062550 0.376625 0.449375
v 0.000000 0.373550 0.449275
v -0.127075 0.453250 0.491550
v -0.126325 0.386775 0.449775
v -0.263550 0.496650 0.493750
v -0.262550 0.431650 0.452025
v -0.192600 0.404825 0.450625
v -0.193550 0.470700 0.492375
v -0.262175 0.371950 0.410250
v -0.192125 0.344225 0.408825
v -0.192125 0.289075 0.367125
v -0.262400 0.317750 0.368525
v 0.000000 0.512475 0.532675
v -0.063525 0.515375 0.532775
v 0.000000 0.589325 0.573975
v -0.064275 0.592150 0.574075
v -0.129600 0.601350 0.574475
v -0.128175 0.524850 0.533175
v -0.065200 0.673625 0.614950
v 0.000000 0.670875 0.614850
v -0.131350 0.682600 0.615350
v -0.270325 0.721950 0.617400
v -0.199425 0.698475 0.616125
v -0.267425 0.641975 0.576550
v -0.196975 0.617725 0.575250
v -0.195000 0.541725 0.533975
v -0.265175 0.566800 0.535300
v -0.509625 0.844850 0.625025
v -0.507725 0.769600 0.584550
v -0.421775 0.717150 0.581100
v -0.424475 0.794450 0.621750
v -0.506425 0.633850 0.502350
v -0.506650 0.699225 0.543650
v -0.418800 0.577375 0.498625
v -0.419900 0.644750 0.540025
v -0.339775 0.600875 0.537300
v -0.338250 0.531925 0.495800
v -0.342025 0.674850 0.578475
v -0.345025 0.753700 0.619225
v -0.507000 0.573575 0.460775
v -0.508375 0.518500 0.419025
v -0.419000 0.458225 0.415225
v -0.418525 0.515150 0.456975
v -0.510525 0.468725 0.377175
v -0.420275 0.406675 0.373425
v -0.338000 0.356650 0.370575
v -0.337375 0.409675 0.412325
v -0.337450 0.468150 0.454100
v 1.446700 1.738750 0.725975
v 1.343675 1.625425 0.716775
v 1.366175 1.576425 0.680225
v 1.473475 1.693625 0.689725
v 1.236925 1.515475 0.708025
v 1.255125 1.462275 0.671125
v 1.273250 1.413100 0.633225
v 1.388275 1.531250 0.642575
v 1.499600 1.652175 0.652225
v 1.018225 1.309775 0.692250
v 1.028400 1.247750 0.654425
v 1.142000 1.352350 0.662500
v 1.127925 1.409925 0.699850
v 1.038900 1.190075 0.615750
v 1.156225 1.298925 0.624250
v 1.060750 1.087450 0.536025
v 1.184775 1.204225 0.544975
v 1.170525 1.249600 0.585050
v 1.049725 1.136650 0.576275
v 1.308825 1.326150 0.554300
v 1.291200 1.367775 0.594275
v 1.549475 1.579550 0.573475
v 1.524975 1.614225 0.613475
v 1.409925 1.489775 0.603800
v 1.431025 1.451775 0.563850
v 0.909350 1.216000 0.685300
v 0.915900 1.149625 0.646950
v 0.802800 1.129625 0.679025
v 0.806175 1.059150 0.640200
v 0.810225 0.993275 0.600700
v 0.923000 1.087750 0.607875
v 0.602800 0.983075 0.668800
v 0.601400 0.905600 0.629175
v 0.700800 0.977425 0.634250
v 0.700125 1.051650 0.673525
v 0.600875 0.832925 0.588950
v 0.702275 0.907925 0.594375
v 0.602250 0.702175 0.507100
v 0.707475 0.783200 0.513000
v 0.704500 0.843175 0.553925
v 0.601150 0.765100 0.548225
v 0.820225 0.875425 0.519875
v 0.814925 0.932050 0.560600
v 0.930600 1.030350 0.568075
v 0.938600 0.977350 0.527600
v 0.614200 0.501175 0.339900
v 0.725925 0.592075 0.345600
v 0.720375 0.632475 0.387875
v 0.610125 0.543700 0.381950
v 0.846475 0.695175 0.352175
v 0.839225 0.733325 0.394750
v 0.832425 0.776075 0.436925
v 0.715450 0.677825 0.429900
v 0.606750 0.591400 0.423875
v 1.105650 0.930900 0.367325
v 1.094450 0.964150 0.410600
v 0.964600 0.844450 0.402375
v 0.973750 0.808725 0.359475
v 1.083175 1.001250 0.453175
v 0.955675 0.884450 0.444725
v 0.946975 0.928725 0.486475
v 1.071925 1.042325 0.494975
v 0.826075 0.823425 0.478650
v 0.604125 0.644250 0.465625
v 0.711125 0.728075 0.471625
v 1.240025 1.059875 0.375500
v 1.226650 1.090625 0.419225
v 1.374750 1.193875 0.383850
v 1.359175 1.222125 0.428075
v 1.342925 1.253500 0.471200
v 1.212925 1.124850 0.462050
v 1.636900 1.469650 0.400300
v 1.616850 1.493225 0.445600
v 1.489925 1.356925 0.436925
v 1.507750 1.331075 0.392175
v 1.595525 1.519250 0.489550
v 1.471125 1.385525 0.480425
v 1.451450 1.417100 0.522725
v 1.573025 1.547975 0.532175
v 1.326100 1.288125 0.513275
v 1.198950 1.162675 0.503975
v 2.129675 3.663300 0.775700
v 2.158175 3.685625 0.756700
v 2.116575 3.763925 0.768575
v 2.093400 3.705550 0.790175
v 2.195775 3.714275 0.728775
v 2.149025 3.810075 0.740500
v 2.089275 3.897700 0.756225
v 2.060750 3.835175 0.785700
v 2.038925 3.760925 0.809625
v 2.276975 3.773025 0.656975
v 2.222800 3.890900 0.668450
v 2.185175 3.852300 0.706875
v 2.236050 3.743900 0.695250
v 2.155700 4.000250 0.682700
v 2.121625 3.952175 0.721750
v 1.988250 4.190175 0.716150
v 1.961650 4.124625 0.757075
v 2.046675 4.043075 0.738825
v 2.077050 4.100275 0.698875
v 1.936675 4.051050 0.793650
v 2.018025 3.978225 0.774350
v 1.896575 3.875075 0.852475
v 1.972725 3.818725 0.830750
v 1.992825 3.904025 0.805100
v 1.914550 3.968275 0.825525
v 2.316550 3.800200 0.614750
v 2.259650 3.926100 0.625900
v 2.354200 3.825525 0.569025
v 2.295000 3.958225 0.579700
v 2.222150 4.082725 0.592600
v 2.189475 4.043600 0.639500
v 2.421325 3.871250 0.468850
v 2.358350 4.014675 0.478175
v 2.328125 3.987650 0.530300
v 2.389325 3.849175 0.520250
v 2.281025 4.150200 0.489350
v 2.252925 4.118100 0.542400
v 2.089700 4.390750 0.515100
v 2.066725 4.348575 0.570325
v 2.165250 4.238950 0.555925
v 2.190925 4.276150 0.501825
v 2.041625 4.301525 0.622450
v 2.137175 4.197625 0.607050
v 2.107500 4.151600 0.654825
v 2.015175 4.248925 0.671175
v 1.605775 4.701025 0.565100
v 1.595300 4.643025 0.624650
v 1.721625 4.594225 0.612725
v 1.735375 4.649150 0.554125
v 1.583875 4.578275 0.680600
v 1.706575 4.532825 0.667825
v 1.824800 4.470550 0.653475
v 1.843350 4.527800 0.599300
v 1.860300 4.579000 0.541775
v 1.560200 4.427325 0.780950
v 1.675125 4.388950 0.766700
v 1.690875 4.464525 0.719250
v 1.572000 4.506500 0.732775
v 1.785775 4.335800 0.750725
v 1.805350 4.406725 0.704025
v 1.913950 4.334400 0.687800
v 1.890650 4.269100 0.733650
v 1.936975 4.392975 0.638125
v 1.978950 4.492275 0.528575
v 1.958900 4.445400 0.584975
v 1.549050 4.340475 0.824900
v 1.660025 4.305675 0.810025
v 1.539025 4.245600 0.864425
v 1.646175 4.214275 0.848925
v 1.749200 4.170475 0.831550
v 1.766800 4.257225 0.793325
v 1.524600 4.030625 0.929350
v 1.624850 4.005475 0.912600
v 1.634250 4.114350 0.883175
v 1.530700 4.142425 0.899300
v 1.721200 3.970075 0.893875
v 1.733725 4.074950 0.865150
v 1.827675 4.025750 0.845750
v 1.812250 3.926075 0.873675
v 1.846525 4.115600 0.812900
v 1.867850 4.196450 0.775450
v 0.700275 1.130550 0.712100
v 0.605075 1.065225 0.707800
v 0.800175 1.204700 0.717125
v 0.798550 1.284425 0.754375
v 0.701400 1.214125 0.749900
v 0.608300 1.152100 0.746025
v 1.008500 1.376225 0.729225
v 0.903400 1.286900 0.722850
v 0.999575 1.446925 0.765175
v 0.898375 1.362275 0.759475
v 0.985750 1.600425 0.833200
v 0.892450 1.526375 0.829300
v 0.894625 1.442125 0.795025
v 0.991875 1.521725 0.799900
v 0.799250 1.457800 0.825800
v 0.798150 1.368800 0.790650
v 0.618000 1.339950 0.819775
v 0.612575 1.243675 0.783400
v 0.703700 1.302425 0.786775
v 0.707350 1.395450 0.822625
v 1.114075 1.471825 0.736275
v 1.218675 1.572875 0.743925
v 1.200825 1.633725 0.778500
v 1.100825 1.537625 0.771525
v 1.419375 1.787800 0.761050
v 1.320925 1.678475 0.752200
v 1.391750 1.839450 0.794525
v 1.298225 1.734550 0.786150
v 1.336400 1.945525 0.855075
v 1.254250 1.851800 0.848150
v 1.275900 1.792650 0.818250
v 1.364025 1.892450 0.826000
v 1.167700 1.763100 0.842350
v 1.183700 1.697350 0.811400
v 1.088625 1.606925 0.805325
v 1.077850 1.679325 0.837450
v 1.242025 2.119525 0.936500
v 1.199025 2.091100 0.939700
v 1.201825 2.027500 0.921075
v 1.259600 2.088825 0.923525
v 1.137850 2.051275 0.943400
v 1.135850 1.972450 0.921425
v 1.142000 1.899700 0.897375
v 1.215600 1.969725 0.899850
v 1.283225 2.045900 0.904400
v 0.989975 1.958300 0.949550
v 0.982800 1.861275 0.923100
v 1.062175 1.916850 0.922275
v 1.067275 2.006275 0.946775
v 0.980300 1.769650 0.894850
v 1.063175 1.833250 0.895900
v 1.068875 1.754425 0.867625
v 0.981575 1.682900 0.864850
v 1.153200 1.830225 0.871000
v 1.309175 1.997400 0.881400
v 1.233600 1.911000 0.875450
v 0.908525 1.909500 0.951475
v 0.899725 1.806300 0.923400
v 0.824275 1.861300 0.952675
v 0.814325 1.753150 0.923250
v 0.807025 1.649900 0.892225
v 0.894475 1.708225 0.893600
v 0.652900 1.772150 0.953375
v 0.642025 1.657025 0.921975
v 0.727975 1.702975 0.922750
v 0.738625 1.815025 0.953275
v 0.632625 1.546625 0.889175
v 0.719300 1.595700 0.890725
v 0.712500 1.493200 0.857325
v 0.624650 1.440925 0.855075
v 0.802100 1.551475 0.859700
v 0.892225 1.614975 0.862200
v 0.744575 2.827400 1.114100
v 0.839925 2.854325 1.106775
v 0.843450 2.996800 1.108925
v 0.747225 2.969850 1.116550
v 0.935450 2.880625 1.098175
v 0.940000 3.022725 1.100100
v 0.940925 3.166000 1.097625
v 0.843575 3.139925 1.106425
v 0.746800 3.112425 1.114150
v 1.124850 2.926400 1.076650
v 1.132025 3.066900 1.078325
v 1.036375 3.046475 1.089925
v 1.030600 2.905075 1.088150
v 1.135125 3.209450 1.076125
v 1.038275 3.189550 1.087550
v 1.131850 3.494775 1.059625
v 1.032875 3.474850 1.070075
v 1.036925 3.332800 1.080950
v 1.134850 3.352600 1.069950
v 0.933850 3.450600 1.079300
v 0.938700 3.309075 1.090700
v 0.737950 3.393250 1.094900
v 0.743600 3.253975 1.106925
v 0.840750 3.282450 1.099300
v 0.835375 3.423050 1.087525
v 1.217625 2.943375 1.063500
v 1.226425 3.082825 1.065175
v 1.308400 2.954800 1.048650
v 1.319050 3.093075 1.050325
v 1.325200 3.234050 1.048650
v 1.230950 3.224650 1.063200
v 1.481800 2.955900 1.013325
v 1.496850 3.092000 1.015150
v 1.409375 3.096525 1.033700
v 1.396650 2.959375 1.031975
v 1.506925 3.230975 1.014075
v 1.417375 3.236525 1.032325
v 1.516550 3.510800 1.001975
v 1.423150 3.518425 1.019150
v 1.421625 3.377700 1.027550
v 1.513125 3.371150 1.009775
v 1.327550 3.517600 1.034350
v 1.327725 3.376075 1.043400
v 1.231975 3.367375 1.057475
v 1.230275 3.509375 1.047775
v 1.421850 4.043925 0.943625
v 1.421300 3.921450 0.969325
v 1.521225 3.909875 0.954325
v 1.317400 4.046525 0.955725
v 1.319575 3.923075 0.982200
v 1.322575 3.792700 1.003975
v 1.422000 3.791950 0.990300
v 1.519500 3.781850 0.974550
v 1.106400 4.024400 0.974700
v 1.113425 3.900850 1.002700
v 1.216725 3.915850 0.993225
v 1.212000 4.039625 0.966000
v 1.120475 3.770425 1.026125
v 1.221850 3.785175 1.015825
v 1.226625 3.649175 1.033950
v 1.126825 3.634550 1.045050
v 1.325525 3.657000 1.021275
v 1.518300 3.648275 0.990325
v 1.422950 3.657050 1.006800
v 1.001375 4.002000 0.982125
v 1.010375 3.879225 1.010900
v 0.897675 3.973650 0.988625
v 0.908275 3.852075 1.018100
v 0.918150 3.723450 1.043025
v 1.019025 3.749500 1.035100
v 0.697375 3.903750 0.999925
v 0.709575 3.785525 1.030625
v 0.807775 3.820475 1.024575
v 0.796100 3.940500 0.994450
v 0.720600 3.660250 1.056700
v 0.818475 3.693350 1.050150
v 0.827800 3.560450 1.071125
v 0.730175 3.529075 1.078150
v 0.926850 3.589175 1.063425
v 1.026700 3.614225 1.054800
v 2.039025 2.735475 0.791375
v 2.094375 2.709225 0.754675
v 2.134175 2.847525 0.757525
v 2.076500 2.872100 0.794200
v 2.146725 2.686850 0.716025
v 2.188575 2.827175 0.718850
v 2.220425 2.968125 0.720325
v 2.164525 2.986125 0.758825
v 2.105150 3.008900 0.795300
v 2.242175 2.652200 0.633050
v 2.287450 2.797350 0.635700
v 2.239675 2.810600 0.678225
v 2.196000 2.667975 0.675475
v 2.321775 2.944100 0.637350
v 2.272850 2.954325 0.679825
v 2.356300 3.235975 0.639675
v 2.307000 3.237550 0.681250
v 2.295350 3.097275 0.680700
v 2.344825 3.090850 0.638525
v 2.254250 3.243125 0.720575
v 2.242325 3.107525 0.720775
v 2.137850 3.272425 0.792700
v 2.125450 3.143225 0.794750
v 2.185700 3.122525 0.758800
v 2.197900 3.254250 0.757700
v 2.285200 2.639175 0.588750
v 2.331875 2.787000 0.591275
v 2.325025 2.628500 0.542625
v 2.372925 2.779075 0.544975
v 2.409150 2.932025 0.546600
v 2.367225 2.936850 0.592925
v 2.395000 2.612750 0.445000
v 2.444775 2.768725 0.446950
v 2.410575 2.773125 0.496875
v 2.361650 2.619825 0.494700
v 2.482350 2.927700 0.448375
v 2.447525 2.929150 0.498400
v 2.518725 3.249375 0.451250
v 2.483525 3.244125 0.501425
v 2.472025 3.086575 0.499775
v 2.507175 3.088350 0.449675
v 2.444650 3.239775 0.549625
v 2.433225 3.086050 0.547975
v 2.390800 3.087275 0.594250
v 2.402225 3.236875 0.595750
v 2.434950 3.704275 0.512775
v 2.468300 3.721725 0.461925
v 2.398275 3.686050 0.561200
v 2.427700 3.541075 0.555725
v 2.465525 3.554275 0.507475
v 2.499850 3.567375 0.456950
v 2.316775 3.647500 0.649150
v 2.358725 3.667100 0.606800
v 2.342875 3.515400 0.644200
v 2.386700 3.528025 0.601400
v 2.401025 3.384200 0.597925
v 2.355850 3.377850 0.641300
v 2.443000 3.391875 0.552025
v 2.516475 3.409475 0.453550
v 2.481550 3.400450 0.503825
v 2.272925 3.627325 0.687925
v 2.228125 3.609150 0.722675
v 2.247725 3.495175 0.720375
v 2.296525 3.503450 0.683825
v 2.136475 3.597825 0.779925
v 2.183425 3.595650 0.753025
v 2.141925 3.503625 0.784850
v 2.196450 3.493525 0.753900
v 2.201375 3.378825 0.755775
v 2.142875 3.393850 0.789250
v 2.256225 3.372750 0.720075
v 2.307650 3.373225 0.681950
v 1.424650 4.157725 0.912925
v 1.429300 4.263100 0.877425
v 1.317975 4.268125 0.888250
v 1.316950 4.161475 0.924375
v 1.442500 4.449600 0.792775
v 1.435400 4.360300 0.837300
v 1.323250 4.457500 0.802475
v 1.320150 4.366725 0.847575
v 1.085000 4.436825 0.816725
v 1.089375 4.345500 0.862850
v 1.204450 4.361300 0.855975
v 1.203675 4.452675 0.810375
v 1.094375 4.246475 0.904625
v 1.206000 4.262125 0.897225
v 1.208475 4.154975 0.933950
v 1.100050 4.139525 0.941950
v 1.450250 4.531250 0.744000
v 1.458200 4.605525 0.691175
v 1.331050 4.616450 0.699775
v 1.326975 4.540675 0.753150
v 1.473150 4.732850 0.574150
v 1.465975 4.672625 0.634500
v 1.339125 4.746825 0.581475
v 1.335175 4.685100 0.642500
v 1.073550 4.729800 0.591825
v 1.075525 4.666950 0.653875
v 1.204500 4.682525 0.648875
v 1.205375 4.745075 0.587325
v 1.078100 4.597325 0.712125
v 1.203850 4.613075 0.706675
v 1.203525 4.536550 0.760550
v 1.081225 4.520700 0.766450
v 0.598825 4.576600 0.600950
v 0.608025 4.516200 0.664500
v 0.714500 4.563000 0.662775
v 0.706325 4.624375 0.599600
v 0.618800 4.449625 0.724425
v 0.724125 4.495325 0.722250
v 0.836775 4.536475 0.719650
v 0.828950 4.605125 0.660600
v 0.822375 4.667300 0.597775
v 0.643725 4.296775 0.832775
v 0.746575 4.339925 0.829575
v 0.734925 4.421075 0.777900
v 0.630825 4.376575 0.780550
v 0.855200 4.378775 0.826050
v 0.845575 4.461125 0.774850
v 0.961475 4.494950 0.771125
v 0.968425 4.411625 0.821875
v 0.955250 4.571125 0.716350
v 0.945325 4.703150 0.595250
v 0.949825 4.640450 0.657700
v 0.657175 4.209875 0.880950
v 0.758800 4.251575 0.877200
v 0.670825 4.115625 0.924950
v 0.771325 4.155775 0.920650
v 0.876050 4.191900 0.916025
v 0.865425 4.289125 0.873150
v 0.783850 4.052175 0.959750
v 0.684325 4.013675 0.964650
v 0.886875 4.086850 0.954550
v 0.992575 4.116375 0.948725
v 0.984075 4.222600 0.910775
v 0.976000 4.320950 0.868450
v 1.618650 3.887250 0.936900
v 1.614450 3.761375 0.956450
v 1.705925 3.732325 0.936325
v 1.712400 3.855275 0.917475
v 1.607150 3.493725 0.982625
v 1.611025 3.629625 0.971600
v 1.694625 3.469025 0.961225
v 1.700450 3.602975 0.950800
v 1.858700 3.404175 0.912575
v 1.867025 3.532950 0.903700
v 1.786000 3.570150 0.928100
v 1.778600 3.438550 0.937850
v 1.874800 3.655600 0.891050
v 1.793025 3.696450 0.914450
v 1.801225 3.815700 0.896425
v 1.883975 3.770250 0.874150
v 1.601650 3.355400 0.989925
v 1.593325 3.216350 0.993800
v 1.676525 3.194400 0.971500
v 1.687075 3.332250 0.968025
v 1.563300 2.943125 0.992650
v 1.580950 3.078350 0.994600
v 1.641275 2.922725 0.969925
v 1.661675 3.057300 0.972025
v 1.786875 2.865925 0.918425
v 1.813150 2.999875 0.920825
v 1.739075 3.030575 0.947425
v 1.715775 2.896425 0.945175
v 1.833025 3.135600 0.920850
v 1.756450 3.166900 0.947175
v 1.769175 3.303525 0.944100
v 1.847775 3.271050 0.918200
v 2.015575 2.901350 0.828875
v 1.980675 2.765950 0.826100
v 2.042275 3.037100 0.829725
v 1.975975 3.068850 0.862125
v 1.951375 2.933550 0.861550
v 1.919250 2.798975 0.858875
v 2.074025 3.299150 0.825625
v 2.061525 3.170575 0.828650
v 2.006300 3.331800 0.856525
v 1.993950 3.202425 0.860500
v 1.922700 3.236625 0.890325
v 1.934550 3.367700 0.885500
v 1.906200 3.102300 0.892500
v 1.854675 2.832875 0.889650
v 1.883925 2.966975 0.892175
v 2.080500 3.420250 0.820650
v 2.083350 3.530525 0.813600
v 2.019800 3.568450 0.840625
v 2.013950 3.454550 0.850100
v 2.084975 3.626700 0.804300
v 2.026700 3.671300 0.827550
v 1.959425 3.720625 0.851000
v 1.950350 3.611525 0.866450
v 1.942900 3.493275 0.877750
v 1.725825 1.373975 0.003100
v 1.856325 1.520050 0.003250
v 1.854500 1.521600 0.055700
v 1.724100 1.375650 0.054475
v 1.979800 1.666500 0.003450
v 1.977875 1.667900 0.056825
v 1.972350 1.672000 0.110075
v 1.849250 1.526125 0.107975
v 1.719150 1.380525 0.105725
v 2.202600 1.963225 0.003850
v 2.200500 1.964275 0.058850
v 2.093475 1.815225 0.057900
v 2.095500 1.813975 0.003650
v 2.194425 1.967400 0.113725
v 2.087675 1.818850 0.112000
v 2.171225 1.979600 0.222250
v 2.065525 1.832900 0.219000
v 2.078275 1.824775 0.165775
v 2.184600 1.972525 0.168250
v 1.951375 1.687750 0.215375
v 1.963425 1.678650 0.163000
v 1.700725 1.399375 0.207075
v 1.711275 1.388475 0.156625
v 1.840850 1.533450 0.159950
v 1.829525 1.543475 0.211375
v 2.300300 2.114900 0.004025
v 2.298125 2.115775 0.059675
v 2.387800 2.269725 0.004175
v 2.385575 2.270375 0.060375
v 2.379075 2.272375 0.116500
v 2.291825 2.118350 0.115225
v 2.529125 2.591600 0.004300
v 2.526800 2.591775 0.061350
v 2.462075 2.428825 0.060950
v 2.464350 2.428375 0.004275
v 2.520025 2.592475 0.118325
v 2.455425 2.430175 0.117525
v 2.493775 2.595700 0.231025
v 2.429700 2.435900 0.229500
v 2.444550 2.432500 0.173800
v 2.508975 2.593725 0.174950
v 2.354050 2.280400 0.227525
v 2.368525 2.275700 0.172300
v 2.281600 2.122600 0.170425
v 2.267650 2.128525 0.225100
v 2.333575 2.461025 0.442050
v 2.362750 2.452875 0.390925
v 2.425075 2.606900 0.393525
v 2.261225 2.313025 0.438200
v 2.289300 2.302750 0.387525
v 2.314250 2.293900 0.335375
v 2.388600 2.446025 0.338300
v 2.451650 2.602175 0.340550
v 2.086500 2.025725 0.428100
v 2.111925 2.011650 0.378600
v 2.205450 2.155875 0.383400
v 2.178625 2.168125 0.433525
v 2.134675 1.999200 0.327625
v 2.229375 2.145200 0.331800
v 2.250175 2.136050 0.278950
v 2.154500 1.988500 0.275450
v 2.335900 2.286450 0.281975
v 2.474600 2.598500 0.286325
v 2.410975 2.440375 0.284425
v 1.985550 1.885275 0.422000
v 2.009450 1.869400 0.373150
v 1.876500 1.746175 0.415275
v 1.898750 1.728525 0.367150
v 1.918800 1.712800 0.317650
v 2.030900 1.855300 0.322900
v 1.655575 1.448350 0.353625
v 1.780550 1.588375 0.360625
v 1.760050 1.607825 0.408025
v 1.672600 1.429450 0.305725
v 1.799125 1.571075 0.311900
v 1.815525 1.556075 0.262100
v 1.687750 1.413075 0.256825
v 1.936425 1.699175 0.266975
v 2.049675 1.843100 0.271450
v 0.589200 3.972600 0.969550
v 0.602275 3.864550 1.005325
v 0.575550 4.072850 0.929275
v 0.484850 4.029400 0.933450
v 0.497925 3.930875 0.974275
v 0.510325 3.824700 1.010550
v 0.547900 4.251000 0.835900
v 0.561650 4.165550 0.884675
v 0.458225 4.204650 0.838875
v 0.471475 4.120575 0.888250
v 0.293775 4.118400 0.844050
v 0.304150 4.036775 0.894625
v 0.385900 4.076975 0.891625
v 0.373800 4.159750 0.841625
v 0.314525 3.948325 0.940900
v 0.398050 3.987250 0.937375
v 0.334175 3.750275 1.019700
v 0.421125 3.786025 1.015375
v 0.409900 3.890325 0.978700
v 0.324650 3.852875 0.982675
v 0.534650 4.329475 0.783075
v 0.522250 4.401300 0.726400
v 0.433375 4.352500 0.728175
v 0.445400 4.281875 0.785450
v 0.501600 4.526075 0.602000
v 0.511125 4.466750 0.666000
v 0.413300 4.475075 0.602800
v 0.422575 4.416825 0.667225
v 0.258475 4.380400 0.603775
v 0.265775 4.324225 0.669075
v 0.341200 4.368600 0.668275
v 0.332700 4.425775 0.603375
v 0.274300 4.261950 0.731050
v 0.351100 4.305350 0.729725
v 0.362075 4.235800 0.787575
v 0.283725 4.193400 0.789450
v 0.063450 4.235850 0.670375
v 0.061425 4.290025 0.604225
v 0.065825 4.175475 0.733350
v 0.132750 4.194900 0.732875
v 0.128100 4.255675 0.670125
v 0.124125 4.310300 0.604175
v 0.071250 4.035825 0.848675
v 0.068450 4.108825 0.792900
v 0.143375 4.054375 0.847650
v 0.137900 4.127825 0.792150
v 0.209325 4.156700 0.791000
v 0.217250 4.082575 0.846100
v 0.201875 4.224425 0.732100
v 0.189375 4.341175 0.604050
v 0.195150 4.285850 0.669700
v 0.074125 3.956375 0.900350
v 0.077000 3.870450 0.947675
v 0.154650 3.887975 0.946175
v 0.149025 3.974475 0.899100
v 0.082400 3.678750 1.027925
v 0.079800 3.777925 0.990300
v 0.165275 3.694850 1.026125
v 0.160125 3.794800 0.988625
v 0.241575 3.820425 0.986025
v 0.249050 3.719300 1.023325
v 0.233600 3.914575 0.943875
v 0.225425 4.001925 0.897150
v 0.516000 1.009650 0.704225
v 0.512375 0.924900 0.664950
v 0.520550 1.099075 0.742750
v 0.437475 1.054625 0.740050
v 0.432325 0.963250 0.701325
v 0.427975 0.876525 0.661850
v 0.532450 1.292000 0.817250
v 0.526025 1.193200 0.780475
v 0.450225 1.251350 0.815025
v 0.443450 1.150650 0.777975
v 0.293825 1.190775 0.811550
v 0.288025 1.087875 0.774275
v 0.364300 1.115675 0.775925
v 0.370825 1.217700 0.813125
v 0.282725 0.989550 0.736175
v 0.358425 1.018275 0.737875
v 0.273825 0.806625 0.657675
v 0.348750 0.837300 0.659450
v 0.353225 0.925475 0.699025
v 0.277975 0.895825 0.697275
v 0.539875 1.395500 0.853000
v 0.548350 1.503650 0.887625
v 0.466150 1.466700 0.886075
v 0.457800 1.356700 0.851075
v 0.568475 1.734000 0.953100
v 0.557875 1.616500 0.921025
v 0.485175 1.700700 0.952550
v 0.475275 1.581375 0.919925
v 0.321300 1.648925 0.951000
v 0.313875 1.527350 0.917700
v 0.394000 1.551650 0.918800
v 0.402825 1.672325 0.951825
v 0.306800 1.410500 0.883300
v 0.385725 1.435675 0.884625
v 0.377975 1.324350 0.849375
v 0.300100 1.298325 0.847900
v 0.077900 1.486875 0.915350
v 0.079925 1.609400 0.949000
v 0.075950 1.369125 0.880750
v 0.152200 1.377300 0.881300
v 0.156050 1.494950 0.915875
v 0.160000 1.617400 0.949500
v 0.072275 1.147725 0.808875
v 0.074075 1.256100 0.845250
v 0.145025 1.156075 0.809400
v 0.148525 1.264350 0.845800
v 0.223725 1.278375 0.846700
v 0.218700 1.170325 0.810300
v 0.229050 1.391075 0.882175
v 0.240400 1.630575 0.950200
v 0.234625 1.508450 0.916700
v 0.070575 1.043975 0.771650
v 0.069000 0.944750 0.733600
v 0.138675 0.953250 0.734075
v 0.141725 1.052375 0.772150
v 0.066300 0.759650 0.655225
v 0.067575 0.850000 0.694800
v 0.133475 0.768425 0.655625
v 0.135925 0.858625 0.695225
v 0.205800 0.873700 0.696050
v 0.202350 0.783875 0.656425
v 0.209700 0.968050 0.734925
v 0.214025 1.066900 0.773025
v 0.651900 2.943025 1.123075
v 0.649950 2.801075 1.120250
v 0.651100 3.084575 1.120900
v 0.556325 3.057350 1.126675
v 0.557350 2.917125 1.128575
v 0.555925 2.776050 1.125300
v 0.642150 3.362250 1.101650
v 0.647750 3.224700 1.113725
v 0.547775 3.331250 1.107700
v 0.553075 3.195725 1.119700
v 0.362475 3.274425 1.117425
v 0.366500 3.143125 1.129050
v 0.459375 3.168175 1.124825
v 0.454625 3.301575 1.112975
v 0.369100 3.008525 1.135475
v 0.462375 3.031675 1.131525
v 0.369425 2.732600 1.132475
v 0.462450 2.753000 1.129350
v 0.463450 2.893000 1.133050
v 0.370100 2.871400 1.136625
v 0.634550 3.496100 1.084700
v 0.625200 3.625175 1.062975
v 0.531900 3.589725 1.068825
v 0.540650 3.462925 1.090700
v 0.614350 3.748375 1.036500
v 0.521725 3.710650 1.042075
v 0.342850 3.640325 1.051725
v 0.431350 3.674075 1.047200
v 0.350525 3.523825 1.078725
v 0.440450 3.555425 1.074100
v 0.448275 3.430950 1.096050
v 0.357125 3.401575 1.100625
v 0.084775 3.572825 1.060250
v 0.086875 3.460800 1.087250
v 0.174050 3.474950 1.085425
v 0.169925 3.588025 1.058400
v 0.090125 3.220800 1.125275
v 0.088650 3.343250 1.108925
v 0.180425 3.232775 1.123625
v 0.177575 3.356325 1.107175
v 0.266975 3.376250 1.104375
v 0.271150 3.251075 1.121000
v 0.261825 3.496475 1.082525
v 0.255825 3.611075 1.055500
v 0.091225 3.094025 1.136250
v 0.091925 2.963575 1.141900
v 0.184000 2.973525 1.140625
v 0.182600 3.104950 1.134800
v 0.092125 2.694050 1.137100
v 0.092250 2.830050 1.142175
v 0.184350 2.702425 1.136250
v 0.184600 2.839125 1.141125
v 0.277200 2.853175 1.139275
v 0.276750 2.715500 1.134750
v 0.276350 2.988825 1.138500
v 0.274300 3.121675 1.132375
v 0.645525 0.344975 0.002700
v 0.644625 0.347325 0.044900
v 0.538625 0.263500 0.044175
v 0.539400 0.261050 0.002700
v 0.642250 0.354425 0.087100
v 0.536550 0.270950 0.085650
v 0.441000 0.200950 0.084500
v 0.442775 0.193150 0.043600
v 0.443450 0.190575 0.002700
v 0.634300 0.383225 0.171450
v 0.529725 0.301050 0.168675
v 0.533475 0.283425 0.127150
v 0.638700 0.366375 0.129275
v 0.435275 0.232425 0.166475
v 0.438425 0.214000 0.125450
v 0.270925 0.132525 0.163600
v 0.272950 0.112700 0.123250
v 0.352050 0.157350 0.124175
v 0.349475 0.176500 0.164800
v 0.274625 0.098550 0.083000
v 0.354200 0.143725 0.083625
v 0.276250 0.087275 0.002700
v 0.356225 0.132875 0.002700
v 0.355650 0.135575 0.043150
v 0.275800 0.090075 0.042825
v 0.629325 0.405050 0.213600
v 0.525550 0.323900 0.210250
v 0.624100 0.431925 0.255725
v 0.521250 0.352000 0.251875
v 0.428325 0.285475 0.248825
v 0.431825 0.256225 0.207600
v 0.513450 0.424325 0.335325
v 0.517125 0.385450 0.293550
v 0.618975 0.463950 0.297825
v 0.422300 0.360650 0.331725
v 0.425050 0.320275 0.290200
v 0.263250 0.269150 0.327000
v 0.264725 0.226375 0.285775
v 0.341400 0.267525 0.287625
v 0.339350 0.309225 0.328975
v 0.266625 0.189350 0.244825
v 0.343925 0.231550 0.246500
v 0.346700 0.201225 0.205575
v 0.268750 0.158075 0.204125
v 0.062675 0.163575 0.283375
v 0.062400 0.208325 0.324425
v 0.063100 0.124650 0.242650
v 0.127625 0.136725 0.242975
v 0.126775 0.175250 0.283750
v 0.126150 0.219600 0.324825
v 0.064125 0.064450 0.162025
v 0.063600 0.091575 0.202200
v 0.129675 0.077275 0.162275
v 0.128625 0.104075 0.202500
v 0.196525 0.125950 0.203125
v 0.198125 0.099700 0.162775
v 0.195000 0.158025 0.243675
v 0.192650 0.239575 0.325650
v 0.193650 0.195900 0.284500
v 0.064600 0.043250 0.122025
v 0.065025 0.028075 0.082175
v 0.131500 0.041450 0.082300
v 0.130675 0.056400 0.122225
v 0.065425 0.015875 0.002700
v 0.065325 0.018925 0.042400
v 0.132325 0.029450 0.002700
v 0.132075 0.032450 0.042475
v 0.201775 0.055950 0.042600
v 0.202100 0.053025 0.002700
v 0.200900 0.064700 0.082575
v 0.199625 0.079300 0.122600
v 0.081975 1.736800 0.981700
v 0.164050 1.744625 0.982100
v 0.168050 1.875900 1.013150
v 0.084000 1.868225 1.012875
v 0.329025 1.775200 0.983175
v 0.246350 1.757475 0.982625
v 0.336775 1.905525 1.013700
v 0.252300 1.888400 1.013475
v 0.351350 2.175425 1.067650
v 0.263325 2.159225 1.068200
v 0.258025 2.022575 1.042175
v 0.344300 2.039150 1.042025
v 0.175475 2.147225 1.068425
v 0.171900 2.010375 1.042100
v 0.085925 2.002825 1.041975
v 0.087700 2.139750 1.068450
v 0.412125 1.797675 0.983625
v 0.495825 1.824700 0.983850
v 0.506800 1.952800 1.013350
v 0.421575 1.927075 1.013700
v 0.665375 1.891950 0.983225
v 0.580200 1.856175 0.983750
v 0.678800 2.016075 1.011150
v 0.592525 1.982550 1.012550
v 0.706050 2.275475 1.059450
v 0.616875 2.245850 1.062675
v 0.604925 2.112600 1.039000
v 0.692575 2.144050 1.036700
v 0.528075 2.219075 1.065025
v 0.517700 2.084450 1.040575
v 0.430850 2.059875 1.041550
v 0.439600 2.195475 1.066650
v 0.644925 2.659925 1.112350
v 0.738500 2.686325 1.106750
v 0.551875 2.635150 1.116825
v 0.545600 2.494975 1.103650
v 0.637400 2.520000 1.099800
v 0.729650 2.547050 1.094900
v 0.366950 2.592875 1.122975
v 0.459225 2.612625 1.120350
v 0.362950 2.452975 1.108650
v 0.454125 2.472475 1.106550
v 0.447450 2.333225 1.088475
v 0.357650 2.313600 1.090025
v 0.537525 2.356100 1.086200
v 0.718625 2.409950 1.079000
v 0.627875 2.381800 1.083100
v 0.274975 2.576525 1.124825
v 0.183200 2.564075 1.126000
v 0.181225 2.424900 1.110925
v 0.272000 2.436950 1.110050
v 0.091550 2.556175 1.126625
v 0.090600 2.417275 1.111325
v 0.089275 2.278200 1.091750
v 0.178625 2.285675 1.091525
v 0.268050 2.297600 1.091000
v 0.751475 1.931875 0.982150
v 0.837225 1.974425 0.980400
v 0.852250 2.092250 1.006050
v 0.765750 2.053175 1.009025
v 1.002725 2.061300 0.974200
v 0.921400 2.018075 0.977775
v 1.019550 2.169975 0.996775
v 0.937225 2.131725 1.002000
v 1.059250 2.403375 1.034900
v 0.973000 2.373200 1.043125
v 0.954800 2.250175 1.023875
v 1.038900 2.284075 1.017075
v 0.884875 2.340750 1.049850
v 0.868450 2.214450 1.029300
v 0.780725 2.178550 1.033525
v 0.795650 2.307650 1.055225
v 1.079950 2.102550 0.969450
v 1.151050 2.138900 0.963525
v 1.171875 2.234900 0.981850
v 1.098150 2.205425 0.990150
v 1.267050 2.178500 0.946025
v 1.213950 2.167300 0.956275
v 1.300250 2.261800 0.958325
v 1.239575 2.255275 0.971475
v 1.370875 2.464150 0.982875
v 1.299350 2.462275 0.999275
v 1.268900 2.354225 0.986000
v 1.335550 2.357925 0.970900
v 1.223125 2.450075 1.013250
v 1.196725 2.338875 0.998500
v 1.119800 2.314575 1.008725
v 1.142850 2.429725 1.025025
v 1.378200 2.826700 1.027400
v 1.460650 2.824350 1.008900
v 1.292375 2.820775 1.043850
v 1.272075 2.691600 1.036175
v 1.355100 2.699175 1.020250
v 1.434450 2.698050 1.002175
v 1.112925 2.789450 1.071175
v 1.203775 2.807925 1.058400
v 1.097325 2.656425 1.062225
v 1.185950 2.676850 1.050125
v 1.165275 2.550650 1.038925
v 1.079075 2.527600 1.050050
v 1.248600 2.567850 1.025900
v 1.404200 2.577750 0.993400
v 1.328450 2.577475 1.010775
v 1.020425 2.766725 1.082275
v 0.926800 2.741075 1.091850
v 0.914925 2.604375 1.081450
v 1.006775 2.631775 1.072625
v 0.832650 2.713825 1.099950
v 0.822350 2.575650 1.088825
v 0.809750 2.440150 1.073800
v 0.900650 2.470825 1.067350
v 0.990650 2.500500 1.059475
v 1.308650 2.163300 0.931125
v 1.344175 2.130800 0.912025
v 1.399675 2.223950 0.921600
v 1.352825 2.249800 0.941625
v 1.413125 2.044300 0.863400
v 1.378925 2.090125 0.889325
v 1.484300 2.148025 0.872600
v 1.443150 2.188950 0.898525
v 1.609750 2.369700 0.891475
v 1.555750 2.404025 0.918000
v 1.502000 2.293650 0.908325
v 1.549850 2.256525 0.882125
v 1.498400 2.432725 0.942125
v 1.451050 2.324825 0.931925
v 1.395925 2.347175 0.952825
v 1.437000 2.453525 0.963800
v 1.446850 1.996350 0.834700
v 1.480075 1.947750 0.803600
v 1.562800 2.059425 0.813075
v 1.524175 2.104300 0.844000
v 1.544450 1.854475 0.735650
v 1.512625 1.899950 0.770450
v 1.636450 1.972600 0.745450
v 1.600225 2.014975 0.780125
v 1.801125 2.216400 0.764350
v 1.756525 2.253675 0.798975
v 1.681675 2.132900 0.789750
v 1.722175 2.093225 0.755125
v 1.709900 2.292800 0.831825
v 1.639525 2.174450 0.822600
v 1.595650 2.216225 0.853475
v 1.661050 2.332050 0.862700
v 1.936850 2.633500 0.821425
v 1.992225 2.601625 0.786700
v 1.878600 2.667600 0.854225
v 1.829850 2.539400 0.847975
v 1.884575 2.503975 0.815150
v 1.936650 2.470550 0.780425
v 1.752925 2.735725 0.913950
v 1.817325 2.702225 0.885075
v 1.711750 2.609500 0.907725
v 1.772325 2.575150 0.878850
v 1.720075 2.451725 0.871275
v 1.663875 2.487425 0.900125
v 1.773475 2.414475 0.840375
v 1.872775 2.342150 0.772900
v 1.824300 2.377375 0.807550
v 1.685200 2.766375 0.940775
v 1.614000 2.792475 0.965575
v 1.580625 2.667075 0.959275
v 1.647925 2.640725 0.934575
v 1.539200 2.812375 0.988300
v 1.509550 2.686775 0.981825
v 1.475175 2.566950 0.973575
v 1.541825 2.546975 0.951350
v 1.604600 2.519825 0.926850
v 1.524525 1.307800 0.346225
v 1.389625 1.168575 0.338575
v 1.403425 1.146350 0.292350
v 1.539975 1.287250 0.299150
v 1.116700 0.901450 0.323300
v 1.252950 1.032525 0.330875
v 1.127325 0.875850 0.278675
v 1.265150 1.008600 0.285475
v 1.145950 0.836225 0.187875
v 1.286150 0.971325 0.192725
v 1.276325 0.988175 0.239375
v 1.137175 0.854100 0.233500
v 1.426825 1.111450 0.197625
v 1.415925 1.127275 0.245325
v 1.553800 1.269525 0.251175
v 1.565750 1.254750 0.202425
v 0.983025 0.777225 0.316050
v 0.854075 0.661675 0.309250
v 0.861725 0.632775 0.266025
v 0.992125 0.749950 0.272150
v 0.732000 0.556650 0.303125
v 0.738325 0.526150 0.260500
v 0.750400 0.479650 0.174875
v 0.744575 0.500500 0.217750
v 0.875875 0.588550 0.178850
v 0.869100 0.608400 0.222550
v 1.000700 0.726875 0.227850
v 1.008475 0.708025 0.183225
v 0.763275 0.443075 0.002700
v 0.762275 0.445325 0.045800
v 0.890450 0.553525 0.002700
v 0.889325 0.555700 0.046850
v 0.886300 0.562225 0.090950
v 0.759575 0.452125 0.088875
v 1.164025 0.804225 0.002750
v 1.162700 0.806250 0.049250
v 1.023550 0.676600 0.048000
v 1.024750 0.674525 0.002725
v 1.159025 0.812275 0.095675
v 1.020200 0.682875 0.093225
v 1.015075 0.693350 0.138325
v 1.153350 0.822275 0.141900
v 0.881725 0.573175 0.134950
v 0.755525 0.463550 0.131900
v 1.305975 0.940825 0.002800
v 1.304550 0.942775 0.050550
v 1.448425 1.082550 0.002875
v 1.446900 1.084400 0.051875
v 1.442600 1.089900 0.100750
v 1.300575 0.948550 0.098200
v 1.587475 1.229300 0.053200
v 1.589125 1.227525 0.002975
v 1.582850 1.234500 0.103275
v 1.575525 1.243025 0.153075
v 1.435800 1.098950 0.149375
v 1.294325 0.958075 0.145625
v 1.747175 4.698025 0.492300
v 1.614750 4.752575 0.502175
v 1.874900 4.624625 0.481175
v 1.887250 4.664600 0.417850
v 1.757100 4.740750 0.427625
v 1.622300 4.797600 0.436300
v 2.109650 4.428700 0.457100
v 1.996300 4.534250 0.469275
v 2.126700 4.462200 0.396675
v 2.011025 4.571100 0.407375
v 2.152350 4.515125 0.269975
v 2.033050 4.628975 0.277375
v 2.023250 4.602725 0.343300
v 2.140900 4.491075 0.334200
v 1.905575 4.727000 0.284625
v 1.897450 4.698775 0.352200
v 1.633375 4.867650 0.297400
v 1.628475 4.836000 0.367900
v 1.765275 4.777175 0.360525
v 1.771750 4.807250 0.291400
v 2.213325 4.309850 0.445125
v 2.305675 4.179525 0.433850
v 2.326900 4.205825 0.376225
v 2.232550 4.339800 0.386150
v 2.449600 3.891925 0.415300
v 2.384975 4.039625 0.423750
v 2.474125 3.910875 0.359875
v 2.407975 4.062200 0.367325
v 2.511900 3.942325 0.244450
v 2.443275 4.099100 0.249625
v 2.427425 4.082125 0.309200
v 2.494900 3.927775 0.302825
v 2.359275 4.248175 0.255800
v 2.344750 4.228775 0.316775
v 2.248650 4.365750 0.325225
v 2.261700 4.387525 0.262675
v 2.542225 3.970625 0.003100
v 2.471350 4.131575 0.002975
v 2.469600 4.129350 0.065325
v 2.540325 3.968650 0.064075
v 2.384775 4.284725 0.002875
v 2.383200 4.282275 0.066850
v 2.378450 4.275175 0.130525
v 2.464350 4.123000 0.127400
v 2.534650 3.963075 0.124800
v 2.172100 4.559375 0.002750
v 2.170900 4.556500 0.070425
v 2.283000 4.425325 0.068575
v 2.284400 4.428000 0.002800
v 2.167275 4.548025 0.137750
v 2.278800 4.417550 0.134025
v 2.271725 4.404875 0.198850
v 2.161125 4.534175 0.204375
v 2.370500 4.263725 0.193625
v 2.525175 3.954200 0.185025
v 2.455575 4.112825 0.188950
v 2.049775 4.676800 0.002725
v 2.048775 4.673725 0.072300
v 1.919300 4.778200 0.002700
v 1.918500 4.774925 0.074150
v 1.916025 4.765225 0.145200
v 2.045725 4.664600 0.141525
v 1.641525 4.924750 0.002700
v 1.641050 4.921100 0.077425
v 1.781975 4.858075 0.075900
v 1.782600 4.861525 0.002700
v 1.639600 4.910325 0.151725
v 1.780025 4.847800 0.148675
v 1.776650 4.830825 0.220625
v 1.637050 4.892475 0.225200
v 1.911750 4.749200 0.215500
v 2.040500 4.649650 0.210000
v 2.497850 3.738325 0.409000
v 2.530325 3.580100 0.404475
v 2.556950 3.592175 0.350275
v 2.523575 3.753750 0.354300
v 2.550150 3.255050 0.399225
v 2.547575 3.418575 0.401350
v 2.577700 3.260825 0.345600
v 2.574800 3.427425 0.347500
v 2.620800 3.271725 0.234500
v 2.617225 3.443225 0.235825
v 2.598025 3.435750 0.292225
v 2.601300 3.266475 0.290600
v 2.598275 3.613050 0.237775
v 2.579600 3.603250 0.294625
v 2.545425 3.767700 0.298075
v 2.563375 3.779850 0.240575
v 2.538625 3.090800 0.397750
v 2.513575 2.927150 0.396575
v 2.541075 2.927325 0.343225
v 2.566275 3.093700 0.344275
v 2.475525 2.765425 0.395300
v 2.502675 2.763050 0.342100
v 2.545525 2.760525 0.232075
v 2.526050 2.761475 0.287600
v 2.584350 2.929025 0.232850
v 2.564700 2.928025 0.288575
v 2.590000 3.096800 0.289475
v 2.609650 3.099875 0.233600
v 2.581325 2.760050 0.004275
v 2.579000 2.759975 0.061600
v 2.620325 2.932375 0.004175
v 2.618000 2.932050 0.061725
v 2.611125 2.931250 0.119200
v 2.572150 2.759950 0.118825
v 2.656250 3.283125 0.003850
v 2.653975 3.282250 0.061950
v 2.643200 3.106575 0.061825
v 2.645525 3.107175 0.004025
v 2.647250 3.279875 0.119950
v 2.636375 3.105000 0.119525
v 2.625150 3.102700 0.176850
v 2.636150 3.276275 0.177525
v 2.599875 2.930175 0.176325
v 2.560950 2.760075 0.175725
v 2.651925 3.458825 0.003650
v 2.649700 3.457650 0.062175
v 2.631900 3.632875 0.003450
v 2.629775 3.631450 0.062575
v 2.623400 3.627450 0.121500
v 2.643125 3.454475 0.120550
v 2.593525 3.802225 0.063175
v 2.595550 3.803950 0.003250
v 2.587450 3.797425 0.122875
v 2.577400 3.789875 0.182100
v 2.612900 3.621200 0.179975
v 2.632275 3.449550 0.178525
v 0.699850 4.679775 0.532850
v 0.591575 4.631125 0.533875
v 0.817200 4.723300 0.531325
v 0.813275 4.772825 0.461725
v 0.694925 4.728825 0.462950
v 0.586000 4.679475 0.463700
v 1.072125 4.786125 0.526175
v 0.941875 4.759500 0.529175
v 1.071175 4.835700 0.457300
v 0.939275 4.809200 0.459900
v 1.070350 4.913650 0.311850
v 0.936275 4.887650 0.313575
v 0.937475 4.852000 0.387875
v 1.070625 4.878275 0.385725
v 0.808500 4.851225 0.314775
v 0.810425 4.815575 0.389375
v 0.579075 4.756275 0.315900
v 0.581900 4.721300 0.390900
v 0.691325 4.771250 0.390350
v 0.688825 4.806675 0.315500
v 1.206275 4.800975 0.522150
v 1.342575 4.801825 0.516925
v 1.345575 4.850000 0.449250
v 1.207200 4.850050 0.453800
v 1.479300 4.786450 0.510325
v 1.484525 4.833275 0.443450
v 1.492225 4.906225 0.302325
v 1.488800 4.873250 0.373975
v 1.350125 4.925200 0.306325
v 1.348075 4.891175 0.378900
v 1.208075 4.892100 0.382775
v 1.208900 4.926925 0.309450
v 1.497975 4.965775 0.002700
v 1.497625 4.961975 0.078700
v 1.353750 4.986875 0.002700
v 1.353525 4.982925 0.079725
v 1.352850 4.971225 0.156300
v 1.496600 4.950700 0.154250
v 1.070550 4.978300 0.002700
v 1.070475 4.974100 0.081125
v 1.210525 4.986225 0.080525
v 1.210675 4.990300 0.002700
v 1.070375 4.961775 0.159100
v 1.210175 4.974175 0.157900
v 1.209625 4.954350 0.234350
v 1.070300 4.941550 0.236150
v 1.351725 4.951950 0.231975
v 1.494800 4.932075 0.228950
v 0.935200 4.953100 0.002700
v 0.935175 4.948850 0.081575
v 0.806400 4.917000 0.002700
v 0.806425 4.912700 0.081850
v 0.806675 4.900100 0.160550
v 0.935275 4.936350 0.159975
v 0.575775 4.821000 0.002700
v 0.575825 4.816750 0.082100
v 0.686050 4.867925 0.082025
v 0.686000 4.872225 0.002700
v 0.576250 4.804325 0.161075
v 0.686400 4.855350 0.160900
v 0.687250 4.834825 0.238875
v 0.577275 4.784050 0.239150
v 0.807300 4.879525 0.238350
v 0.935600 4.915850 0.237450
v 1.737850 1.629300 0.453950
v 1.852275 1.765650 0.461850
v 1.826225 1.787200 0.506875
v 1.714100 1.653000 0.498425
v 2.058575 2.041400 0.475950
v 1.959425 1.902850 0.469225
v 2.028275 2.058925 0.522125
v 1.931175 1.922350 0.514800
v 1.960850 2.100450 0.609475
v 1.868625 1.968125 0.601200
v 1.900875 1.944025 0.558800
v 1.995675 2.078500 0.566625
v 1.768900 1.837400 0.592325
v 1.798400 1.811050 0.550350
v 1.688900 1.679150 0.541425
v 1.662325 1.708000 0.583025
v 2.149075 2.181850 0.481950
v 2.230225 2.324700 0.487150
v 2.196350 2.338100 0.534350
v 2.116900 2.197350 0.528675
v 2.301300 2.470525 0.491425
v 2.265950 2.481675 0.539050
v 2.186225 2.510250 0.628925
v 2.227575 2.494800 0.584875
v 2.120275 2.371200 0.623500
v 2.159675 2.353500 0.579800
v 2.082175 2.214875 0.573675
v 2.044950 2.234700 0.616950
v 2.044925 2.573700 0.750050
v 1.986350 2.440850 0.743900
v 2.033550 2.414575 0.705575
v 2.094850 2.549375 0.711525
v 1.843950 2.182675 0.728100
v 1.919175 2.310525 0.736500
v 1.884900 2.152275 0.690200
v 1.963375 2.282250 0.698375
v 2.005325 2.257075 0.658525
v 1.923900 2.124950 0.650650
v 2.078225 2.391450 0.665425
v 2.141975 2.528350 0.671150
v 1.761225 2.057150 0.718950
v 1.671550 1.933875 0.709350
v 1.705375 1.898600 0.671800
v 1.798725 2.024450 0.681250
v 1.575450 1.812750 0.699500
v 1.605500 1.774575 0.662050
v 1.634475 1.739725 0.623225
v 1.737875 1.866525 0.632800
v 1.834550 1.994850 0.642000
v 0.059800 4.338050 0.535250
v 0.120950 4.358875 0.535325
v 0.118525 4.401250 0.463950
v 0.058550 4.379900 0.463775
v 0.252675 4.430675 0.535400
v 0.184800 4.390500 0.535400
v 0.248225 4.474850 0.464325
v 0.181275 4.433700 0.464150
v 0.242625 4.544175 0.315600
v 0.176850 4.501150 0.315300
v 0.178675 4.470625 0.390650
v 0.244950 4.512750 0.390925
v 0.115450 4.467175 0.315025
v 0.116725 4.437400 0.390400
v 0.057650 4.415500 0.390200
v 0.057000 4.444775 0.314825
v 0.325950 4.477125 0.535300
v 0.405975 4.527525 0.535050
v 0.400325 4.573900 0.464400
v 0.320775 4.522375 0.464425
v 0.494050 4.579625 0.534575
v 0.488275 4.627050 0.464175
v 0.481050 4.702300 0.316050
v 0.484000 4.668050 0.391175
v 0.393275 4.647275 0.316025
v 0.396175 4.613900 0.391250
v 0.316950 4.561325 0.391150
v 0.314300 4.593725 0.315850
v 0.477550 4.765625 0.002700
v 0.477625 4.761450 0.082125
v 0.389825 4.708750 0.002700
v 0.389900 4.704750 0.082075
v 0.390350 4.692975 0.161025
v 0.478075 4.749325 0.161100
v 0.239900 4.601475 0.002700
v 0.239950 4.597775 0.081900
v 0.311175 4.649275 0.082000
v 0.311100 4.653150 0.002700
v 0.240325 4.586875 0.160700
v 0.311600 4.637925 0.160875
v 0.312575 4.619325 0.238975
v 0.241150 4.568950 0.238725
v 0.391400 4.673725 0.239150
v 0.479150 4.729475 0.239225
v 0.174675 4.556475 0.002700
v 0.174725 4.552950 0.081775
v 0.113950 4.520850 0.002700
v 0.113975 4.517450 0.081700
v 0.114175 4.507300 0.160325
v 0.175000 4.542450 0.160500
v 0.056250 4.494000 0.081625
v 0.056225 4.497325 0.002700
v 0.056350 4.484075 0.160175
v 0.056575 4.467650 0.238025
v 0.114650 4.490500 0.238225
v 0.175675 4.525125 0.238450
v 0.062275 0.258875 0.365875
v 0.125875 0.269750 0.366275
v 0.125925 0.325550 0.407975
v 0.062325 0.315050 0.407575
v 0.262400 0.317750 0.368525
v 0.192125 0.289075 0.367125
v 0.262175 0.371950 0.410250
v 0.192125 0.344225 0.408825
v 0.263550 0.496650 0.493750
v 0.193550 0.470700 0.492375
v 0.192600 0.404825 0.450625
v 0.262550 0.431650 0.452025
v 0.127075 0.453250 0.491550
v 0.126325 0.386775 0.449775
v 0.062550 0.376625 0.449375
v 0.062950 0.443475 0.491150
v 0.338000 0.356650 0.370575
v 0.420275 0.406675 0.373425
v 0.419000 0.458225 0.415225
v 0.337375 0.409675 0.412325
v 0.510525 0.468725 0.377175
v 0.508375 0.518500 0.419025
v 0.506425 0.633850 0.502350
v 0.507000 0.573575 0.460775
v 0.418800 0.577375 0.498625
v 0.418525 0.515150 0.456975
v 0.337450 0.468150 0.454100
v 0.338250 0.531925 0.495800
v 0.509625 0.844850 0.625025
v 0.424475 0.794450 0.621750
v 0.421775 0.717150 0.581100
v 0.507725 0.769600 0.584550
v 0.270325 0.721950 0.617400
v 0.345025 0.753700 0.619225
v 0.267425 0.641975 0.576550
v 0.342025 0.674850 0.578475
v 0.339775 0.600875 0.537300
v 0.265175 0.566800 0.535300
v 0.419900 0.644750 0.540025
v 0.506650 0.699225 0.543625
v 0.199425 0.698475 0.616125
v 0.131350 0.682600 0.615350
v 0.129600 0.601350 0.574475
v 0.196975 0.617725 0.575250
v 0.065200 0.673625 0.614950
v 0.064275 0.592150 0.574075
v 0.063525 0.515375 0.532775
v 0.128175 0.524850 0.533175
v 0.195000 0.541725 0.533975
v -1.446700 1.738750 -0.717250
v -1.343675 1.625425 -0.709150
v -1.366175 1.576425 -0.672500
v -1.473475 1.693625 -0.680800
v -1.236925 1.515475 -0.701250
v -1.255125 1.462275 -0.664275
v -1.273250 1.413100 -0.626325
v -1.388275 1.531250 -0.634800
v -1.499600 1.652175 -0.643275
v -1.018225 1.309775 -0.686450
v -1.028400 1.247750 -0.648600
v -1.142000 1.352350 -0.656250
v -1.127925 1.409925 -0.693650
v -1.038900 1.190075 -0.609925
v -1.156225 1.298925 -0.617975
v -1.060750 1.087450 -0.530200
v -1.184775 1.204225 -0.538750
v -1.170525 1.249600 -0.578825
v -1.049725 1.136650 -0.570450
v -1.308825 1.326150 -0.547475
v -1.291200 1.367775 -0.587400
v -1.549475 1.579550 -0.564675
v -1.524975 1.614225 -0.604575
v -1.409925 1.489775 -0.596050
v -1.431025 1.451775 -0.556175
v -0.909350 1.216000 -0.679725
v -0.915900 1.149625 -0.641375
v -0.802800 1.129625 -0.673575
v -0.806175 1.059150 -0.634750
v -0.810225 0.993275 -0.595275
v -0.923000 1.087750 -0.602300
v -0.602800 0.983075 -0.663400
v -0.601400 0.905600 -0.623750
v -0.700800 0.977425 -0.628850
v -0.700125 1.051650 -0.668100
v -0.600875 0.832925 -0.583550
v -0.702275 0.907925 -0.588950
v -0.602250 0.702175 -0.501700
v -0.707475 0.783200 -0.507600
v -0.704500 0.843175 -0.548525
v -0.601150 0.765100 -0.542825
v -0.820225 0.875425 -0.514425
v -0.814925 0.932050 -0.555150
v -0.930600 1.030350 -0.562500
v -0.938600 0.977350 -0.522050
v -0.614200 0.501175 -0.334500
v -0.725925 0.592075 -0.340175
v -0.720375 0.632475 -0.382450
v -0.610125 0.543700 -0.376550
v -0.846475 0.695175 -0.346750
v -0.839225 0.733325 -0.389300
v -0.832425 0.776075 -0.431475
v -0.715450 0.677825 -0.424500
v -0.606750 0.591400 -0.418475
v -1.105650 0.930900 -0.361625
v -1.094450 0.964150 -0.404875
v -0.964600 0.844450 -0.396850
v -0.973750 0.808725 -0.353950
v -1.083175 1.001250 -0.447400
v -0.955675 0.884450 -0.439175
v -0.946975 0.928725 -0.480925
v -1.071925 1.042325 -0.489200
v -0.826075 0.823425 -0.473200
v -0.604125 0.644250 -0.460225
v -0.711125 0.728075 -0.466225
v -1.240025 1.059875 -0.369525
v -1.226650 1.090625 -0.413200
v -1.374750 1.193875 -0.377475
v -1.359175 1.222125 -0.421550
v -1.342925 1.253500 -0.464575
v -1.212925 1.124850 -0.455950
v -1.636900 1.469650 -0.392525
v -1.616850 1.493225 -0.437525
v -1.489925 1.356925 -0.429725
v -1.507750 1.331075 -0.385200
v -1.595525 1.519250 -0.481200
v -1.471125 1.385525 -0.473050
v -1.451450 1.417100 -0.515200
v -1.573025 1.547975 -0.523575
v -1.326100 1.288125 -0.506525
v -1.198950 1.162675 -0.497800
v -2.129675 3.663300 -0.765250
v -2.158175 3.685625 -0.746525
v -2.116575 3.763925 -0.759400
v -2.093400 3.705550 -0.780350
v -2.195775 3.714275 -0.718950
v -2.149025 3.810075 -0.731800
v -2.089275 3.897700 -0.748450
v -2.060750 3.835175 -0.777375
v -2.038925 3.760925 -0.800625
v -2.276975 3.773025 -0.647925
v -2.222800 3.890900 -0.660500
v -2.185175 3.852300 -0.698575
v -2.236050 3.743900 -0.685825
v -2.155700 4.000250 -0.675625
v -2.121625 3.952175 -0.714375
v -1.988250 4.190175 -0.710175
v -1.961650 4.124625 -0.750900
v -2.046675 4.043075 -0.732150
v -2.077050 4.100275 -0.692450
v -1.936675 4.051050 -0.787200
v -2.018025 3.978225 -0.767300
v -1.896575 3.875075 -0.845150
v -1.972725 3.818725 -0.822625
v -1.992825 3.904025 -0.797575
v -1.914550 3.968275 -0.818725
v -2.316550 3.800200 -0.606050
v -2.259650 3.926100 -0.618250
v -2.354200 3.825525 -0.560650
v -2.295000 3.958225 -0.572300
v -2.222150 4.082725 -0.585925
v -2.189475 4.043600 -0.632650
v -2.421325 3.871250 -0.461075
v -2.358350 4.014675 -0.471200
v -2.328125 3.987650 -0.523125
v -2.389325 3.849175 -0.512175
v -2.281025 4.150200 -0.482950
v -2.252925 4.118100 -0.535875
v -2.089700 4.390750 -0.509400
v -2.066725 4.348575 -0.564600
v -2.165250 4.238950 -0.549900
v -2.190925 4.276150 -0.495850
v -2.041625 4.301525 -0.616675
v -2.137175 4.197625 -0.600925
v -2.107500 4.151600 -0.648575
v -2.015175 4.248925 -0.665325
v -1.605775 4.701025 -0.559700
v -1.595300 4.643025 -0.619250
v -1.721625 4.594225 -0.607300
v -1.735375 4.649150 -0.548725
v -1.583875 4.578275 -0.675200
v -1.706575 4.532825 -0.662425
v -1.824800 4.470550 -0.648025
v -1.843350 4.527800 -0.593850
v -1.860300 4.579000 -0.536350
v -1.560200 4.427325 -0.775575
v -1.675125 4.388950 -0.761300
v -1.690875 4.464525 -0.713825
v -1.572000 4.506500 -0.727400
v -1.785775 4.335800 -0.745225
v -1.805350 4.406725 -0.698550
v -1.913950 4.334400 -0.682175
v -1.890650 4.269100 -0.727975
v -1.936975 4.392975 -0.632575
v -1.978950 4.492275 -0.523075
v -1.958900 4.445400 -0.579425
v -1.549050 4.340475 -0.819575
v -1.660025 4.305675 -0.804600
v -1.539025 4.245600 -0.859175
v -1.646175 4.214275 -0.843500
v -1.749200 4.170475 -0.825875
v -1.766800 4.257225 -0.787750
v -1.524600 4.030625 -0.924350
v -1.624850 4.005475 -0.907175
v -1.634250 4.114350 -0.877775
v -1.530700 4.142425 -0.894175
v -1.721200 3.970075 -0.887925
v -1.733725 4.074950 -0.859350
v -1.827675 4.025750 -0.839500
v -1.812250 3.926075 -0.867100
v -1.846525 4.115600 -0.806925
v -1.867850 4.196450 -0.769650
v -0.700275 1.130550 -0.706700
v -0.605075 1.065225 -0.702400
v -0.800175 1.204700 -0.711700
v -0.798550 1.284425 -0.748975
v -0.701400 1.214125 -0.744525
v -0.608300 1.152100 -0.740650
v -1.008500 1.376225 -0.723475
v -0.903400 1.286900 -0.717300
v -0.999575 1.446925 -0.759475
v -0.898375 1.362275 -0.753950
v -0.985750 1.600425 -0.827750
v -0.892450 1.526375 -0.824000
v -0.894625 1.442125 -0.789575
v -0.991875 1.521725 -0.794300
v -0.799250 1.457800 -0.820525
v -0.798150 1.368800 -0.785275
v -0.618000 1.339950 -0.814550
v -0.612575 1.243675 -0.778050
v -0.703700 1.302425 -0.781450
v -0.707350 1.395450 -0.817400
v -1.114075 1.471825 -0.730150
v -1.218675 1.572875 -0.737250
v -1.200825 1.633725 -0.772000
v -1.100825 1.537625 -0.765500
v -1.419375 1.787800 -0.752625
v -1.320925 1.678475 -0.744775
v -1.391750 1.839450 -0.786500
v -1.298225 1.734550 -0.779000
v -1.336400 1.945525 -0.848125
v -1.254250 1.851800 -0.841750
v -1.275900 1.792650 -0.811475
v -1.364025 1.892450 -0.818475
v -1.167700 1.763100 -0.836400
v -1.183700 1.697350 -0.805150
v -1.088625 1.606925 -0.799475
v -1.077850 1.679325 -0.831800
v -1.242025 2.119525 -0.931725
v -1.199025 2.091100 -0.935125
v -1.201825 2.027500 -0.916075
v -1.259600 2.088825 -0.918350
v -1.137850 2.051275 -0.939050
v -1.135850 1.972450 -0.916625
v -1.142000 1.899700 -0.892125
v -1.215600 1.969725 -0.894400
v -1.283225 2.045900 -0.898675
v -0.989975 1.958300 -0.945450
v -0.982800 1.861275 -0.918525
v -1.062175 1.916850 -0.917600
v -1.067275 2.006275 -0.942575
v -0.980300 1.769650 -0.889900
v -1.063175 1.833250 -0.890825
v -1.068875 1.754425 -0.862250
v -0.981575 1.682900 -0.859625
v -1.153200 1.830225 -0.865400
v -1.309175 1.997400 -0.875075
v -1.233600 1.911000 -0.869525
v -0.908525 1.909500 -0.947450
v -0.899725 1.806300 -0.918900
v -0.824275 1.861300 -0.948675
v -0.814325 1.753150 -0.918775
v -0.807025 1.649900 -0.887400
v -0.894475 1.708225 -0.888725
v -0.652900 1.772150 -0.949375
v -0.642025 1.657025 -0.917525
v -0.727975 1.702975 -0.918300
v -0.738625 1.815025 -0.949275
v -0.632625 1.546625 -0.884375
v -0.719300 1.595700 -0.885925
v -0.712500 1.493200 -0.852250
v -0.624650 1.440925 -0.850025
v -0.802100 1.551475 -0.854600
v -0.892225 1.614975 -0.857075
v -0.744575 2.827400 -1.114525
v -0.839925 2.854325 -1.107175
v -0.843450 2.996800 -1.109200
v -0.747225 2.969850 -1.116825
v -0.935450 2.880625 -1.098525
v -0.940000 3.022725 -1.100325
v -0.940925 3.166000 -1.097475
v -0.843575 3.139925 -1.106350
v -0.746800 3.112425 -1.114075
v -1.124850 2.926400 -1.076550
v -1.132025 3.066900 -1.078125
v -1.036375 3.046475 -1.090025
v -1.030600 2.905075 -1.088375
v -1.135125 3.209450 -1.075600
v -1.038275 3.189550 -1.087300
v -1.131850 3.494775 -1.058025
v -1.032875 3.474850 -1.068675
v -1.036925 3.332800 -1.080200
v -1.134850 3.352600 -1.068925
v -0.933850 3.450600 -1.078025
v -0.938700 3.309075 -1.090050
v -0.737950 3.393250 -1.093650
v -0.743600 3.253975 -1.106300
v -0.840750 3.282450 -1.098675
v -0.835375 3.423050 -1.086275
v -1.217625 2.943375 -1.062925
v -1.226425 3.082825 -1.064475
v -1.308400 2.954800 -1.047350
v -1.319050 3.093075 -1.048925
v -1.325200 3.234050 -1.047000
v -1.230950 3.224650 -1.062225
v -1.481800 2.955900 -1.009625
v -1.496850 3.092000 -1.011400
v -1.409375 3.096525 -1.031275
v -1.396650 2.959375 -1.029625
v -1.506925 3.230975 -1.010225
v -1.417375 3.236525 -1.029700
v -1.516550 3.510800 -0.997775
v -1.423150 3.518425 -1.015925
v -1.421625 3.377700 -1.024675
v -1.513125 3.371150 -1.005775
v -1.327550 3.517600 -1.031875
v -1.327725 3.376075 -1.041375
v -1.231975 3.367375 -1.056050
v -1.230275 3.509375 -1.045825
v -1.421850 4.043925 -0.938950
v -1.421300 3.921450 -0.964975
v -1.521225 3.909875 -0.949500
v -1.317400 4.046525 -0.951325
v -1.319575 3.923075 -0.978225
v -1.322575 3.792700 -1.000475
v -1.422000 3.791950 -0.986325
v -1.519500 3.781850 -0.969925
v -1.106400 4.024400 -0.970575
v -1.113425 3.900850 -0.999150
v -1.216725 3.915850 -0.989525
v -1.212000 4.039625 -0.961775
v -1.120475 3.770425 -1.023200
v -1.221850 3.785175 -1.012675
v -1.226625 3.649175 -1.031400
v -1.126825 3.634550 -1.042800
v -1.325525 3.657000 -1.018300
v -1.518300 3.648275 -0.985925
v -1.422950 3.657050 -1.003225
v -1.001375 4.002000 -0.978100
v -1.010375 3.879225 -1.007450
v -0.897675 3.973650 -0.984625
v -0.908275 3.852075 -1.014700
v -0.918150 3.723450 -1.040325
v -1.019025 3.749500 -1.032325
v -0.697375 3.903750 -0.995925
v -0.709575 3.785525 -1.027225
v -0.807775 3.820475 -1.021200
v -0.796100 3.940500 -0.990450
v -0.720600 3.660250 -1.054025
v -0.818475 3.693350 -1.047450
v -0.827800 3.560450 -1.069175
v -0.730175 3.529075 -1.076200
v -0.926850 3.589175 -1.061425
v -1.026700 3.614225 -1.052725
v -2.039025 2.735475 -0.772350
v -2.094375 2.709225 -0.734950
v -2.134175 2.847525 -0.738125
v -2.076500 2.872100 -0.775475
v -2.146725 2.686850 -0.696075
v -2.188575 2.827175 -0.699225
v -2.220425 2.968125 -0.701575
v -2.164525 2.986125 -0.740275
v -2.105150 3.008900 -0.777375
v -2.242175 2.652200 -0.613775
v -2.287450 2.797350 -0.616750
v -2.239675 2.810600 -0.658775
v -2.196000 2.667975 -0.655700
v -2.321775 2.944100 -0.619250
v -2.272850 2.954325 -0.661250
v -2.356300 3.235975 -0.624300
v -2.307000 3.237550 -0.665475
v -2.295350 3.097275 -0.663375
v -2.344825 3.090850 -0.621650
v -2.254250 3.243125 -0.704600
v -2.242325 3.107525 -0.703300
v -2.137850 3.272425 -0.777325
v -2.125450 3.143225 -0.778000
v -2.185700 3.122525 -0.741475
v -2.197900 3.254250 -0.741850
v -2.285200 2.639175 -0.570275
v -2.331875 2.787000 -0.573100
v -2.325025 2.628500 -0.525150
v -2.372925 2.779075 -0.527800
v -2.409150 2.932025 -0.530150
v -2.367225 2.936850 -0.575575
v -2.395000 2.612750 -0.429875
v -2.444775 2.768725 -0.432075
v -2.410575 2.773125 -0.480800
v -2.361650 2.619825 -0.478375
v -2.482350 2.927700 -0.434075
v -2.447525 2.929150 -0.483000
v -2.518725 3.249375 -0.438900
v -2.483525 3.244125 -0.488200
v -2.472025 3.086575 -0.485350
v -2.507175 3.088350 -0.436250
v -2.444650 3.239775 -0.535600
v -2.433225 3.086050 -0.532625
v -2.390800 3.087275 -0.578075
v -2.402225 3.236875 -0.581000
v -2.434950 3.704275 -0.503575
v -2.468300 3.721725 -0.453125
v -2.398275 3.686050 -0.551575
v -2.427700 3.541075 -0.544650
v -2.465525 3.554275 -0.496950
v -2.499850 3.567375 -0.447000
v -2.316775 3.647500 -0.638700
v -2.358725 3.667100 -0.596750
v -2.342875 3.515400 -0.632150
v -2.386700 3.528025 -0.589800
v -2.401025 3.384200 -0.584725
v -2.355850 3.377850 -0.627575
v -2.443000 3.391875 -0.539475
v -2.516475 3.409475 -0.442375
v -2.481550 3.400450 -0.491950
v -2.272925 3.627325 -0.677050
v -2.228125 3.609150 -0.711475
v -2.247725 3.495175 -0.707625
v -2.296525 3.503450 -0.671375
v -2.136475 3.597825 -0.768600
v -2.183425 3.595650 -0.741600
v -2.141925 3.503625 -0.772275
v -2.196450 3.493525 -0.741100
v -2.201375 3.378825 -0.741450
v -2.142875 3.393850 -0.775300
v -2.256225 3.372750 -0.705700
v -2.307650 3.373225 -0.667825
v -1.424650 4.157725 -0.908025
v -1.429300 4.263100 -0.872325
v -1.317975 4.268125 -0.883275
v -1.316950 4.161475 -0.919625
v -1.442500 4.449600 -0.787450
v -1.435400 4.360300 -0.832075
v -1.323250 4.457500 -0.797200
v -1.320150 4.366725 -0.842400
v -1.085000 4.436825 -0.811475
v -1.089375 4.345500 -0.857750
v -1.204450 4.361300 -0.850850
v -1.203675 4.452675 -0.805100
v -1.094375 4.246475 -0.899750
v -1.206000 4.262125 -0.892300
v -1.208475 4.154975 -0.929325
v -1.100050 4.139525 -0.937400
v -1.450250 4.531250 -0.738625
v -1.458200 4.605525 -0.685775
v -1.331050 4.616450 -0.694375
v -1.326975 4.540675 -0.747800
v -1.473150 4.732850 -0.568750
v -1.465975 4.672625 -0.629075
v -1.339125 4.746825 -0.576075
v -1.335175 4.685100 -0.637075
v -1.073550 4.729800 -0.586425
v -1.075525 4.666950 -0.648450
v -1.204500 4.682525 -0.643475
v -1.205375 4.745075 -0.581900
v -1.078100 4.597325 -0.706725
v -1.203850 4.613075 -0.701275
v -1.203525 4.536550 -0.755200
v -1.081225 4.520700 -0.761100
v -0.598825 4.576600 -0.595550
v -0.608025 4.516200 -0.659100
v -0.714500 4.563000 -0.657375
v -0.706325 4.624375 -0.594200
v -0.618800 4.449625 -0.719025
v -0.724125 4.495325 -0.716875
v -0.836775 4.536475 -0.714250
v -0.828950 4.605125 -0.655175
v -0.822375 4.667300 -0.592375
v -0.643725 4.296775 -0.827525
v -0.746575 4.339925 -0.824350
v -0.734925 4.421075 -0.772550
v -0.630825 4.376575 -0.775200
v -0.855200 4.378775 -0.820800
v -0.845575 4.461125 -0.769500
v -0.961475 4.494950 -0.765775
v -0.968425 4.411625 -0.816625
v -0.955250 4.571125 -0.710975
v -0.945325 4.703150 -0.589850
v -0.949825 4.640450 -0.652275
v -0.657175 4.209875 -0.875875
v -0.758800 4.251575 -0.872150
v -0.670825 4.115625 -0.920125
v -0.771325 4.155775 -0.915825
v -0.876050 4.191900 -0.911200
v -0.865425 4.289125 -0.868075
v -0.783850 4.052175 -0.955300
v -0.684325 4.013675 -0.960200
v -0.886875 4.086850 -0.950075
v -0.992575 4.116375 -0.944225
v -0.984075 4.222600 -0.905950
v -0.976000 4.320950 -0.863375
v -1.618650 3.887250 -0.931475
v -1.614450 3.761375 -0.951025
v -1.705925 3.732325 -0.929925
v -1.712400 3.855275 -0.911325
v -1.607150 3.493725 -0.977175
v -1.611025 3.629625 -0.966150
v -1.694625 3.469025 -0.954300
v -1.700450 3.602975 -0.944125
v -1.858700 3.404175 -0.902425
v -1.867025 3.532950 -0.894300
v -1.786000 3.570150 -0.920100
v -1.778600 3.438550 -0.929325
v -1.874800 3.655600 -0.882400
v -1.793025 3.696450 -0.906950
v -1.801225 3.815700 -0.889425
v -1.883975 3.770250 -0.866200
v -1.601650 3.355400 -0.984450
v -1.593325 3.216350 -0.988325
v -1.676525 3.194400 -0.964150
v -1.687075 3.332250 -0.960850
v -1.563300 2.943125 -0.987175
v -1.580950 3.078350 -0.989125
v -1.641275 2.922725 -0.962400
v -1.661675 3.057300 -0.964550
v -1.786875 2.865925 -0.906450
v -1.813150 2.999875 -0.909000
v -1.739075 3.030575 -0.937800
v -1.715775 2.896425 -0.935450
v -1.833025 3.135600 -0.909400
v -1.756450 3.166900 -0.937800
v -1.769175 3.303525 -0.935125
v -1.847775 3.271050 -0.907350
v -2.015575 2.901350 -0.811375
v -1.980675 2.765950 -0.808325
v -2.042275 3.037100 -0.812950
v -1.975975 3.068850 -0.846875
v -1.951375 2.933550 -0.845675
v -1.919250 2.798975 -0.842750
v -2.074025 3.299150 -0.811150
v -2.061525 3.170575 -0.812925
v -2.006300 3.331800 -0.843300
v -1.993950 3.202425 -0.846175
v -1.922700 3.236625 -0.877675
v -1.934550 3.367700 -0.873725
v -1.906200 3.102300 -0.879075
v -1.854675 2.832875 -0.875500
v -1.883925 2.966975 -0.878250
v -2.080500 3.420250 -0.807475
v -2.083350 3.530525 -0.801675
v -2.019800 3.568450 -0.829675
v -2.013950 3.454550 -0.838000
v -2.084975 3.626700 -0.793550
v -2.026700 3.671300 -0.817650
v -1.959425 3.720625 -0.842075
v -1.950350 3.611525 -0.856625
v -1.942900 3.493275 -0.866925
v -1.854500 1.521600 -0.049500
v -1.724100 1.375650 -0.048500
v -1.977875 1.667900 -0.050350
v -1.972350 1.672000 -0.103225
v -1.849250 1.526125 -0.101500
v -1.719150 1.380525 -0.099550
v -2.200500 1.964275 -0.051800
v -2.093475 1.815225 -0.051125
v -2.194425 1.967400 -0.106100
v -2.087675 1.818850 -0.104750
v -2.171225 1.979600 -0.213225
v -2.065525 1.832900 -0.210575
v -2.078275 1.824775 -0.157975
v -2.184600 1.972525 -0.159975
v -1.951375 1.687750 -0.207600
v -1.963425 1.678650 -0.155700
v -1.700725 1.399375 -0.200425
v -1.711275 1.388475 -0.150250
v -1.840850 1.533450 -0.153125
v -1.829525 1.543475 -0.204200
v -2.298125 2.115775 -0.052375
v -2.385575 2.270375 -0.052875
v -2.379075 2.272375 -0.108250
v -2.291825 2.118350 -0.107250
v -2.526800 2.591775 -0.053650
v -2.462075 2.428825 -0.053300
v -2.520025 2.592475 -0.109800
v -2.455425 2.430175 -0.109100
v -2.493775 2.595700 -0.220575
v -2.429700 2.435900 -0.219175
v -2.444550 2.432500 -0.164450
v -2.508975 2.593725 -0.165525
v -2.354050 2.280400 -0.217475
v -2.368525 2.275700 -0.163200
v -2.281600 2.122600 -0.161700
v -2.267650 2.128525 -0.215500
v -2.333575 2.461025 -0.427150
v -2.362750 2.452875 -0.377225
v -2.425075 2.606900 -0.379625
v -2.261225 2.313025 -0.423900
v -2.289300 2.302750 -0.374350
v -2.314250 2.293900 -0.323275
v -2.388600 2.446025 -0.325750
v -2.451650 2.602175 -0.327850
v -2.086500 2.025725 -0.415750
v -2.111925 2.011650 -0.367100
v -2.205450 2.155875 -0.370975
v -2.178625 2.168125 -0.420100
v -2.134675 1.999200 -0.317000
v -2.229375 2.145200 -0.320375
v -2.250175 2.136050 -0.268475
v -2.154500 1.988500 -0.265625
v -2.335900 2.286450 -0.270925
v -2.474600 2.598500 -0.274750
v -2.410975 2.440375 -0.273000
v -1.985550 1.885275 -0.410825
v -2.009450 1.869400 -0.362700
v -1.876500 1.746175 -0.405325
v -1.898750 1.728525 -0.357750
v -1.918800 1.712800 -0.308825
v -2.030900 1.855300 -0.313150
v -1.655575 1.448350 -0.346125
v -1.780550 1.588375 -0.352250
v -1.760050 1.607825 -0.399225
v -1.672600 1.429450 -0.298550
v -1.799125 1.571075 -0.303950
v -1.815525 1.556075 -0.254550
v -1.687750 1.413075 -0.249925
v -1.936425 1.699175 -0.258700
v -2.049675 1.843100 -0.262375
v -0.589200 3.972600 -0.965075
v -0.602275 3.864550 -1.001350
v -0.575550 4.072850 -0.924450
v -0.484850 4.029400 -0.928650
v -0.497925 3.930875 -0.969825
v -0.510325 3.824700 -1.006550
v -0.547900 4.251000 -0.830650
v -0.561650 4.165550 -0.879600
v -0.458225 4.204650 -0.833625
v -0.471475 4.120575 -0.883200
v -0.293775 4.118400 -0.838800
v -0.304150 4.036750 -0.889550
v -0.385900 4.076975 -0.886550
v -0.373800 4.159750 -0.836375
v -0.314525 3.948325 -0.936075
v -0.398050 3.987250 -0.932575
v -0.334175 3.750275 -1.015700
v -0.421125 3.786025 -1.011400
v -0.409900 3.890325 -0.974250
v -0.324650 3.852875 -0.978200
v -0.534650 4.329475 -0.777750
v -0.522250 4.401300 -0.721000
v -0.433375 4.352500 -0.722775
v -0.445400 4.281875 -0.780100
v -0.501600 4.526075 -0.596600
v -0.511125 4.466750 -0.660575
v -0.413300 4.475075 -0.597400
v -0.422575 4.416825 -0.661825
v -0.258475 4.380400 -0.598375
v -0.265775 4.324225 -0.663675
v -0.341200 4.368600 -0.662850
v -0.332700 4.425775 -0.597975
v -0.274300 4.261950 -0.725650
v -0.351100 4.305350 -0.724350
v -0.362075 4.235800 -0.782250
v -0.283725 4.193400 -0.784100
v 0.000000 4.282525 -0.598825
v 0.000000 4.228525 -0.665050
v -0.063450 4.235850 -0.664950
v -0.061425 4.290025 -0.598825
v 0.000000 4.168300 -0.728125
v -0.065825 4.175475 -0.727975
v -0.132750 4.194900 -0.727500
v -0.128100 4.255675 -0.664725
v -0.124125 4.310300 -0.598775
v 0.000000 4.028950 -0.843800
v -0.071250 4.035825 -0.843425
v -0.068450 4.108825 -0.787550
v 0.000000 4.101800 -0.787825
v -0.143375 4.054375 -0.842425
v -0.137900 4.127825 -0.786825
v -0.209325 4.156700 -0.785650
v -0.217250 4.082575 -0.840850
v -0.201875 4.224425 -0.726700
v -0.189375 4.341175 -0.598625
v -0.195150 4.285850 -0.664275
v 0.000000 3.949700 -0.895750
v -0.074125 3.956375 -0.895300
v 0.000000 3.863950 -0.943400
v -0.077000 3.870450 -0.942850
v -0.154650 3.887975 -0.941375
v -0.149025 3.974475 -0.894025
v 0.000000 3.672775 -1.024600
v -0.082400 3.678750 -1.023950
v -0.079800 3.777925 -0.985850
v 0.000000 3.771675 -0.986450
v -0.165275 3.694850 -1.022125
v -0.160125 3.794800 -0.984150
v -0.241575 3.820425 -0.981575
v -0.249050 3.719300 -1.019350
v -0.233600 3.914575 -0.939075
v -0.225425 4.001925 -0.892075
v -0.516000 1.009650 -0.698825
v -0.512375 0.924900 -0.659525
v -0.520550 1.099075 -0.737375
v -0.437475 1.054625 -0.734675
v -0.432325 0.963250 -0.695900
v -0.427975 0.876525 -0.656450
v -0.532450 1.292000 -0.812000
v -0.526025 1.193200 -0.775125
v -0.450225 1.251350 -0.809775
v -0.443450 1.150650 -0.772650
v -0.293825 1.190775 -0.806300
v -0.288025 1.087875 -0.768950
v -0.364300 1.115675 -0.770575
v -0.370825 1.217700 -0.807875
v -0.282725 0.989550 -0.730775
v -0.358425 1.018275 -0.732475
v -0.273825 0.806625 -0.652275
v -0.348750 0.837300 -0.654050
v -0.353225 0.925475 -0.693625
v -0.277975 0.895825 -0.691875
v -0.539875 1.395500 -0.847925
v -0.548350 1.503650 -0.882800
v -0.466150 1.466700 -0.881250
v -0.457800 1.356700 -0.846000
v -0.568475 1.734000 -0.949100
v -0.557875 1.616500 -0.916550
v -0.485175 1.700700 -0.948550
v -0.475275 1.581375 -0.915475
v -0.321300 1.648925 -0.947000
v -0.313875 1.527350 -0.913225
v -0.394000 1.551650 -0.914325
v -0.402825 1.672325 -0.947825
v -0.306800 1.410500 -0.878475
v -0.385725 1.435675 -0.879800
v -0.377975 1.324350 -0.844300
v -0.300100 1.298325 -0.842825
v 0.000000 1.606725 -0.944825
v 0.000000 1.484175 -0.910675
v -0.077900 1.486875 -0.910875
v -0.079925 1.609400 -0.945025
v 0.000000 1.366425 -0.875725
v -0.075950 1.369125 -0.875925
v -0.152200 1.377300 -0.876500
v -0.156050 1.494950 -0.911425
v -0.160000 1.617400 -0.945500
v 0.000000 1.145050 -0.803450
v -0.072275 1.147725 -0.803625
v -0.074075 1.256100 -0.840175
v 0.000000 1.253400 -0.839975
v -0.145025 1.156075 -0.804175
v -0.148525 1.264350 -0.840725
v -0.223725 1.278375 -0.841625
v -0.218700 1.170325 -0.805050
v -0.229050 1.391075 -0.877375
v -0.240400 1.630575 -0.946200
v -0.234625 1.508450 -0.912225
v 0.000000 1.041300 -0.766125
v -0.070575 1.043975 -0.766300
v 0.000000 0.942075 -0.728075
v -0.069000 0.944750 -0.728225
v -0.138675 0.953250 -0.728700
v -0.141725 1.052375 -0.766825
v 0.000000 0.756925 -0.649700
v -0.066300 0.759650 -0.649825
v -0.067575 0.850000 -0.689375
v 0.000000 0.847300 -0.689250
v -0.133475 0.768425 -0.650225
v -0.135925 0.858625 -0.689825
v -0.205800 0.873700 -0.690625
v -0.202350 0.783875 -0.651025
v -0.209700 0.968050 -0.729525
v -0.214025 1.066900 -0.767675
v -0.651900 2.943025 -1.123350
v -0.649950 2.801075 -1.120650
v -0.651100 3.084575 -1.120800
v -0.556325 3.057350 -1.126600
v -0.557350 2.917125 -1.128850
v -0.555925 2.776050 -1.125725
v -0.642150 3.362250 -1.100400
v -0.647750 3.224700 -1.113125
v -0.547775 3.331250 -1.106450
v -0.553075 3.195725 -1.119100
v -0.362475 3.274425 -1.116175
v -0.366500 3.143125 -1.128450
v -0.459375 3.168175 -1.124200
v -0.454625 3.301575 -1.111725
v -0.369100 3.008525 -1.135375
v -0.462375 3.031675 -1.131450
v -0.369425 2.732600 -1.132875
v -0.462450 2.753000 -1.129750
v -0.463450 2.893000 -1.133325
v -0.370100 2.871400 -1.136875
v -0.634550 3.496100 -1.082750
v -0.625200 3.625175 -1.060275
v -0.531900 3.589725 -1.066125
v -0.540650 3.462925 -1.088750
v -0.614350 3.748375 -1.033125
v -0.521725 3.710650 -1.038700
v -0.342850 3.640325 -1.048350
v -0.431350 3.674075 -1.043825
v -0.350525 3.523825 -1.076025
v -0.440450 3.555425 -1.071425
v -0.448275 3.430950 -1.094075
v -0.357125 3.401575 -1.098675
v 0.000000 3.567225 -1.057525
v -0.084775 3.572825 -1.056875
v 0.000000 3.455575 -1.085200
v -0.086875 3.460800 -1.084550
v -0.174050 3.474950 -1.082725
v -0.169925 3.588025 -1.055025
v 0.000000 3.216375 -1.124575
v -0.090125 3.220800 -1.124025
v -0.088650 3.343250 -1.106975
v 0.000000 3.338425 -1.107575
v -0.180425 3.232775 -1.122375
v -0.177575 3.356325 -1.105200
v -0.266975 3.376250 -1.102425
v -0.271150 3.251075 -1.119750
v -0.261825 3.496475 -1.079850
v -0.255825 3.611075 -1.052125
v 0.000000 3.090025 -1.136150
v -0.091225 3.094025 -1.135650
v 0.000000 2.959950 -1.142250
v -0.091925 2.963575 -1.141825
v -0.184000 2.973525 -1.140550
v -0.182600 3.104950 -1.134200
v 0.000000 2.691025 -1.137750
v -0.092125 2.694050 -1.137500
v -0.092250 2.830050 -1.142450
v 0.000000 2.826750 -1.142800
v -0.184350 2.702425 -1.136650
v -0.184600 2.839125 -1.141400
v -0.277200 2.853175 -1.139550
v -0.276750 2.715500 -1.135150
v -0.276350 2.988825 -1.138400
v -0.274300 3.121675 -1.131775
v -0.644625 0.347325 -0.039500
v -0.538625 0.263500 -0.038750
v -0.642250 0.354425 -0.081675
v -0.536550 0.270950 -0.080225
v -0.441000 0.200950 -0.079100
v -0.442775 0.193150 -0.038175
v -0.634300 0.383225 -0.166050
v -0.529725 0.301050 -0.163250
v -0.533475 0.283425 -0.121725
v -0.638700 0.366375 -0.123875
v -0.435275 0.232425 -0.161075
v -0.438425 0.214000 -0.120050
v -0.270925 0.132525 -0.158200
v -0.272950 0.112700 -0.117825
v -0.352050 0.157350 -0.118775
v -0.349475 0.176500 -0.159400
v -0.274625 0.098550 -0.077600
v -0.354200 0.143725 -0.078225
v -0.355650 0.135575 -0.037750
v -0.275800 0.090075 -0.037425
v -0.629325 0.405050 -0.208200
v -0.525550 0.323900 -0.204825
v -0.624100 0.431925 -0.250325
v -0.521250 0.352000 -0.246450
v -0.428325 0.285475 -0.243425
v -0.431825 0.256225 -0.202175
v -0.513450 0.424325 -0.329925
v -0.517125 0.385450 -0.288150
v -0.618975 0.463950 -0.292425
v -0.422300 0.360650 -0.326300
v -0.425050 0.320275 -0.284775
v -0.263250 0.269150 -0.321575
v -0.264725 0.226375 -0.280375
v -0.341400 0.267525 -0.282225
v -0.339350 0.309225 -0.323575
v -0.266625 0.189350 -0.239425
v -0.343925 0.231550 -0.241100
v -0.346700 0.201225 -0.200175
v -0.268750 0.158075 -0.198700
v 0.000000 0.204875 -0.318925
v 0.000000 0.159975 -0.277875
v -0.062675 0.163575 -0.277950
v -0.062400 0.208325 -0.319025
v 0.000000 0.120900 -0.237150
v -0.063100 0.124650 -0.237225
v -0.127625 0.136725 -0.237575
v -0.126775 0.175250 -0.278325
v -0.126150 0.219600 -0.319425
v 0.000000 0.060425 -0.156550
v -0.064125 0.064450 -0.156625
v -0.063600 0.091575 -0.196800
v 0.000000 0.087700 -0.196725
v -0.129675 0.077275 -0.156850
v -0.128625 0.104075 -0.197100
v -0.196525 0.125950 -0.197700
v -0.198125 0.099700 -0.157375
v -0.195000 0.158025 -0.238275
v -0.192650 0.239575 -0.320225
v -0.193650 0.195900 -0.279100
v 0.000000 0.039125 -0.116575
v -0.064600 0.043250 -0.116625
v 0.000000 0.023850 -0.076725
v -0.065025 0.028075 -0.076750
v -0.131500 0.041450 -0.076900
v -0.130675 0.056400 -0.116800
v -0.065325 0.018925 -0.037000
v 0.000000 0.014650 -0.037000
v -0.132075 0.032450 -0.037075
v -0.201775 0.055950 -0.037200
v -0.200900 0.064700 -0.077150
v -0.199625 0.079300 -0.117200
v -0.081975 1.736800 -0.978325
v 0.000000 1.734150 -0.978150
v -0.164050 1.744625 -0.978725
v -0.168050 1.875900 -1.010475
v -0.084000 1.868225 -1.010175
v 0.000000 1.865600 -1.010050
v -0.329025 1.775200 -0.979800
v -0.246350 1.757475 -0.979250
v -0.336775 1.905525 -1.011000
v -0.252300 1.888400 -1.010800
v -0.351350 2.175425 -1.066400
v -0.263325 2.159225 -1.066950
v -0.258025 2.022575 -1.040225
v -0.344300 2.039150 -1.040075
v -0.175475 2.147225 -1.067175
v -0.171900 2.010375 -1.040150
v 0.000000 2.137150 -1.067150
v 0.000000 2.000225 -1.039925
v -0.085925 2.002825 -1.040000
v -0.087700 2.139750 -1.067200
v -0.412125 1.797675 -0.980250
v -0.495825 1.824700 -0.980475
v -0.506800 1.952800 -1.010675
v -0.421575 1.927075 -1.011025
v -0.665375 1.891950 -0.979850
v -0.580200 1.856175 -0.980375
v -0.678800 2.016075 -1.008475
v -0.592525 1.982550 -1.009875
v -0.706050 2.275475 -1.058200
v -0.616875 2.245850 -1.061425
v -0.604925 2.112600 -1.037050
v -0.692575 2.144050 -1.034750
v -0.528075 2.219075 -1.063775
v -0.517700 2.084450 -1.038625
v -0.430850 2.059875 -1.039575
v -0.439600 2.195475 -1.065400
v -0.644925 2.659925 -1.112600
v -0.738500 2.686325 -1.107025
v -0.551875 2.635150 -1.117100
v -0.545600 2.494975 -1.103550
v -0.637400 2.520000 -1.099725
v -0.729650 2.547050 -1.094825
v -0.366950 2.592875 -1.123225
v -0.459225 2.612625 -1.120600
v -0.362950 2.452975 -1.108550
v -0.454125 2.472475 -1.106475
v -0.447450 2.333225 -1.087875
v -0.357650 2.313600 -1.089425
v -0.537525 2.356100 -1.085600
v -0.718625 2.409950 -1.078400
v -0.627875 2.381800 -1.082475
v -0.274975 2.576525 -1.125075
v -0.183200 2.564075 -1.126275
v -0.181225 2.424900 -1.110825
v -0.272000 2.436950 -1.109975
v 0.000000 2.553350 -1.127075
v -0.091550 2.556175 -1.126900
v 0.000000 2.414575 -1.111325
v -0.090600 2.417275 -1.111250
v -0.089275 2.278200 -1.091150
v 0.000000 2.275550 -1.091175
v -0.178625 2.285675 -1.090925
v -0.268050 2.297600 -1.090400
v -0.751475 1.931875 -0.978775
v -0.837225 1.974425 -0.977000
v -0.852250 2.092250 -1.003325
v -0.765750 2.053175 -1.006350
v -1.002725 2.061300 -0.970650
v -0.921400 2.018075 -0.974350
v -1.019550 2.169975 -0.993875
v -0.937225 2.131725 -0.999225
v -1.059250 2.403375 -1.033325
v -0.973000 2.373200 -1.041750
v -0.954800 2.250175 -1.021800
v -1.038900 2.284075 -1.014850
v -0.884875 2.340750 -1.048550
v -0.868450 2.214450 -1.027325
v -0.780725 2.178550 -1.031550
v -0.795650 2.307650 -1.053975
v -1.079950 2.102550 -0.965800
v -1.151050 2.138900 -0.959625
v -1.171875 2.234900 -0.978425
v -1.098150 2.205425 -0.987075
v -1.267050 2.178500 -0.941375
v -1.213950 2.167300 -0.952050
v -1.300250 2.261800 -0.953825
v -1.239575 2.255275 -0.967625
v -1.370875 2.464150 -0.978725
v -1.299350 2.462275 -0.996100
v -1.268900 2.354225 -0.982475
v -1.335550 2.357925 -0.966575
v -1.223125 2.450075 -1.010800
v -1.196725 2.338875 -0.995575
v -1.119800 2.314575 -1.006225
v -1.142850 2.429725 -1.023100
v -1.378200 2.826700 -1.024975
v -1.460650 2.824350 -1.005150
v -1.292375 2.820775 -1.042450
v -1.272075 2.691600 -1.034525
v -1.355100 2.699175 -1.017650
v -1.434450 2.698050 -0.998325
v -1.112925 2.789450 -1.070975
v -1.203775 2.807925 -1.057725
v -1.097325 2.656425 -1.061700
v -1.185950 2.676850 -1.049150
v -1.165275 2.550650 -1.037500
v -1.079075 2.527600 -1.049050
v -1.248600 2.567850 -1.023875
v -1.404200 2.577750 -0.989400
v -1.328450 2.577475 -1.007925
v -1.020425 2.766725 -1.082375
v -0.926800 2.741075 -1.092050
v -0.914925 2.604375 -1.081325
v -1.006775 2.631775 -1.072375
v -0.832650 2.713825 -1.100225
v -0.822350 2.575650 -1.088750
v -0.809750 2.440150 -1.073200
v -0.900650 2.470825 -1.066700
v -0.990650 2.500500 -1.058700
v -1.308650 2.163300 -0.925850
v -1.344175 2.130800 -0.906025
v -1.399675 2.223950 -0.915300
v -1.352825 2.249800 -0.936300
v -1.413125 2.044300 -0.855750
v -1.378925 2.090125 -0.882500
v -1.484300 2.148025 -0.864150
v -1.443150 2.188950 -0.891175
v -1.609750 2.369700 -0.881400
v -1.555750 2.404025 -0.909525
v -1.502000 2.293650 -0.900400
v -1.549850 2.256525 -0.872850
v -1.498400 2.432725 -0.935250
v -1.451050 2.324825 -0.925325
v -1.395925 2.347175 -0.947450
v -1.437000 2.453525 -0.958375
v -1.446850 1.996350 -0.826275
v -1.480075 1.947750 -0.794475
v -1.562800 2.059425 -0.802675
v -1.524175 2.104300 -0.834525
v -1.544450 1.854475 -0.725475
v -1.512625 1.899950 -0.760725
v -1.636450 1.972600 -0.733650
v -1.600225 2.014975 -0.768925
v -1.801125 2.216400 -0.749200
v -1.756525 2.253675 -0.784725
v -1.681675 2.132900 -0.777000
v -1.722175 2.093225 -0.741625
v -1.709900 2.292800 -0.818750
v -1.639525 2.174450 -0.810850
v -1.595650 2.216225 -0.842900
v -1.661050 2.332050 -0.851050
v -1.936850 2.633500 -0.803925
v -1.992225 2.601625 -0.767975
v -1.878600 2.667600 -0.838350
v -1.829850 2.539400 -0.832750
v -1.884575 2.503975 -0.798400
v -1.936650 2.470550 -0.762550
v -1.752925 2.735725 -0.902125
v -1.817325 2.702225 -0.871150
v -1.711750 2.609500 -0.896325
v -1.772325 2.575150 -0.865450
v -1.720075 2.451725 -0.858650
v -1.663875 2.487425 -0.889300
v -1.773475 2.414475 -0.826125
v -1.872775 2.342150 -0.756225
v -1.824300 2.377375 -0.791925
v -1.685200 2.766375 -0.931150
v -1.614000 2.792475 -0.958100
v -1.580625 2.667075 -0.951925
v -1.647925 2.640725 -0.925200
v -1.539200 2.812375 -0.982825
v -1.509550 2.686775 -0.976350
v -1.475175 2.566950 -0.968100
v -1.541825 2.546975 -0.944225
v -1.604600 2.519825 -0.917875
v -1.524525 1.307800 -0.339425
v -1.389625 1.168575 -0.332300
v -1.403425 1.146350 -0.286200
v -1.539975 1.287250 -0.292550
v -1.116700 0.901450 -0.317650
v -1.252950 1.032525 -0.324975
v -1.127325 0.875850 -0.273050
v -1.265150 1.008600 -0.279625
v -1.145950 0.836225 -0.182325
v -1.286150 0.971325 -0.187025
v -1.276325 0.988175 -0.233600
v -1.137175 0.854100 -0.227925
v -1.426825 1.111450 -0.191700
v -1.415925 1.127275 -0.239275
v -1.553800 1.269525 -0.244775
v -1.565750 1.254750 -0.196200
v -0.983025 0.777225 -0.310550
v -0.854075 0.661675 -0.303825
v -0.861725 0.632775 -0.260600
v -0.992125 0.749950 -0.266650
v -0.732000 0.556650 -0.297725
v -0.738325 0.526150 -0.255100
v -0.750400 0.479650 -0.169475
v -0.744575 0.500500 -0.212350
v -0.875875 0.588550 -0.173425
v -0.869100 0.608400 -0.217125
v -1.000700 0.726875 -0.222375
v -1.008475 0.708025 -0.177750
v -0.762275 0.445325 -0.040400
v -0.889325 0.555700 -0.041425
v -0.886300 0.562225 -0.085525
v -0.759575 0.452125 -0.083475
v -1.162700 0.806250 -0.043775
v -1.023550 0.676600 -0.042575
v -1.159025 0.812275 -0.090175
v -1.020200 0.682875 -0.087800
v -1.015075 0.693350 -0.132875
v -1.153350 0.822275 -0.136375
v -0.881725 0.573175 -0.129550
v -0.755525 0.463550 -0.126500
v -1.304550 0.942775 -0.045000
v -1.446900 1.084400 -0.046225
v -1.442600 1.089900 -0.095025
v -1.300575 0.948550 -0.092600
v -1.587475 1.229300 -0.047400
v -1.582850 1.234500 -0.097375
v -1.575525 1.243025 -0.147025
v -1.435800 1.098950 -0.143575
v -1.294325 0.958075 -0.140000
v -1.747175 4.698025 -0.486875
v -1.614750 4.752575 -0.496775
v -1.874900 4.624625 -0.475725
v -1.887250 4.664600 -0.412425
v -1.757100 4.740750 -0.422225
v -1.622300 4.797600 -0.430900
v -2.109650 4.428700 -0.451450
v -1.996300 4.534250 -0.463775
v -2.126700 4.462200 -0.391075
v -2.011025 4.571100 -0.401900
v -2.152350 4.515125 -0.264425
v -2.033050 4.628975 -0.271925
v -2.023250 4.602725 -0.337825
v -2.140900 4.491075 -0.328600
v -1.905575 4.727000 -0.279200
v -1.897450 4.698775 -0.346775
v -1.633375 4.867650 -0.291975
v -1.628475 4.836000 -0.362500
v -1.765275 4.777175 -0.355100
v -1.771750 4.807250 -0.285975
v -2.213325 4.309850 -0.439225
v -2.305675 4.179525 -0.427575
v -2.326900 4.205825 -0.370075
v -2.232550 4.339800 -0.380325
v -2.449600 3.891925 -0.407825
v -2.384975 4.039625 -0.416950
v -2.474125 3.910875 -0.352675
v -2.407975 4.062200 -0.360725
v -2.511900 3.942325 -0.237825
v -2.443275 4.099100 -0.243400
v -2.427425 4.082125 -0.302775
v -2.494900 3.927775 -0.295925
v -2.359275 4.248175 -0.249875
v -2.344750 4.228775 -0.310750
v -2.248650 4.365750 -0.319475
v -2.261700 4.387525 -0.256975
v -2.469600 4.129350 -0.059550
v -2.540325 3.968650 -0.058100
v -2.383200 4.282275 -0.061200
v -2.378450 4.275175 -0.124800
v -2.464350 4.123000 -0.121500
v -2.534650 3.963075 -0.118625
v -2.170900 4.556500 -0.064950
v -2.283000 4.425325 -0.063025
v -2.167275 4.548025 -0.132250
v -2.278800 4.417550 -0.128450
v -2.271725 4.404875 -0.193200
v -2.161125 4.534175 -0.198850
v -2.370500 4.263725 -0.187800
v -2.525175 3.954200 -0.178625
v -2.455575 4.112825 -0.182875
v -2.048775 4.673725 -0.066875
v -1.918500 4.774925 -0.068750
v -1.916025 4.765225 -0.139800
v -2.045725 4.664600 -0.136075
v -1.641050 4.921100 -0.072025
v -1.781975 4.858075 -0.070475
v -1.639600 4.910325 -0.146325
v -1.780025 4.847800 -0.143250
v -1.776650 4.830825 -0.215225
v -1.637050 4.892475 -0.219800
v -1.911750 4.749200 -0.210075
v -2.040500 4.649650 -0.204550
v -2.497850 3.738325 -0.400625
v -2.530325 3.580100 -0.395075
v -2.556950 3.592175 -0.341450
v -2.523575 3.753750 -0.346350
v -2.550150 3.255050 -0.387725
v -2.547575 3.418575 -0.390900
v -2.577700 3.260825 -0.334950
v -2.574800 3.427425 -0.337750
v -2.620800 3.271725 -0.225475
v -2.617225 3.443225 -0.227425
v -2.598025 3.435750 -0.283175
v -2.601300 3.266475 -0.280800
v -2.598275 3.613050 -0.230000
v -2.579600 3.603250 -0.286350
v -2.545425 3.767700 -0.290525
v -2.563375 3.779850 -0.233425
v -2.538625 3.090800 -0.385325
v -2.513575 2.927150 -0.383375
v -2.541075 2.927325 -0.331125
v -2.566275 3.093700 -0.332850
v -2.475525 2.765425 -0.381575
v -2.502675 2.763050 -0.329550
v -2.545525 2.760525 -0.221725
v -2.526050 2.761475 -0.276175
v -2.584350 2.929025 -0.222825
v -2.564700 2.928025 -0.277525
v -2.590000 3.096800 -0.279000
v -2.609650 3.099875 -0.224000
v -2.579000 2.759975 -0.053950
v -2.618000 2.932050 -0.054225
v -2.611125 2.931250 -0.110950
v -2.572150 2.759950 -0.110400
v -2.653975 3.282250 -0.054925
v -2.643200 3.106575 -0.054550
v -2.647250 3.279875 -0.112325
v -2.636375 3.105000 -0.111550
v -2.625150 3.102700 -0.168125
v -2.636150 3.276275 -0.169250
v -2.599875 2.930175 -0.167225
v -2.560950 2.760075 -0.166400
v -2.649700 3.457650 -0.055425
v -2.629775 3.631450 -0.056100
v -2.623400 3.627450 -0.114625
v -2.643125 3.454475 -0.113300
v -2.593525 3.802225 -0.056975
v -2.587450 3.797425 -0.116375
v -2.577400 3.789875 -0.175275
v -2.612900 3.621200 -0.172700
v -2.632275 3.449550 -0.170725
v -0.699850 4.679775 -0.527425
v -0.591575 4.631125 -0.528450
v -0.817200 4.723300 -0.525925
v -0.813275 4.772825 -0.456300
v -0.694925 4.728825 -0.457525
v -0.586000 4.679475 -0.458300
v -1.072125 4.786125 -0.520750
v -0.941875 4.759500 -0.523775
v -1.071175 4.835700 -0.451900
v -0.939275 4.809200 -0.454475
v -1.070350 4.913650 -0.306425
v -0.936275 4.887650 -0.308175
v -0.937475 4.852000 -0.382475
v -1.070625 4.878275 -0.380300
v -0.808500 4.851225 -0.309350
v -0.810425 4.815575 -0.383975
v -0.579075 4.756275 -0.310500
v -0.581900 4.721300 -0.385500
v -0.691325 4.771250 -0.384925
v -0.688825 4.806675 -0.310100
v -1.206275 4.800975 -0.516725
v -1.342575 4.801825 -0.511525
v -1.345575 4.850000 -0.443825
v -1.207200 4.850050 -0.448400
v -1.479300 4.786450 -0.504925
v -1.484525 4.833275 -0.438050
v -1.492225 4.906225 -0.296925
v -1.488800 4.873250 -0.368575
v -1.350125 4.925200 -0.300925
v -1.348075 4.891175 -0.373500
v -1.208075 4.892100 -0.377350
v -1.208900 4.926925 -0.304050
v -1.497625 4.961975 -0.073300
v -1.353525 4.982925 -0.074325
v -1.352850 4.971225 -0.150875
v -1.496600 4.950700 -0.148850
v -1.070475 4.974100 -0.075725
v -1.210525 4.986225 -0.075125
v -1.070375 4.961775 -0.153700
v -1.210175 4.974175 -0.152475
v -1.209625 4.954350 -0.228950
v -1.070300 4.941550 -0.230750
v -1.351725 4.951950 -0.226575
v -1.494800 4.932075 -0.223550
v -0.935175 4.948850 -0.076150
v -0.806425 4.912700 -0.076450
v -0.806675 4.900100 -0.155150
v -0.935275 4.936350 -0.154550
v -0.575825 4.816750 -0.076700
v -0.686050 4.867925 -0.076625
v -0.576250 4.804325 -0.155650
v -0.686400 4.855350 -0.155500
v -0.687250 4.834825 -0.233475
v -0.577275 4.784050 -0.233725
v -0.807300 4.879525 -0.232925
v -0.935600 4.915850 -0.232050
v -1.737850 1.629300 -0.444725
v -1.852275 1.765650 -0.451325
v -1.826225 1.787200 -0.495825
v -1.714100 1.653000 -0.488800
v -2.058575 2.041400 -0.462725
v -1.959425 1.902850 -0.457325
v -2.028275 2.058925 -0.508100
v -1.931175 1.922350 -0.502250
v -1.960850 2.100450 -0.594150
v -1.868625 1.968125 -0.587575
v -1.900875 1.944025 -0.545650
v -1.995675 2.078500 -0.551875
v -1.768900 1.837400 -0.580425
v -1.798400 1.811050 -0.538825
v -1.688900 1.679150 -0.531475
v -1.662325 1.708000 -0.572775
v -2.149075 2.181850 -0.467525
v -2.230225 2.324700 -0.471750
v -2.196350 2.338100 -0.517900
v -2.116900 2.197350 -0.513300
v -2.301300 2.470525 -0.475350
v -2.265950 2.481675 -0.521850
v -2.186225 2.510250 -0.610000
v -2.227575 2.494800 -0.566725
v -2.120275 2.371200 -0.605425
v -2.159675 2.353500 -0.562450
v -2.082175 2.214875 -0.557475
v -2.044950 2.234700 -0.600125
v -2.044925 2.573700 -0.730650
v -1.986350 2.440850 -0.725375
v -2.033550 2.414575 -0.686825
v -2.094850 2.549375 -0.691900
v -1.843950 2.182675 -0.712450
v -1.919175 2.310525 -0.719275
v -1.884900 2.152275 -0.674375
v -1.963375 2.282250 -0.680950
v -2.005325 2.257075 -0.641250
v -1.923900 2.124950 -0.634975
v -2.078225 2.391450 -0.646850
v -2.141975 2.528350 -0.651700
v -1.761225 2.057150 -0.705050
v -1.671550 1.933875 -0.697225
v -1.705375 1.898600 -0.659575
v -1.798725 2.024450 -0.667225
v -1.575450 1.812750 -0.689100
v -1.605500 1.774575 -0.651550
v -1.634475 1.739725 -0.612800
v -1.737875 1.866525 -0.620675
v -1.834550 1.994850 -0.628075
v -0.059800 4.338050 -0.529850
v 0.000000 4.330350 -0.529800
v -0.120950 4.358875 -0.529925
v -0.118525 4.401250 -0.458550
v -0.058550 4.379900 -0.458375
v 0.000000 4.372000 -0.458300
v -0.252675 4.430675 -0.530000
v -0.184800 4.390500 -0.530000
v -0.248225 4.474850 -0.458925
v -0.181275 4.433700 -0.458750
v -0.242625 4.544175 -0.310200
v -0.176850 4.501150 -0.309900
v -0.178675 4.470625 -0.385250
v -0.244950 4.512750 -0.385525
v -0.115450 4.467175 -0.309625
v -0.116725 4.437400 -0.385000
v 0.000000 4.436475 -0.309325
v 0.000000 4.407400 -0.384700
v -0.057650 4.415500 -0.384775
v -0.057000 4.444775 -0.309425
v -0.325950 4.477125 -0.529900
v -0.405975 4.527525 -0.529650
v -0.400325 4.573900 -0.458975
v -0.320775 4.522375 -0.459025
v -0.494050 4.579625 -0.529175
v -0.488275 4.627050 -0.458775
v -0.481050 4.702300 -0.310650
v -0.484000 4.668050 -0.385775
v -0.393275 4.647275 -0.310625
v -0.396175 4.613900 -0.385850
v -0.316950 4.561325 -0.385725
v -0.314300 4.593725 -0.310450
v -0.477625 4.761450 -0.076700
v -0.389900 4.704750 -0.076675
v -0.390350 4.692975 -0.155625
v -0.478075 4.749325 -0.155700
v -0.239950 4.597775 -0.076475
v -0.311175 4.649275 -0.076575
v -0.240325 4.586875 -0.155275
v -0.311600 4.637925 -0.155475
v -0.312575 4.619325 -0.233550
v -0.241150 4.568950 -0.233325
v -0.391400 4.673725 -0.233750
v -0.479150 4.729475 -0.233825
v -0.174725 4.552950 -0.076375
v -0.113975 4.517450 -0.076275
v -0.114175 4.507300 -0.154900
v -0.175000 4.542450 -0.155100
v 0.000000 4.485275 -0.076175
v -0.056250 4.494000 -0.076225
v 0.000000 4.475450 -0.154725
v -0.056350 4.484075 -0.154775
v -0.056575 4.467650 -0.232625
v 0.000000 4.459175 -0.232550
v -0.114650 4.490500 -0.232800
v -0.175675 4.525125 -0.233050
v -0.062275 0.258875 -0.360475
v 0.000000 0.255550 -0.360375
v -0.125875 0.269750 -0.360875
v -0.125925 0.325550 -0.402575
v -0.062325 0.315050 -0.402175
v 0.000000 0.311850 -0.402075
v -0.262400 0.317750 -0.363100
v -0.192125 0.289075 -0.361725
v -0.262175 0.371950 -0.404825
v -0.192125 0.344225 -0.403425
v -0.263550 0.496650 -0.488350
v -0.193550 0.470700 -0.486975
v -0.192600 0.404825 -0.445225
v -0.262550 0.431650 -0.446625
v -0.127075 0.453250 -0.486150
v -0.126325 0.386775 -0.444375
v 0.000000 0.440475 -0.485650
v 0.000000 0.373550 -0.443875
v -0.062550 0.376625 -0.443975
v -0.062950 0.443475 -0.485750
v -0.338000 0.356650 -0.365175
v -0.420275 0.406675 -0.368025
v -0.419000 0.458225 -0.409800
v -0.337375 0.409675 -0.406925
v -0.510525 0.468725 -0.371775
v -0.508375 0.518500 -0.413625
v -0.506425 0.633850 -0.496950
v -0.507000 0.573575 -0.455375
v -0.418800 0.577375 -0.493200
v -0.418525 0.515150 -0.451575
v -0.337450 0.468150 -0.448700
v -0.338250 0.531925 -0.490400
v -0.509625 0.844850 -0.619625
v -0.424475 0.794450 -0.616350
v -0.421775 0.717150 -0.575700
v -0.507725 0.769600 -0.579150
v -0.270325 0.721950 -0.611975
v -0.345025 0.753700 -0.613825
v -0.267425 0.641975 -0.571150
v -0.342025 0.674850 -0.573075
v -0.339775 0.600875 -0.531875
v -0.265175 0.566800 -0.529900
v -0.419900 0.644750 -0.534625
v -0.506650 0.699225 -0.538225
v -0.199425 0.698475 -0.610725
v -0.131350 0.682600 -0.609925
v -0.129600 0.601350 -0.569050
v -0.196975 0.617725 -0.569850
v 0.000000 0.670875 -0.609425
v -0.065200 0.673625 -0.609525
v 0.000000 0.589325 -0.568575
v -0.064275 0.592150 -0.568675
v -0.063525 0.515375 -0.527375
v 0.000000 0.512475 -0.527275
v -0.128175 0.524850 -0.527750
v -0.195000 0.541725 -0.528575
v 1.446700 1.738750 -0.717250
v 1.473475 1.693625 -0.680800
v 1.366175 1.576425 -0.672500
v 1.343675 1.625425 -0.709150
v 1.499600 1.652175 -0.643275
v 1.388275 1.531250 -0.634800
v 1.273250 1.413100 -0.626325
v 1.255125 1.462275 -0.664275
v 1.236925 1.515475 -0.701250
v 1.549475 1.579550 -0.564675
v 1.431025 1.451775 -0.556175
v 1.409925 1.489775 -0.596050
v 1.524975 1.614225 -0.604575
v 1.308850 1.326150 -0.547475
v 1.291200 1.367775 -0.587400
v 1.060750 1.087450 -0.530200
v 1.049725 1.136650 -0.570450
v 1.170525 1.249600 -0.578825
v 1.184775 1.204225 -0.538750
v 1.038900 1.190075 -0.609925
v 1.156225 1.298925 -0.617975
v 1.018225 1.309775 -0.686450
v 1.127925 1.409925 -0.693650
v 1.142000 1.352350 -0.656250
v 1.028400 1.247750 -0.648600
v 1.573025 1.547975 -0.523575
v 1.451450 1.417100 -0.515200
v 1.595525 1.519250 -0.481200
v 1.471125 1.385525 -0.473050
v 1.342925 1.253500 -0.464575
v 1.326100 1.288125 -0.506525
v 1.636900 1.469650 -0.392525
v 1.507750 1.331075 -0.385200
v 1.489925 1.356925 -0.429725
v 1.616850 1.493225 -0.437525
v 1.374750 1.193875 -0.377475
v 1.359175 1.222125 -0.421550
v 1.105650 0.930900 -0.361625
v 1.094450 0.964150 -0.404875
v 1.226650 1.090625 -0.413200
v 1.240025 1.059875 -0.369525
v 1.083175 1.001250 -0.447400
v 1.212925 1.124850 -0.455950
v 1.198950 1.162675 -0.497800
v 1.071925 1.042325 -0.489200
v 0.614200 0.501175 -0.334500
v 0.610125 0.543700 -0.376550
v 0.720375 0.632475 -0.382450
v 0.725925 0.592075 -0.340175
v 0.606750 0.591400 -0.418475
v 0.715450 0.677825 -0.424500
v 0.832425 0.776075 -0.431475
v 0.839225 0.733325 -0.389300
v 0.846475 0.695175 -0.346750
v 0.602250 0.702175 -0.501700
v 0.707475 0.783200 -0.507600
v 0.711125 0.728075 -0.466225
v 0.604125 0.644250 -0.460225
v 0.820225 0.875425 -0.514425
v 0.826075 0.823425 -0.473200
v 0.946975 0.928725 -0.480925
v 0.938600 0.977350 -0.522050
v 0.955675 0.884450 -0.439175
v 0.973750 0.808725 -0.353950
v 0.964600 0.844450 -0.396850
v 0.601150 0.765100 -0.542825
v 0.704500 0.843175 -0.548525
v 0.600875 0.832925 -0.583550
v 0.702275 0.907925 -0.588950
v 0.810225 0.993275 -0.595275
v 0.814925 0.932050 -0.555150
v 0.602800 0.983075 -0.663400
v 0.700125 1.051650 -0.668100
v 0.700800 0.977425 -0.628850
v 0.601400 0.905600 -0.623750
v 0.802800 1.129625 -0.673575
v 0.806175 1.059150 -0.634750
v 0.915900 1.149625 -0.641375
v 0.909350 1.216000 -0.679725
v 0.923000 1.087750 -0.602300
v 0.930600 1.030350 -0.562500
v 2.129700 3.663300 -0.765250
v 2.093400 3.705550 -0.780350
v 2.116575 3.763925 -0.759400
v 2.158175 3.685625 -0.746525
v 2.038925 3.760925 -0.800625
v 2.060750 3.835175 -0.777375
v 2.089275 3.897700 -0.748450
v 2.149025 3.810075 -0.731800
v 2.195775 3.714275 -0.718950
v 1.896575 3.875075 -0.845150
v 1.914550 3.968275 -0.818725
v 1.992825 3.904025 -0.797575
v 1.972725 3.818725 -0.822625
v 1.936675 4.051050 -0.787200
v 2.018025 3.978225 -0.767300
v 1.988250 4.190175 -0.710175
v 2.077050 4.100275 -0.692450
v 2.046675 4.043075 -0.732150
v 1.961650 4.124625 -0.750900
v 2.155700 4.000250 -0.675625
v 2.121625 3.952175 -0.714375
v 2.276975 3.773025 -0.647925
v 2.236050 3.743900 -0.685825
v 2.185175 3.852300 -0.698575
v 2.222800 3.890900 -0.660500
v 1.812250 3.926075 -0.867100
v 1.827675 4.025750 -0.839500
v 1.721200 3.970075 -0.887925
v 1.733725 4.074950 -0.859350
v 1.749200 4.170475 -0.825875
v 1.846525 4.115600 -0.806925
v 1.524600 4.030625 -0.924350
v 1.530700 4.142425 -0.894175
v 1.634250 4.114350 -0.877775
v 1.624850 4.005475 -0.907175
v 1.539025 4.245600 -0.859175
v 1.646175 4.214275 -0.843500
v 1.560200 4.427325 -0.775575
v 1.675125 4.388950 -0.761300
v 1.660025 4.305675 -0.804600
v 1.549050 4.340475 -0.819575
v 1.785775 4.335800 -0.745225
v 1.766800 4.257225 -0.787750
v 1.867850 4.196450 -0.769650
v 1.890650 4.269100 -0.727975
v 1.605775 4.701025 -0.559700
v 1.735375 4.649150 -0.548725
v 1.721625 4.594225 -0.607300
v 1.595300 4.643025 -0.619250
v 1.860300 4.579000 -0.536350
v 1.843350 4.527800 -0.593850
v 1.824800 4.470550 -0.648025
v 1.706575 4.532825 -0.662425
v 1.583875 4.578275 -0.675200
v 2.089700 4.390750 -0.509400
v 2.066725 4.348575 -0.564600
v 1.958900 4.445400 -0.579425
v 1.978950 4.492275 -0.523075
v 2.041625 4.301525 -0.616675
v 1.936975 4.392975 -0.632575
v 1.913950 4.334400 -0.682175
v 2.015175 4.248925 -0.665325
v 1.805350 4.406725 -0.698550
v 1.572000 4.506500 -0.727400
v 1.690875 4.464525 -0.713825
v 2.190925 4.276150 -0.495850
v 2.165250 4.238950 -0.549900
v 2.281025 4.150200 -0.482950
v 2.252925 4.118100 -0.535875
v 2.222150 4.082725 -0.585925
v 2.137175 4.197625 -0.600925
v 2.421325 3.871250 -0.461075
v 2.389325 3.849175 -0.512175
v 2.328125 3.987650 -0.523125
v 2.358350 4.014675 -0.471200
v 2.354200 3.825525 -0.560650
v 2.295000 3.958225 -0.572300
v 2.259650 3.926100 -0.618250
v 2.316550 3.800200 -0.606050
v 2.189475 4.043600 -0.632650
v 2.107500 4.151600 -0.648575
v 0.605075 1.065225 -0.702400
v 0.700275 1.130550 -0.706700
v 0.608300 1.152100 -0.740650
v 0.701400 1.214125 -0.744525
v 0.798550 1.284425 -0.748975
v 0.800175 1.204700 -0.711700
v 0.618000 1.339950 -0.814550
v 0.707350 1.395450 -0.817400
v 0.703700 1.302425 -0.781450
v 0.612575 1.243675 -0.778050
v 0.799250 1.457800 -0.820525
v 0.798150 1.368800 -0.785275
v 0.985750 1.600425 -0.827750
v 0.991875 1.521725 -0.794300
v 0.894625 1.442125 -0.789575
v 0.892450 1.526375 -0.824000
v 0.999575 1.446925 -0.759475
v 0.898375 1.362275 -0.753950
v 0.903400 1.286900 -0.717300
v 1.008500 1.376225 -0.723475
v 0.624650 1.440925 -0.850025
v 0.712500 1.493200 -0.852250
v 0.632625 1.546625 -0.884375
v 0.719300 1.595700 -0.885925
v 0.807025 1.649900 -0.887400
v 0.802100 1.551475 -0.854600
v 0.652900 1.772150 -0.949375
v 0.738625 1.815025 -0.949275
v 0.727975 1.702975 -0.918300
v 0.642025 1.657025 -0.917525
v 0.824275 1.861300 -0.948675
v 0.814325 1.753150 -0.918775
v 0.989975 1.958300 -0.945450
v 0.982800 1.861275 -0.918525
v 0.899725 1.806300 -0.918900
v 0.908525 1.909500 -0.947450
v 0.980300 1.769650 -0.889900
v 0.894475 1.708225 -0.888725
v 0.892225 1.614975 -0.857075
v 0.981575 1.682900 -0.859625
v 1.242025 2.119525 -0.931725
v 1.259600 2.088825 -0.918350
v 1.201825 2.027500 -0.916075
v 1.199025 2.091100 -0.935125
v 1.283225 2.045900 -0.898675
v 1.215600 1.969725 -0.894400
v 1.142000 1.899700 -0.892125
v 1.135850 1.972450 -0.916625
v 1.137850 2.051275 -0.939050
v 1.336400 1.945525 -0.848125
v 1.254250 1.851800 -0.841750
v 1.233600 1.911000 -0.869525
v 1.309175 1.997400 -0.875075
v 1.167700 1.763100 -0.836400
v 1.153200 1.830225 -0.865400
v 1.068875 1.754425 -0.862250
v 1.077850 1.679325 -0.831800
v 1.063175 1.833250 -0.890825
v 1.067275 2.006275 -0.942575
v 1.062175 1.916850 -0.917600
v 1.364025 1.892450 -0.818475
v 1.275900 1.792650 -0.811475
v 1.391750 1.839450 -0.786500
v 1.298225 1.734550 -0.779000
v 1.200825 1.633725 -0.772000
v 1.183700 1.697350 -0.805150
v 1.320925 1.678475 -0.744775
v 1.419375 1.787800 -0.752625
v 1.218675 1.572875 -0.737250
v 1.114075 1.471825 -0.730150
v 1.100825 1.537625 -0.765500
v 1.088625 1.606925 -0.799475
v 0.744575 2.827400 -1.114525
v 0.747225 2.969850 -1.116825
v 0.843450 2.996800 -1.109200
v 0.839925 2.854325 -1.107175
v 0.746800 3.112425 -1.114050
v 0.843575 3.139925 -1.106350
v 0.940925 3.166000 -1.097475
v 0.940000 3.022725 -1.100325
v 0.935450 2.880625 -1.098525
v 0.737950 3.393250 -1.093650
v 0.835375 3.423050 -1.086275
v 0.840750 3.282450 -1.098675
v 0.743600 3.253975 -1.106300
v 0.933850 3.450600 -1.078025
v 0.938700 3.309075 -1.090050
v 1.131850 3.494775 -1.058025
v 1.134850 3.352600 -1.068925
v 1.036925 3.332800 -1.080200
v 1.032875 3.474850 -1.068675
v 1.135125 3.209450 -1.075600
v 1.038275 3.189550 -1.087300
v 1.124850 2.926400 -1.076550
v 1.030600 2.905075 -1.088375
v 1.036375 3.046475 -1.090025
v 1.132025 3.066900 -1.078125
v 0.730175 3.529075 -1.076200
v 0.827800 3.560450 -1.069175
v 0.720600 3.660250 -1.054025
v 0.818475 3.693350 -1.047450
v 0.918150 3.723450 -1.040325
v 0.926850 3.589175 -1.061425
v 0.697375 3.903750 -0.995925
v 0.796100 3.940500 -0.990450
v 0.807775 3.820475 -1.021200
v 0.709575 3.785525 -1.027225
v 0.897675 3.973650 -0.984625
v 0.908275 3.852075 -1.014700
v 1.106400 4.024400 -0.970575
v 1.113425 3.900850 -0.999150
v 1.010375 3.879225 -1.007450
v 1.001375 4.002000 -0.978100
v 1.120475 3.770425 -1.023200
v 1.019025 3.749500 -1.032325
v 1.026700 3.614225 -1.052725
v 1.126825 3.634550 -1.042800
v 1.521225 3.909875 -0.949500
v 1.421300 3.921450 -0.964975
v 1.421850 4.043925 -0.938950
v 1.519500 3.781850 -0.969925
v 1.422000 3.791950 -0.986325
v 1.322575 3.792700 -1.000475
v 1.319575 3.923075 -0.978225
v 1.317400 4.046525 -0.951325
v 1.516550 3.510800 -0.997775
v 1.423150 3.518425 -1.015925
v 1.422950 3.657050 -1.003225
v 1.518300 3.648275 -0.985925
v 1.327550 3.517600 -1.031875
v 1.325525 3.657000 -1.018300
v 1.226625 3.649175 -1.031400
v 1.230275 3.509375 -1.045825
v 1.221850 3.785175 -1.012675
v 1.212000 4.039625 -0.961775
v 1.216725 3.915850 -0.989525
v 1.513125 3.371150 -1.005775
v 1.421625 3.377700 -1.024675
v 1.506925 3.230975 -1.010225
v 1.417375 3.236525 -1.029700
v 1.325200 3.234050 -1.047000
v 1.327725 3.376075 -1.041375
v 1.481800 2.955900 -1.009625
v 1.396650 2.959375 -1.029625
v 1.409375 3.096525 -1.031275
v 1.496850 3.092000 -1.011400
v 1.308400 2.954800 -1.047350
v 1.319050 3.093075 -1.048925
v 1.226425 3.082825 -1.064475
v 1.217625 2.943375 -1.062925
v 1.230950 3.224650 -1.062225
v 1.231975 3.367375 -1.056050
v 2.039025 2.735475 -0.772350
v 2.076500 2.872100 -0.775475
v 2.134175 2.847525 -0.738125
v 2.094375 2.709225 -0.734950
v 2.105150 3.008900 -0.777375
v 2.164525 2.986125 -0.740275
v 2.220425 2.968125 -0.701575
v 2.188575 2.827175 -0.699225
v 2.146725 2.686850 -0.696075
v 2.137850 3.272425 -0.777325
v 2.197900 3.254250 -0.741850
v 2.185700 3.122525 -0.741475
v 2.125450 3.143225 -0.778000
v 2.254250 3.243125 -0.704600
v 2.242325 3.107525 -0.703300
v 2.356300 3.235975 -0.624300
v 2.344825 3.090850 -0.621650
v 2.295350 3.097275 -0.663375
v 2.307000 3.237550 -0.665475
v 2.321775 2.944100 -0.619250
v 2.272850 2.954325 -0.661250
v 2.242175 2.652200 -0.613775
v 2.196000 2.667975 -0.655700
v 2.239675 2.810600 -0.658775
v 2.287450 2.797350 -0.616750
v 2.142875 3.393850 -0.775300
v 2.201375 3.378825 -0.741450
v 2.141925 3.503625 -0.772275
v 2.196450 3.493525 -0.741100
v 2.247725 3.495175 -0.707625
v 2.256225 3.372750 -0.705700
v 2.183425 3.595650 -0.741600
v 2.136475 3.597825 -0.768600
v 2.228125 3.609150 -0.711475
v 2.316775 3.647500 -0.638700
v 2.272925 3.627325 -0.677050
v 2.342875 3.515400 -0.632150
v 2.296525 3.503450 -0.671375
v 2.307650 3.373225 -0.667825
v 2.355850 3.377850 -0.627575
v 2.468300 3.721725 -0.453125
v 2.434950 3.704275 -0.503575
v 2.499850 3.567375 -0.447000
v 2.465525 3.554275 -0.496950
v 2.427700 3.541075 -0.544650
v 2.398275 3.686050 -0.551575
v 2.518725 3.249375 -0.438900
v 2.483525 3.244125 -0.488200
v 2.481550 3.400450 -0.491950
v 2.516475 3.409475 -0.442375
v 2.444650 3.239775 -0.535600
v 2.443000 3.391875 -0.539475
v 2.401025 3.384200 -0.584725
v 2.402225 3.236875 -0.581000
v 2.386700 3.528025 -0.589800
v 2.358725 3.667100 -0.596750
v 2.507175 3.088350 -0.436250
v 2.472025 3.086575 -0.485350
v 2.482350 2.927700 -0.434075
v 2.447525 2.929150 -0.483000
v 2.409150 2.932025 -0.530150
v 2.433225 3.086050 -0.532625
v 2.395000 2.612750 -0.429875
v 2.361650 2.619825 -0.478375
v 2.410575 2.773125 -0.480800
v 2.444775 2.768725 -0.432075
v 2.325025 2.628500 -0.525150
v 2.372925 2.779075 -0.527800
v 2.331875 2.787000 -0.573100
v 2.285200 2.639175 -0.570275
v 2.367225 2.936850 -0.575575
v 2.390800 3.087275 -0.578075
v 1.424650 4.157725 -0.908025
v 1.316950 4.161475 -0.919625
v 1.317975 4.268125 -0.883275
v 1.429300 4.263100 -0.872325
v 1.100050 4.139525 -0.937400
v 1.208475 4.154975 -0.929325
v 1.094375 4.246475 -0.899750
v 1.206000 4.262125 -0.892300
v 1.085000 4.436825 -0.811475
v 1.203675 4.452675 -0.805100
v 1.204450 4.361300 -0.850850
v 1.089375 4.345500 -0.857750
v 1.323250 4.457500 -0.797200
v 1.320175 4.366725 -0.842400
v 1.435400 4.360300 -0.832075
v 1.442500 4.449600 -0.787450
v 0.992575 4.116375 -0.944225
v 0.886875 4.086850 -0.950075
v 0.876050 4.191900 -0.911200
v 0.984075 4.222600 -0.905950
v 0.684325 4.013675 -0.960200
v 0.783850 4.052175 -0.955300
v 0.670825 4.115625 -0.920125
v 0.771325 4.155775 -0.915825
v 0.643725 4.296775 -0.827525
v 0.746575 4.339925 -0.824350
v 0.758800 4.251575 -0.872150
v 0.657175 4.209875 -0.875875
v 0.855200 4.378775 -0.820800
v 0.865425 4.289125 -0.868075
v 0.976000 4.320950 -0.863375
v 0.968425 4.411625 -0.816625
v 0.598825 4.576600 -0.595550
v 0.706325 4.624375 -0.594200
v 0.714500 4.563000 -0.657375
v 0.608025 4.516200 -0.659100
v 0.822375 4.667300 -0.592375
v 0.828950 4.605125 -0.655175
v 0.836775 4.536500 -0.714250
v 0.724125 4.495325 -0.716875
v 0.618800 4.449625 -0.719025
v 1.073550 4.729800 -0.586425
v 1.075525 4.666950 -0.648450
v 0.949825 4.640450 -0.652275
v 0.945325 4.703150 -0.589850
v 1.078100 4.597325 -0.706725
v 0.955250 4.571125 -0.710975
v 0.961475 4.494950 -0.765775
v 1.081225 4.520700 -0.761100
v 0.845575 4.461125 -0.769500
v 0.630825 4.376575 -0.775200
v 0.734925 4.421075 -0.772550
v 1.205375 4.745075 -0.581900
v 1.204500 4.682525 -0.643475
v 1.339125 4.746825 -0.576075
v 1.335175 4.685100 -0.637075
v 1.331050 4.616450 -0.694375
v 1.203850 4.613075 -0.701275
v 1.465975 4.672625 -0.629075
v 1.473150 4.732850 -0.568750
v 1.458200 4.605525 -0.685775
v 1.450250 4.531250 -0.738625
v 1.326975 4.540675 -0.747800
v 1.203525 4.536550 -0.755200
v 1.618650 3.887250 -0.931475
v 1.712400 3.855275 -0.911325
v 1.705925 3.732325 -0.929925
v 1.614450 3.761375 -0.951025
v 1.883975 3.770250 -0.866200
v 1.801225 3.815700 -0.889425
v 1.874800 3.655600 -0.882400
v 1.793025 3.696450 -0.906950
v 1.858700 3.404175 -0.902425
v 1.778600 3.438550 -0.929325
v 1.786000 3.570150 -0.920100
v 1.867025 3.532950 -0.894300
v 1.694625 3.469025 -0.954300
v 1.700450 3.602975 -0.944125
v 1.611025 3.629625 -0.966150
v 1.607150 3.493725 -0.977175
v 1.959425 3.720625 -0.842075
v 2.026700 3.671300 -0.817650
v 2.019800 3.568450 -0.829675
v 1.950350 3.611525 -0.856625
v 2.084975 3.626700 -0.793550
v 2.083350 3.530525 -0.801675
v 2.074025 3.299150 -0.811150
v 2.080500 3.420250 -0.807475
v 2.006300 3.331800 -0.843300
v 2.013950 3.454550 -0.838000
v 1.942900 3.493275 -0.866925
v 1.934550 3.367700 -0.873725
v 1.980675 2.765950 -0.808325
v 2.015575 2.901350 -0.811375
v 1.919250 2.798975 -0.842750
v 1.951375 2.933550 -0.845675
v 1.975975 3.068850 -0.846875
v 2.042275 3.037100 -0.812950
v 1.786875 2.865925 -0.906450
v 1.813150 2.999875 -0.909000
v 1.883925 2.966975 -0.878250
v 1.854675 2.832875 -0.875500
v 1.833025 3.135600 -0.909400
v 1.906225 3.102300 -0.879075
v 1.922700 3.236625 -0.877675
v 1.847775 3.271050 -0.907350
v 1.993950 3.202425 -0.846175
v 2.061525 3.170575 -0.812925
v 1.715775 2.896425 -0.935450
v 1.739075 3.030575 -0.937800
v 1.641275 2.922725 -0.962400
v 1.661675 3.057300 -0.964550
v 1.676525 3.194400 -0.964150
v 1.756450 3.166900 -0.937800
v 1.580950 3.078350 -0.989125
v 1.563300 2.943125 -0.987175
v 1.593325 3.216350 -0.988325
v 1.601650 3.355400 -0.984450
v 1.687075 3.332250 -0.960850
v 1.769175 3.303525 -0.935125
v 1.724100 1.375650 -0.048250
v 1.854500 1.521600 -0.049125
v 1.719150 1.380525 -0.099375
v 1.849250 1.526125 -0.101275
v 1.972350 1.672000 -0.102925
v 1.977875 1.667900 -0.049850
v 1.700725 1.399375 -0.200375
v 1.829525 1.543475 -0.204150
v 1.840850 1.533450 -0.153000
v 1.711275 1.388475 -0.150150
v 1.951375 1.687750 -0.207500
v 1.963425 1.678650 -0.155525
v 2.171225 1.979600 -0.213075
v 2.184600 1.972525 -0.159700
v 2.078275 1.824775 -0.157750
v 2.065525 1.832900 -0.210475
v 2.194425 1.967400 -0.105625
v 2.087675 1.818850 -0.104350
v 2.093475 1.815225 -0.050500
v 2.200500 1.964275 -0.051050
v 1.687750 1.413075 -0.249900
v 1.815525 1.556075 -0.254525
v 1.672600 1.429450 -0.298525
v 1.799125 1.571075 -0.303950
v 1.918800 1.712800 -0.308800
v 1.936425 1.699175 -0.258650
v 1.760050 1.607825 -0.399225
v 1.780550 1.588375 -0.352250
v 1.655575 1.448350 -0.346125
v 1.876500 1.746175 -0.405325
v 1.898750 1.728525 -0.357750
v 2.086500 2.025725 -0.415750
v 2.111925 2.011650 -0.367100
v 2.009450 1.869400 -0.362700
v 1.985550 1.885275 -0.410825
v 2.134675 1.999200 -0.316975
v 2.030900 1.855300 -0.313150
v 2.049675 1.843100 -0.262325
v 2.154500 1.988500 -0.265575
v 2.425075 2.606900 -0.379625
v 2.362750 2.452875 -0.377225
v 2.333575 2.461025 -0.427150
v 2.451650 2.602175 -0.327825
v 2.388600 2.446025 -0.325750
v 2.314250 2.293900 -0.323250
v 2.289300 2.302750 -0.374350
v 2.261225 2.313025 -0.423900
v 2.493775 2.595700 -0.220375
v 2.429700 2.435900 -0.218975
v 2.410975 2.440375 -0.272925
v 2.474600 2.598500 -0.274675
v 2.354050 2.280400 -0.217300
v 2.335900 2.286450 -0.270850
v 2.250175 2.136050 -0.268400
v 2.267650 2.128525 -0.215350
v 2.229375 2.145200 -0.320350
v 2.178625 2.168125 -0.420100
v 2.205450 2.155875 -0.370975
v 2.508975 2.593725 -0.165150
v 2.444550 2.432500 -0.164075
v 2.520025 2.592475 -0.109150
v 2.455425 2.430175 -0.108450
v 2.379075 2.272375 -0.107650
v 2.368525 2.275700 -0.162850
v 2.462075 2.428825 -0.052275
v 2.526800 2.591775 -0.052600
v 2.385575 2.270375 -0.051900
v 2.298125 2.115775 -0.051500
v 2.291825 2.118350 -0.106700
v 2.281600 2.122600 -0.161400
v 0.602275 3.864550 -1.001350
v 0.589200 3.972600 -0.965075
v 0.510325 3.824700 -1.006550
v 0.497925 3.930875 -0.969825
v 0.484850 4.029400 -0.928650
v 0.575550 4.072850 -0.924450
v 0.334175 3.750275 -1.015700
v 0.324650 3.852875 -0.978200
v 0.409900 3.890325 -0.974250
v 0.421125 3.786025 -1.011400
v 0.314525 3.948325 -0.936075
v 0.398050 3.987250 -0.932575
v 0.293775 4.118400 -0.838800
v 0.373800 4.159750 -0.836375
v 0.385900 4.076975 -0.886550
v 0.304150 4.036750 -0.889550
v 0.458225 4.204650 -0.833625
v 0.471475 4.120575 -0.883200
v 0.561650 4.165550 -0.879600
v 0.547900 4.251000 -0.830650
v 0.249050 3.719300 -1.019350
v 0.241575 3.820425 -0.981575
v 0.165275 3.694850 -1.022125
v 0.160125 3.794800 -0.984150
v 0.154650 3.887975 -0.941375
v 0.233600 3.914575 -0.939075
v 0.079800 3.777925 -0.985850
v 0.082400 3.678750 -1.023950
v 0.077000 3.870450 -0.942850
v 0.071250 4.035825 -0.843425
v 0.074125 3.956375 -0.895300
v 0.143375 4.054375 -0.842425
v 0.149025 3.974475 -0.894025
v 0.225425 4.001925 -0.892075
v 0.217250 4.082575 -0.840850
v 0.061425 4.290025 -0.598825
v 0.063450 4.235850 -0.664950
v 0.124125 4.310300 -0.598775
v 0.128100 4.255675 -0.664725
v 0.132750 4.194900 -0.727475
v 0.065825 4.175475 -0.727975
v 0.258475 4.380400 -0.598375
v 0.265775 4.324225 -0.663675
v 0.195150 4.285850 -0.664275
v 0.189375 4.341175 -0.598625
v 0.274300 4.261950 -0.725650
v 0.201875 4.224425 -0.726700
v 0.209325 4.156700 -0.785650
v 0.283725 4.193400 -0.784100
v 0.137900 4.127825 -0.786825
v 0.068450 4.108825 -0.787550
v 0.332700 4.425775 -0.597975
v 0.341200 4.368600 -0.662850
v 0.413300 4.475075 -0.597400
v 0.422575 4.416825 -0.661825
v 0.433375 4.352500 -0.722775
v 0.351100 4.305350 -0.724350
v 0.511125 4.466750 -0.660575
v 0.501600 4.526075 -0.596600
v 0.522250 4.401300 -0.721000
v 0.534650 4.329475 -0.777750
v 0.445400 4.281875 -0.780100
v 0.362075 4.235800 -0.782250
v 0.512375 0.924900 -0.659525
v 0.516000 1.009650 -0.698825
v 0.427975 0.876525 -0.656450
v 0.432325 0.963250 -0.695900
v 0.437475 1.054625 -0.734675
v 0.520550 1.099075 -0.737375
v 0.273825 0.806625 -0.652275
v 0.277975 0.895825 -0.691875
v 0.353225 0.925475 -0.693625
v 0.348750 0.837300 -0.654050
v 0.282725 0.989550 -0.730775
v 0.358425 1.018275 -0.732475
v 0.293825 1.190775 -0.806300
v 0.370825 1.217700 -0.807875
v 0.364300 1.115675 -0.770575
v 0.288025 1.087875 -0.768950
v 0.450225 1.251350 -0.809775
v 0.443450 1.150650 -0.772650
v 0.526025 1.193200 -0.775125
v 0.532450 1.292000 -0.812000
v 0.202350 0.783875 -0.651025
v 0.205800 0.873700 -0.690625
v 0.133475 0.768425 -0.650225
v 0.135925 0.858625 -0.689825
v 0.138675 0.953250 -0.728700
v 0.209700 0.968050 -0.729525
v 0.067575 0.850000 -0.689375
v 0.066300 0.759650 -0.649825
v 0.069000 0.944750 -0.728225
v 0.072275 1.147725 -0.803625
v 0.070575 1.043975 -0.766300
v 0.145025 1.156075 -0.804175
v 0.141725 1.052375 -0.766825
v 0.214025 1.066900 -0.767675
v 0.218700 1.170325 -0.805050
v 0.079925 1.609400 -0.945025
v 0.077900 1.486875 -0.910875
v 0.160000 1.617400 -0.945500
v 0.156050 1.494950 -0.911425
v 0.152200 1.377300 -0.876500
v 0.075950 1.369125 -0.875925
v 0.321300 1.648925 -0.947000
v 0.313875 1.527350 -0.913225
v 0.234625 1.508450 -0.912225
v 0.240400 1.630575 -0.946200
v 0.306800 1.410500 -0.878475
v 0.229050 1.391075 -0.877375
v 0.223725 1.278375 -0.841625
v 0.300100 1.298325 -0.842825
v 0.148525 1.264350 -0.840725
v 0.074075 1.256100 -0.840175
v 0.402825 1.672325 -0.947825
v 0.394000 1.551650 -0.914325
v 0.485175 1.700700 -0.948550
v 0.475275 1.581375 -0.915475
v 0.466150 1.466700 -0.881250
v 0.385725 1.435675 -0.879800
v 0.557875 1.616500 -0.916550
v 0.568475 1.734000 -0.949100
v 0.548350 1.503650 -0.882800
v 0.539875 1.395500 -0.847925
v 0.457800 1.356700 -0.846000
v 0.377975 1.324350 -0.844300
v 0.649950 2.801075 -1.120650
v 0.651900 2.943025 -1.123350
v 0.555925 2.776050 -1.125725
v 0.557350 2.917125 -1.128850
v 0.556325 3.057350 -1.126600
v 0.651100 3.084575 -1.120800
v 0.369425 2.732600 -1.132875
v 0.370100 2.871400 -1.136875
v 0.463450 2.893000 -1.133325
v 0.462450 2.753000 -1.129750
v 0.369100 3.008525 -1.135375
v 0.462375 3.031675 -1.131450
v 0.362475 3.274425 -1.116175
v 0.454625 3.301575 -1.111725
v 0.459375 3.168175 -1.124200
v 0.366500 3.143125 -1.128450
v 0.547775 3.331250 -1.106450
v 0.553075 3.195725 -1.119100
v 0.647750 3.224700 -1.113125
v 0.642150 3.362250 -1.100400
v 0.276750 2.715500 -1.135150
v 0.277200 2.853175 -1.139550
v 0.184350 2.702425 -1.136650
v 0.184600 2.839125 -1.141400
v 0.184000 2.973525 -1.140550
v 0.276350 2.988825 -1.138400
v 0.092250 2.830050 -1.142450
v 0.092125 2.694050 -1.137500
v 0.091925 2.963575 -1.141825
v 0.090125 3.220800 -1.124025
v 0.091225 3.094025 -1.135650
v 0.180425 3.232775 -1.122375
v 0.182600 3.104950 -1.134200
v 0.274300 3.121675 -1.131775
v 0.271150 3.251075 -1.119750
v 0.084775 3.572825 -1.056875
v 0.169925 3.588025 -1.055025
v 0.174050 3.474950 -1.082725
v 0.086875 3.460800 -1.084550
v 0.342850 3.640325 -1.048350
v 0.255825 3.611075 -1.052125
v 0.350525 3.523825 -1.076025
v 0.261825 3.496475 -1.079850
v 0.266975 3.376250 -1.102425
v 0.357125 3.401575 -1.098675
v 0.177575 3.356325 -1.105200
v 0.088650 3.343250 -1.106975
v 0.431350 3.674075 -1.043825
v 0.521725 3.710650 -1.038700
v 0.531900 3.589725 -1.066125
v 0.440450 3.555425 -1.071425
v 0.614350 3.748375 -1.033125
v 0.625200 3.625175 -1.060275
v 0.634550 3.496100 -1.082750
v 0.540650 3.462925 -1.088750
v 0.448275 3.430950 -1.094075
v 0.538625 0.263500 -0.038750
v 0.644625 0.347325 -0.039500
v 0.442775 0.193150 -0.038175
v 0.441000 0.200950 -0.079100
v 0.536550 0.270950 -0.080225
v 0.642250 0.354425 -0.081675
v 0.275800 0.090075 -0.037425
v 0.355650 0.135575 -0.037750
v 0.274625 0.098550 -0.077600
v 0.354200 0.143725 -0.078225
v 0.270925 0.132525 -0.158200
v 0.349475 0.176500 -0.159400
v 0.352050 0.157350 -0.118775
v 0.272950 0.112700 -0.117825
v 0.435275 0.232425 -0.161075
v 0.438425 0.214000 -0.120050
v 0.634300 0.383225 -0.166050
v 0.638700 0.366375 -0.123875
v 0.533475 0.283425 -0.121725
v 0.529725 0.301050 -0.163250
v 0.201775 0.055950 -0.037200
v 0.132075 0.032450 -0.037075
v 0.131500 0.041450 -0.076900
v 0.200900 0.064700 -0.077150
v 0.065325 0.018925 -0.037000
v 0.065025 0.028075 -0.076750
v 0.064125 0.064450 -0.156625
v 0.064600 0.043250 -0.116625
v 0.129675 0.077275 -0.156850
v 0.130675 0.056400 -0.116800
v 0.199625 0.079300 -0.117200
v 0.198125 0.099700 -0.157375
v 0.062400 0.208325 -0.319025
v 0.062675 0.163575 -0.277950
v 0.126150 0.219600 -0.319425
v 0.126775 0.175250 -0.278325
v 0.127625 0.136725 -0.237575
v 0.063100 0.124650 -0.237225
v 0.263250 0.269150 -0.321575
v 0.264725 0.226375 -0.280375
v 0.193650 0.195900 -0.279100
v 0.192650 0.239575 -0.320225
v 0.266625 0.189350 -0.239425
v 0.195000 0.158025 -0.238275
v 0.196525 0.125950 -0.197700
v 0.268750 0.158075 -0.198700
v 0.128625 0.104075 -0.197100
v 0.063600 0.091575 -0.196800
v 0.339350 0.309225 -0.323575
v 0.341400 0.267525 -0.282225
v 0.422300 0.360650 -0.326300
v 0.425050 0.320275 -0.284775
v 0.428325 0.285475 -0.243425
v 0.343925 0.231550 -0.241100
v 0.618975 0.463950 -0.292425
v 0.517125 0.385450 -0.288150
v 0.513450 0.424325 -0.329925
v 0.624100 0.431925 -0.250325
v 0.521250 0.352000 -0.246450
v 0.525550 0.323900 -0.204825
v 0.629325 0.405050 -0.208200
v 0.431825 0.256225 -0.202175
v 0.346700 0.201225 -0.200175
v 0.081975 1.736800 -0.978325
v 0.084000 1.868225 -1.010175
v 0.168050 1.875900 -1.010475
v 0.164050 1.744625 -0.978725
v 0.087700 2.139750 -1.067200
v 0.085925 2.002825 -1.040000
v 0.175475 2.147225 -1.067175
v 0.171900 2.010375 -1.040150
v 0.351350 2.175425 -1.066400
v 0.344300 2.039150 -1.040075
v 0.258025 2.022575 -1.040225
v 0.263325 2.159225 -1.066950
v 0.336775 1.905525 -1.011000
v 0.252300 1.888400 -1.010800
v 0.246350 1.757475 -0.979250
v 0.329025 1.775200 -0.979800
v 0.089275 2.278200 -1.091150
v 0.090600 2.417275 -1.111250
v 0.181225 2.424900 -1.110825
v 0.178625 2.285675 -1.090925
v 0.091550 2.556175 -1.126900
v 0.183200 2.564075 -1.126275
v 0.366950 2.592875 -1.123225
v 0.274975 2.576525 -1.125075
v 0.362950 2.452975 -1.108550
v 0.272000 2.436950 -1.109975
v 0.268050 2.297600 -1.090400
v 0.357650 2.313600 -1.089425
v 0.738500 2.686325 -1.107025
v 0.644925 2.659925 -1.112600
v 0.729650 2.547050 -1.094825
v 0.637400 2.520000 -1.099725
v 0.545600 2.494975 -1.103550
v 0.551875 2.635150 -1.117100
v 0.706050 2.275475 -1.058200
v 0.616875 2.245850 -1.061425
v 0.627875 2.381800 -1.082475
v 0.718625 2.409950 -1.078400
v 0.528075 2.219075 -1.063775
v 0.537525 2.356100 -1.085600
v 0.447450 2.333225 -1.087875
v 0.439600 2.195475 -1.065400
v 0.454125 2.472475 -1.106475
v 0.459225 2.612625 -1.120600
v 0.692575 2.144050 -1.034750
v 0.604925 2.112600 -1.037050
v 0.678800 2.016075 -1.008475
v 0.592525 1.982550 -1.009875
v 0.506800 1.952800 -1.010675
v 0.517700 2.084450 -1.038625
v 0.580200 1.856175 -0.980375
v 0.665375 1.891950 -0.979850
v 0.495825 1.824700 -0.980475
v 0.412125 1.797675 -0.980250
v 0.421575 1.927075 -1.011025
v 0.430850 2.059875 -1.039575
v 0.751475 1.931875 -0.978775
v 0.765750 2.053175 -1.006350
v 0.852250 2.092250 -1.003325
v 0.837225 1.974425 -0.977000
v 0.795650 2.307650 -1.053975
v 0.780725 2.178550 -1.031550
v 0.884875 2.340750 -1.048550
v 0.868450 2.214450 -1.027325
v 1.059250 2.403375 -1.033325
v 1.038900 2.284075 -1.014850
v 0.954800 2.250175 -1.021800
v 0.973000 2.373200 -1.041750
v 1.019550 2.169975 -0.993875
v 0.937225 2.131725 -0.999225
v 0.921400 2.018075 -0.974350
v 1.002725 2.061300 -0.970650
v 0.809750 2.440150 -1.073200
v 0.822350 2.575650 -1.088750
v 0.914925 2.604375 -1.081325
v 0.900650 2.470825 -1.066700
v 0.832650 2.713825 -1.100225
v 0.926800 2.741075 -1.092050
v 1.112925 2.789450 -1.070975
v 1.020425 2.766725 -1.082375
v 1.097325 2.656425 -1.061700
v 1.006775 2.631775 -1.072375
v 0.990650 2.500500 -1.058700
v 1.079075 2.527600 -1.049050
v 1.460650 2.824350 -1.005150
v 1.378200 2.826700 -1.024975
v 1.434450 2.698050 -0.998325
v 1.355100 2.699175 -1.017650
v 1.272075 2.691600 -1.034525
v 1.292375 2.820775 -1.042450
v 1.370875 2.464150 -0.978725
v 1.299350 2.462275 -0.996100
v 1.328450 2.577475 -1.007925
v 1.404200 2.577750 -0.989400
v 1.223125 2.450075 -1.010800
v 1.248600 2.567850 -1.023875
v 1.165275 2.550650 -1.037500
v 1.142850 2.429725 -1.023100
v 1.185950 2.676850 -1.049150
v 1.203775 2.807925 -1.057725
v 1.335550 2.357925 -0.966575
v 1.268900 2.354225 -0.982475
v 1.300250 2.261800 -0.953825
v 1.239575 2.255275 -0.967625
v 1.171875 2.234900 -0.978425
v 1.196725 2.338875 -0.995575
v 1.213950 2.167300 -0.952050
v 1.267050 2.178500 -0.941375
v 1.151050 2.138900 -0.959625
v 1.079950 2.102550 -0.965800
v 1.098150 2.205425 -0.987075
v 1.119800 2.314575 -1.006225
v 1.308650 2.163300 -0.925850
v 1.352825 2.249800 -0.936300
v 1.399675 2.223950 -0.915300
v 1.344175 2.130800 -0.906025
v 1.437000 2.453525 -0.958375
v 1.395925 2.347175 -0.947450
v 1.498400 2.432725 -0.935250
v 1.451050 2.324825 -0.925325
v 1.609750 2.369700 -0.881400
v 1.549850 2.256525 -0.872850
v 1.502000 2.293650 -0.900400
v 1.555750 2.404025 -0.909525
v 1.484300 2.148025 -0.864150
v 1.443150 2.188950 -0.891175
v 1.378925 2.090125 -0.882500
v 1.413125 2.044300 -0.855750
v 1.475175 2.566950 -0.968100
v 1.509550 2.686775 -0.976350
v 1.580625 2.667075 -0.951925
v 1.541825 2.546975 -0.944225
v 1.539200 2.812375 -0.982825
v 1.614000 2.792475 -0.958100
v 1.752925 2.735725 -0.902125
v 1.685200 2.766375 -0.931150
v 1.711750 2.609500 -0.896325
v 1.647925 2.640725 -0.925200
v 1.604600 2.519825 -0.917875
v 1.663875 2.487425 -0.889300
v 1.992225 2.601625 -0.767975
v 1.936850 2.633500 -0.803925
v 1.936650 2.470550 -0.762550
v 1.884575 2.503975 -0.798400
v 1.829850 2.539400 -0.832750
v 1.878600 2.667600 -0.838350
v 1.801125 2.216400 -0.749200
v 1.756525 2.253675 -0.784725
v 1.824300 2.377375 -0.791925
v 1.872775 2.342150 -0.756225
v 1.709900 2.292800 -0.818750
v 1.773475 2.414475 -0.826125
v 1.720075 2.451725 -0.858650
v 1.661050 2.332050 -0.851050
v 1.772325 2.575150 -0.865450
v 1.817325 2.702225 -0.871150
v 1.722175 2.093225 -0.741625
v 1.681675 2.132900 -0.777000
v 1.636450 1.972600 -0.733650
v 1.600225 2.014975 -0.768925
v 1.562800 2.059425 -0.802675
v 1.639525 2.174450 -0.810850
v 1.512625 1.899950 -0.760725
v 1.544450 1.854475 -0.725475
v 1.480075 1.947750 -0.794475
v 1.446850 1.996350 -0.826275
v 1.524175 2.104300 -0.834525
v 1.595650 2.216225 -0.842900
v 1.524525 1.307800 -0.339425
v 1.539975 1.287250 -0.292550
v 1.403425 1.146350 -0.286200
v 1.389625 1.168575 -0.332300
v 1.565750 1.254750 -0.196175
v 1.553800 1.269525 -0.244750
v 1.426825 1.111425 -0.191675
v 1.415925 1.127275 -0.239275
v 1.145950 0.836225 -0.182325
v 1.137175 0.854100 -0.227925
v 1.276325 0.988175 -0.233600
v 1.286150 0.971325 -0.187025
v 1.127325 0.875850 -0.273050
v 1.265150 1.008600 -0.279625
v 1.252950 1.032525 -0.324975
v 1.116700 0.901450 -0.317650
v 1.575525 1.243025 -0.146950
v 1.582850 1.234500 -0.097275
v 1.442600 1.089900 -0.094975
v 1.435800 1.098950 -0.143525
v 1.587475 1.229300 -0.047250
v 1.446900 1.084400 -0.046125
v 1.162700 0.806250 -0.043750
v 1.304550 0.942775 -0.044950
v 1.159025 0.812275 -0.090150
v 1.300575 0.948550 -0.092575
v 1.294325 0.958075 -0.139975
v 1.153350 0.822275 -0.136375
v 0.762275 0.445325 -0.040400
v 0.759575 0.452125 -0.083475
v 0.886300 0.562225 -0.085525
v 0.889325 0.555700 -0.041425
v 0.750400 0.479650 -0.169475
v 0.755525 0.463550 -0.126500
v 0.875875 0.588550 -0.173425
v 0.881725 0.573175 -0.129550
v 1.015075 0.693350 -0.132875
v 1.008475 0.708025 -0.177750
v 1.020200 0.682875 -0.087775
v 1.023550 0.676600 -0.042575
v 0.744575 0.500500 -0.212350
v 0.738325 0.526150 -0.255100
v 0.861725 0.632775 -0.260600
v 0.869100 0.608400 -0.217125
v 0.732000 0.556650 -0.297725
v 0.854075 0.661675 -0.303825
v 0.983025 0.777225 -0.310550
v 0.992125 0.749950 -0.266650
v 1.000700 0.726875 -0.222375
v 1.614750 4.752575 -0.496775
v 1.747175 4.698025 -0.486875
v 1.622300 4.797625 -0.430900
v 1.757100 4.740750 -0.422225
v 1.887250 4.664600 -0.412425
v 1.874900 4.624625 -0.475725
v 1.633375 4.867650 -0.291975
v 1.771750 4.807250 -0.285975
v 1.765275 4.777175 -0.355100
v 1.628475 4.836000 -0.362500
v 1.905575 4.727000 -0.279200
v 1.897450 4.698775 -0.346775
v 2.152350 4.515125 -0.264425
v 2.140900 4.491075 -0.328600
v 2.023250 4.602725 -0.337825
v 2.033050 4.628975 -0.271925
v 2.126700 4.462200 -0.391075
v 2.011025 4.571100 -0.401900
v 1.996300 4.534250 -0.463775
v 2.109650 4.428700 -0.451450
v 1.637050 4.892475 -0.219800
v 1.776650 4.830825 -0.215225
v 1.639600 4.910325 -0.146325
v 1.780025 4.847800 -0.143250
v 1.916025 4.765225 -0.139800
v 1.911750 4.749200 -0.210075
v 1.781975 4.858075 -0.070475
v 1.641050 4.921100 -0.072025
v 1.918500 4.774925 -0.068725
v 2.170900 4.556500 -0.064900
v 2.048775 4.673725 -0.066850
v 2.167275 4.548025 -0.132225
v 2.045725 4.664600 -0.136075
v 2.040500 4.649650 -0.204550
v 2.161125 4.534175 -0.198850
v 2.540325 3.968650 -0.057850
v 2.469600 4.129350 -0.059375
v 2.534650 3.963075 -0.118475
v 2.464350 4.123000 -0.121375
v 2.378450 4.275175 -0.124750
v 2.383200 4.282275 -0.061100
v 2.511900 3.942325 -0.237775
v 2.443275 4.099100 -0.243375
v 2.455575 4.112825 -0.182825
v 2.525175 3.954200 -0.178550
v 2.359275 4.248175 -0.249850
v 2.370500 4.263725 -0.187775
v 2.271725 4.404875 -0.193175
v 2.261700 4.387525 -0.256975
v 2.278800 4.417550 -0.128400
v 2.283000 4.425325 -0.062975
v 2.494900 3.927775 -0.295900
v 2.427425 4.082125 -0.302775
v 2.474125 3.910875 -0.352675
v 2.407975 4.062200 -0.360725
v 2.326900 4.205825 -0.370075
v 2.344750 4.228775 -0.310725
v 2.384975 4.039625 -0.416950
v 2.449600 3.891925 -0.407825
v 2.305675 4.179525 -0.427575
v 2.213325 4.309850 -0.439225
v 2.232550 4.339800 -0.380325
v 2.248650 4.365750 -0.319450
v 2.497850 3.738325 -0.400625
v 2.523575 3.753750 -0.346350
v 2.556950 3.592175 -0.341450
v 2.530325 3.580100 -0.395075
v 2.563375 3.779850 -0.233350
v 2.545425 3.767700 -0.290500
v 2.598275 3.613050 -0.229925
v 2.579600 3.603250 -0.286300
v 2.620800 3.271725 -0.225350
v 2.601300 3.266475 -0.280750
v 2.598025 3.435725 -0.283125
v 2.617225 3.443225 -0.227325
v 2.577700 3.260825 -0.334950
v 2.574800 3.427425 -0.337725
v 2.547575 3.418575 -0.390900
v 2.550150 3.255050 -0.387725
v 2.577400 3.789875 -0.175150
v 2.587450 3.797425 -0.116150
v 2.623400 3.627450 -0.114325
v 2.612900 3.621200 -0.172525
v 2.593525 3.802225 -0.056600
v 2.629775 3.631450 -0.055600
v 2.653975 3.282250 -0.054150
v 2.649700 3.457650 -0.054800
v 2.647250 3.279875 -0.111850
v 2.643125 3.454475 -0.112925
v 2.632275 3.449550 -0.170500
v 2.636150 3.276275 -0.168975
v 2.579000 2.759975 -0.052925
v 2.572150 2.759950 -0.109750
v 2.611125 2.931250 -0.110325
v 2.618000 2.932050 -0.053250
v 2.545525 2.760525 -0.221550
v 2.560950 2.760075 -0.166025
v 2.584350 2.929025 -0.222650
v 2.599875 2.930175 -0.166875
v 2.625150 3.102700 -0.167800
v 2.609650 3.099875 -0.223850
v 2.636375 3.105000 -0.111000
v 2.643200 3.106575 -0.053650
v 2.526050 2.761475 -0.276100
v 2.502675 2.763050 -0.329525
v 2.541075 2.927325 -0.331100
v 2.564700 2.928025 -0.277450
v 2.475525 2.765425 -0.381575
v 2.513575 2.927150 -0.383375
v 2.538625 3.090800 -0.385325
v 2.566275 3.093700 -0.332825
v 2.590000 3.096800 -0.278925
v 0.591575 4.631125 -0.528450
v 0.699850 4.679775 -0.527425
v 0.586000 4.679475 -0.458300
v 0.694925 4.728825 -0.457525
v 0.813275 4.772825 -0.456300
v 0.817200 4.723300 -0.525925
v 0.579075 4.756275 -0.310500
v 0.688825 4.806675 -0.310100
v 0.691325 4.771250 -0.384925
v 0.581900 4.721300 -0.385500
v 0.808500 4.851225 -0.309350
v 0.810425 4.815575 -0.383975
v 1.070350 4.913650 -0.306425
v 1.070625 4.878275 -0.380300
v 0.937475 4.852000 -0.382475
v 0.936275 4.887650 -0.308175
v 1.071175 4.835700 -0.451900
v 0.939275 4.809200 -0.454475
v 0.941875 4.759500 -0.523775
v 1.072125 4.786125 -0.520750
v 0.577275 4.784050 -0.233725
v 0.687250 4.834825 -0.233475
v 0.576250 4.804325 -0.155650
v 0.686400 4.855350 -0.155500
v 0.806675 4.900100 -0.155150
v 0.807300 4.879525 -0.232925
v 0.686050 4.867925 -0.076625
v 0.575825 4.816750 -0.076700
v 0.806425 4.912700 -0.076450
v 1.070475 4.974100 -0.075725
v 0.935175 4.948850 -0.076150
v 1.070375 4.961775 -0.153700
v 0.935275 4.936350 -0.154550
v 0.935600 4.915850 -0.232050
v 1.070300 4.941550 -0.230750
v 1.497625 4.961975 -0.073300
v 1.496600 4.950700 -0.148850
v 1.352850 4.971225 -0.150875
v 1.353525 4.982925 -0.074325
v 1.492225 4.906225 -0.296925
v 1.494800 4.932075 -0.223550
v 1.350125 4.925200 -0.300925
v 1.351725 4.951950 -0.226575
v 1.209625 4.954350 -0.228950
v 1.208900 4.926925 -0.304050
v 1.210175 4.974175 -0.152475
v 1.210525 4.986225 -0.075125
v 1.488800 4.873250 -0.368575
v 1.484525 4.833275 -0.438050
v 1.345575 4.850000 -0.443825
v 1.348075 4.891175 -0.373500
v 1.479300 4.786450 -0.504925
v 1.342575 4.801825 -0.511525
v 1.206275 4.800975 -0.516725
v 1.207200 4.850050 -0.448400
v 1.208075 4.892100 -0.377350
v 1.737850 1.629300 -0.444725
v 1.714100 1.653000 -0.488800
v 1.826225 1.787200 -0.495825
v 1.852275 1.765650 -0.451325
v 1.662325 1.708000 -0.572775
v 1.688900 1.679150 -0.531475
v 1.768900 1.837400 -0.580425
v 1.798400 1.811050 -0.538825
v 1.960850 2.100450 -0.594150
v 1.995675 2.078500 -0.551875
v 1.900875 1.944025 -0.545650
v 1.868625 1.968125 -0.587575
v 2.028275 2.058925 -0.508100
v 1.931175 1.922350 -0.502250
v 1.959425 1.902850 -0.457325
v 2.058575 2.041400 -0.462725
v 1.634475 1.739725 -0.612800
v 1.605500 1.774575 -0.651550
v 1.705375 1.898600 -0.659575
v 1.737875 1.866525 -0.620675
v 1.575450 1.812750 -0.689100
v 1.671550 1.933875 -0.697225
v 1.843950 2.182675 -0.712450
v 1.761225 2.057150 -0.705050
v 1.884900 2.152275 -0.674375
v 1.798725 2.024450 -0.667225
v 1.834550 1.994850 -0.628075
v 1.923900 2.124950 -0.634975
v 2.044925 2.573700 -0.730650
v 2.094850 2.549375 -0.691900
v 2.033550 2.414575 -0.686825
v 1.986350 2.440850 -0.725375
v 2.186225 2.510250 -0.610000
v 2.141975 2.528350 -0.651700
v 2.120275 2.371200 -0.605425
v 2.078225 2.391450 -0.646850
v 2.005325 2.257075 -0.641250
v 2.044950 2.234700 -0.600125
v 1.963375 2.282250 -0.680950
v 1.919175 2.310525 -0.719275
v 2.227575 2.494800 -0.566725
v 2.265950 2.481675 -0.521850
v 2.196350 2.338100 -0.517900
v 2.159675 2.353500 -0.562450
v 2.301300 2.470525 -0.475350
v 2.230225 2.324700 -0.471750
v 2.149075 2.181850 -0.467525
v 2.116900 2.197350 -0.513300
v 2.082175 2.214875 -0.557475
v 0.059800 4.338050 -0.529850
v 0.058550 4.379900 -0.458375
v 0.118525 4.401250 -0.458550
v 0.120950 4.358875 -0.529925
v 0.057000 4.444775 -0.309425
v 0.057650 4.415500 -0.384775
v 0.115450 4.467175 -0.309625
v 0.116725 4.437400 -0.385000
v 0.242625 4.544175 -0.310200
v 0.244950 4.512750 -0.385525
v 0.178675 4.470625 -0.385250
v 0.176850 4.501150 -0.309900
v 0.248225 4.474850 -0.458925
v 0.181275 4.433700 -0.458750
v 0.184800 4.390500 -0.530000
v 0.252675 4.430675 -0.530000
v 0.056575 4.467650 -0.232625
v 0.056350 4.484075 -0.154775
v 0.114175 4.507300 -0.154900
v 0.114650 4.490500 -0.232800
v 0.056250 4.494000 -0.076225
v 0.113975 4.517450 -0.076275
v 0.239950 4.597775 -0.076475
v 0.174725 4.552950 -0.076375
v 0.240325 4.586875 -0.155275
v 0.175000 4.542450 -0.155100
v 0.175675 4.525125 -0.233050
v 0.241150 4.568950 -0.233325
v 0.477625 4.761450 -0.076700
v 0.478075 4.749325 -0.155700
v 0.390350 4.692975 -0.155625
v 0.389900 4.704750 -0.076675
v 0.481050 4.702300 -0.310650
v 0.479150 4.729475 -0.233825
v 0.393275 4.647275 -0.310625
v 0.391400 4.673725 -0.233750
v 0.312575 4.619325 -0.233550
v 0.314300 4.593725 -0.310450
v 0.311600 4.637925 -0.155475
v 0.311175 4.649275 -0.076575
v 0.484000 4.668050 -0.385775
v 0.488275 4.627050 -0.458775
v 0.400325 4.573900 -0.458975
v 0.396175 4.613900 -0.385850
v 0.494050 4.579625 -0.529175
v 0.405975 4.527525 -0.529650
v 0.325950 4.477125 -0.529900
v 0.320775 4.522375 -0.459025
v 0.316950 4.561325 -0.385725
v 0.062275 0.258875 -0.360475
v 0.062325 0.315050 -0.402175
v 0.125925 0.325550 -0.402575
v 0.125875 0.269750 -0.360875
v 0.062950 0.443475 -0.485750
v 0.062550 0.376625 -0.443975
v 0.127075 0.453250 -0.486150
v 0.126325 0.386775 -0.444375
v 0.263550 0.496650 -0.488350
v 0.262550 0.431650 -0.446625
v 0.192600 0.404825 -0.445225
v 0.193550 0.470700 -0.486975
v 0.262175 0.371950 -0.404825
v 0.192125 0.344225 -0.403425
v 0.192125 0.289075 -0.361725
v 0.262400 0.317750 -0.363100
v 0.063525 0.515375 -0.527375
v 0.064275 0.592150 -0.568675
v 0.129600 0.601350 -0.569050
v 0.128175 0.524850 -0.527750
v 0.065200 0.673625 -0.609525
v 0.131350 0.682600 -0.609925
v 0.270325 0.721950 -0.611975
v 0.199425 0.698475 -0.610725
v 0.267425 0.641975 -0.571150
v 0.196975 0.617725 -0.569850
v 0.195000 0.541725 -0.528575
v 0.265175 0.566800 -0.529900
v 0.509625 0.844850 -0.619625
v 0.507725 0.769600 -0.579150
v 0.421775 0.717150 -0.575700
v 0.424475 0.794450 -0.616350
v 0.506425 0.633850 -0.496950
v 0.506650 0.699225 -0.538225
v 0.418800 0.577375 -0.493200
v 0.419900 0.644750 -0.534625
v 0.339775 0.600875 -0.531875
v 0.338250 0.531925 -0.490400
v 0.342025 0.674850 -0.573075
v 0.345025 0.753700 -0.613825
v 0.507000 0.573575 -0.455375
v 0.508375 0.518500 -0.413625
v 0.419000 0.458225 -0.409800
v 0.418525 0.515150 -0.451575
v 0.510525 0.468725 -0.371775
v 0.420275 0.406675 -0.368025
v 0.338000 0.356650 -0.365175
v 0.337375 0.409675 -0.406925
v 0.337450 0.468150 -0.448700
vn -0.3932 -0.4028 0.8265
vn -0.4196 -0.4273 0.8009
vn -0.4056 -0.4397 0.8014
vn -0.3802 -0.4159 0.8261
vn -0.4466 -0.4514 0.7725
vn -0.4322 -0.4637 0.7734
vn -0.4167 -0.4722 0.7768
vn -0.3910 -0.4491 0.8034
vn -0.3661 -0.4255 0.8276
vn -0.5020 -0.4987 0.7066
vn -0.4869 -0.5105 0.7087
vn -0.4594 -0.4872 0.7427
vn -0.4743 -0.4755 0.7409
vn -0.4705 -0.5183 0.7141
vn -0.4437 -0.4958 0.7466
vn -0.4356 -0.5265 0.7301
vn -0.4088 -0.5039 0.7609
vn -0.4267 -0.5009 0.7530
vn -0.4538 -0.5238 0.7209
vn -0.3829 -0.4812 0.7886
vn -0.4005 -0.4783 0.7816
vn -0.3335 -0.4356 0.8361
vn -0.3505 -0.4321 0.8309
vn -0.3747 -0.4548 0.8079
vn -0.3576 -0.4587 0.8135
vn -0.5299 -0.5215 0.6688
vn -0.5139 -0.5323 0.6727
vn -0.5566 -0.5425 0.6292
vn -0.5409 -0.5537 0.6331
vn -0.5243 -0.5614 0.6403
vn -0.4976 -0.5403 0.6785
vn -0.6070 -0.5806 0.5426
vn -0.5909 -0.5916 0.5485
vn -0.5667 -0.5735 0.5916
vn -0.5826 -0.5624 0.5867
vn -0.5750 -0.5999 0.5564
vn -0.5505 -0.5815 0.5990
vn -0.5420 -0.6107 0.5773
vn -0.5164 -0.5911 0.6196
vn -0.5336 -0.5870 0.6089
vn -0.5588 -0.6061 0.5660
vn -0.4896 -0.5701 0.6597
vn -0.5077 -0.5670 0.6487
vn -0.4808 -0.5457 0.6863
vn -0.4627 -0.5488 0.6962
vn -0.4584 -0.6208 0.6360
vn -0.4299 -0.5962 0.6780
vn -0.4554 -0.5954 0.6619
vn -0.4833 -0.6186 0.6195
vn -0.4016 -0.5716 0.7155
vn -0.4276 -0.5722 0.6998
vn -0.4502 -0.5725 0.6853
vn -0.4778 -0.5948 0.6465
vn -0.5048 -0.6167 0.6040
vn -0.3475 -0.5237 0.7778
vn -0.3728 -0.5257 0.7646
vn -0.3999 -0.5490 0.7340
vn -0.3739 -0.5478 0.7485
vn -0.3955 -0.5271 0.7522
vn -0.4227 -0.5499 0.7204
vn -0.4434 -0.5499 0.7078
vn -0.4163 -0.5275 0.7405
vn -0.4706 -0.5719 0.6718
vn -0.5243 -0.6141 0.5898
vn -0.4977 -0.5933 0.6327
vn -0.3218 -0.5003 0.8038
vn -0.3467 -0.5026 0.7919
vn -0.2974 -0.4774 0.8268
vn -0.3217 -0.4799 0.8162
vn -0.3436 -0.4816 0.8062
vn -0.3691 -0.5043 0.7807
vn -0.2523 -0.4323 0.8657
vn -0.2750 -0.4356 0.8571
vn -0.2977 -0.4573 0.8380
vn -0.2742 -0.4547 0.8474
vn -0.2960 -0.4369 0.8494
vn -0.3192 -0.4591 0.8291
vn -0.3391 -0.4596 0.8209
vn -0.3155 -0.4371 0.8423
vn -0.3638 -0.4821 0.7970
vn -0.3897 -0.5049 0.7702
vn -0.4838 0.0987 0.8696
vn -0.4627 0.1105 0.8796
vn -0.4876 0.1402 0.8618
vn -0.5079 0.1112 0.8542
vn -0.4329 0.1288 0.8922
vn -0.4561 0.1647 0.8745
vn -0.4892 0.2022 0.8484
vn -0.5218 0.1690 0.8362
vn -0.5457 0.1312 0.8276
vn -0.3625 0.1631 0.9176
vn -0.3822 0.2088 0.9002
vn -0.4219 0.1878 0.8870
vn -0.3990 0.1455 0.9053
vn -0.4081 0.2568 0.8761
vn -0.4508 0.2311 0.8622
vn -0.4731 0.3526 0.8073
vn -0.5225 0.3168 0.7916
vn -0.4853 0.2745 0.8301
vn -0.4388 0.3054 0.8451
vn -0.5657 0.2752 0.7773
vn -0.5259 0.2388 0.8163
vn -0.6289 0.1753 0.7575
vn -0.5855 0.1521 0.7963
vn -0.5598 0.1979 0.8046
vn -0.6014 0.2277 0.7658
vn -0.3224 0.1787 0.9296
vn -0.3393 0.2277 0.9127
vn -0.2819 0.1935 0.9397
vn -0.2941 0.2441 0.9241
vn -0.3115 0.2980 0.9023
vn -0.3608 0.2790 0.8899
vn -0.1904 0.2181 0.9572
vn -0.1917 0.2718 0.9431
vn -0.2458 0.2589 0.9341
vn -0.2383 0.2061 0.9491
vn -0.1966 0.3295 0.9235
vn -0.2568 0.3146 0.9138
vn -0.2150 0.4524 0.8655
vn -0.2898 0.4326 0.8537
vn -0.2721 0.3730 0.8870
vn -0.2042 0.3899 0.8980
vn -0.3575 0.4097 0.8392
vn -0.3324 0.3535 0.8744
vn -0.3881 0.3312 0.8600
vn -0.4181 0.3833 0.8236
vn -0.2723 0.6964 0.6639
vn -0.3760 0.6619 0.6485
vn -0.3546 0.6084 0.7100
vn -0.2572 0.6391 0.7249
vn -0.4652 0.6204 0.6314
vn -0.4393 0.5716 0.6930
vn -0.4120 0.5197 0.7484
vn -0.3321 0.5516 0.7651
vn -0.2421 0.5783 0.7790
vn -0.6077 0.5214 0.5990
vn -0.5766 0.4828 0.6591
vn -0.5128 0.5297 0.6756
vn -0.5421 0.5735 0.6142
vn -0.5432 0.4417 0.7140
vn -0.4817 0.4831 0.7311
vn -0.4498 0.4342 0.7805
vn -0.5083 0.3983 0.7635
vn -0.3840 0.4655 0.7974
vn -0.2274 0.5155 0.8261
vn -0.3108 0.4926 0.8128
vn -0.6647 0.4645 0.5852
vn -0.6318 0.4310 0.6442
vn -0.7125 0.4024 0.5748
vn -0.6794 0.3732 0.6318
vn -0.6431 0.3425 0.6849
vn -0.5972 0.3952 0.6980
vn -0.7864 0.2607 0.5601
vn -0.7505 0.2406 0.6155
vn -0.7185 0.3099 0.6227
vn -0.7536 0.3345 0.5659
vn -0.7125 0.2199 0.6663
vn -0.6817 0.2841 0.6742
vn -0.6428 0.2570 0.7216
vn -0.6722 0.1982 0.7134
vn -0.6054 0.3102 0.7330
vn -0.5603 0.3571 0.7474
vn -0.2316 -0.4107 0.8818
vn -0.2537 -0.4133 0.8745
vn -0.2121 -0.3890 0.8965
vn -0.2334 -0.3916 0.8901
vn -0.2533 -0.3930 0.8840
vn -0.2741 -0.4149 0.8676
vn -0.1764 -0.3460 0.9215
vn -0.1962 -0.3482 0.9167
vn -0.2142 -0.3698 0.9041
vn -0.1933 -0.3675 0.9097
vn -0.2150 -0.3495 0.9119
vn -0.2336 -0.3713 0.8987
vn -0.2501 -0.3484 0.9034
vn -0.2696 -0.3702 0.8890
vn -0.2519 -0.3714 0.8936
vn -0.2329 -0.3497 0.9075
vn -0.2895 -0.3914 0.8735
vn -0.2720 -0.3931 0.8783
vn -0.2931 -0.4149 0.8613
vn -0.3110 -0.4134 0.8558
vn -0.1606 -0.3246 0.9321
vn -0.1795 -0.3265 0.9280
vn -0.1465 -0.3035 0.9415
vn -0.1646 -0.3049 0.9380
vn -0.1818 -0.3058 0.9346
vn -0.1974 -0.3279 0.9238
vn -0.1241 -0.2621 0.9570
vn -0.1404 -0.2624 0.9547
vn -0.1516 -0.2836 0.9469
vn -0.1340 -0.2827 0.9498
vn -0.1565 -0.2623 0.9522
vn -0.1680 -0.2840 0.9440
vn -0.1889 -0.2607 0.9467
vn -0.2008 -0.2826 0.9380
vn -0.1842 -0.2837 0.9411
vn -0.1721 -0.2617 0.9497
vn -0.2153 -0.3047 0.9278
vn -0.1986 -0.3058 0.9312
vn -0.2150 -0.3278 0.9200
vn -0.2320 -0.3269 0.9161
vn -0.2459 -0.2549 0.9352
vn -0.2576 -0.2654 0.9291
vn -0.2465 -0.2731 0.9299
vn -0.2359 -0.2562 0.9374
vn -0.2731 -0.2814 0.9199
vn -0.2622 -0.2915 0.9199
vn -0.2472 -0.2979 0.9220
vn -0.2322 -0.2776 0.9322
vn -0.2207 -0.2580 0.9406
vn -0.3088 -0.3178 0.8965
vn -0.2973 -0.3305 0.8958
vn -0.2784 -0.3104 0.9089
vn -0.2908 -0.2988 0.9089
vn -0.2824 -0.3392 0.8973
vn -0.2645 -0.3186 0.9102
vn -0.2483 -0.3237 0.9130
vn -0.2669 -0.3453 0.8997
vn -0.2316 -0.3021 0.9247
vn -0.2052 -0.2596 0.9437
vn -0.2170 -0.2806 0.9350
vn -0.3288 -0.3380 0.8818
vn -0.3158 -0.3507 0.8816
vn -0.3480 -0.3583 0.8663
vn -0.3360 -0.3716 0.8655
vn -0.3215 -0.3810 0.8669
vn -0.3021 -0.3604 0.8825
vn -0.3565 -0.3927 0.8477
vn -0.3692 -0.3797 0.8482
vn -0.3429 -0.4027 0.8487
vn -0.3273 -0.4091 0.8518
vn -0.3065 -0.3878 0.8693
vn -0.2860 -0.3664 0.8854
vn -0.0808 -0.0372 0.9960
vn -0.0736 -0.0010 0.9973
vn -0.0848 -0.0001 0.9964
vn -0.0932 -0.0353 0.9950
vn -0.0646 0.0345 0.9973
vn -0.0754 0.0344 0.9966
vn -0.0883 0.0330 0.9955
vn -0.0989 -0.0000 0.9951
vn -0.1065 -0.0344 0.9937
vn -0.0388 0.1059 0.9936
vn -0.0489 0.1032 0.9935
vn -0.0632 0.0683 0.9957
vn -0.0535 0.0701 0.9961
vn -0.0618 0.0994 0.9931
vn -0.0765 0.0661 0.9949
vn -0.0979 0.0901 0.9911
vn -0.1114 0.0586 0.9920
vn -0.0921 0.0626 0.9938
vn -0.0785 0.0952 0.9924
vn -0.1231 0.0274 0.9920
vn -0.1046 0.0310 0.9940
vn -0.1404 -0.0353 0.9895
vn -0.1224 -0.0343 0.9919
vn -0.1142 -0.0012 0.9935
vn -0.1324 -0.0033 0.9912
vn -0.0218 0.1433 0.9894
vn -0.0313 0.1390 0.9898
vn -0.0003 0.1826 0.9832
vn -0.0113 0.1776 0.9840
vn -0.0256 0.1720 0.9848
vn -0.0449 0.1344 0.9899
vn 0.0535 0.2729 0.9606
vn 0.0390 0.2665 0.9630
vn 0.0124 0.2194 0.9755
vn 0.0241 0.2256 0.9739
vn 0.0202 0.2606 0.9652
vn -0.0039 0.2135 0.9769
vn -0.0303 0.2492 0.9680
vn -0.0488 0.2014 0.9783
vn -0.0240 0.2074 0.9780
vn -0.0028 0.2549 0.9670
vn -0.0665 0.1602 0.9848
vn -0.0441 0.1663 0.9851
vn -0.0621 0.1293 0.9897
vn -0.0829 0.1236 0.9889
vn -0.1923 0.1702 0.9665
vn -0.1493 0.1796 0.9723
vn -0.1424 0.2281 0.9632
vn -0.1970 0.1297 0.9718
vn -0.1579 0.1386 0.9777
vn -0.1232 0.1466 0.9815
vn -0.1111 0.1877 0.9759
vn -0.0998 0.2362 0.9666
vn -0.2108 0.0625 0.9755
vn -0.1778 0.0708 0.9815
vn -0.1675 0.1029 0.9805
vn -0.2039 0.0943 0.9744
vn -0.1473 0.0780 0.9860
vn -0.1354 0.1105 0.9846
vn -0.1073 0.1174 0.9873
vn -0.1212 0.0846 0.9890
vn -0.0928 0.1537 0.9838
vn -0.0625 0.2431 0.9680
vn -0.0777 0.1949 0.9777
vn -0.2190 0.0330 0.9752
vn -0.1867 0.0408 0.9816
vn -0.2259 0.0039 0.9741
vn -0.1962 0.0121 0.9805
vn -0.1684 0.0183 0.9856
vn -0.1584 0.0477 0.9862
vn -0.2372 -0.0548 0.9699
vn -0.2099 -0.0469 0.9766
vn -0.2031 -0.0171 0.9790
vn -0.2326 -0.0245 0.9723
vn -0.1838 -0.0416 0.9821
vn -0.1775 -0.0109 0.9841
vn -0.1533 -0.0066 0.9882
vn -0.1614 -0.0375 0.9862
vn -0.1441 0.0235 0.9893
vn -0.1333 0.0536 0.9896
vn -0.4698 -0.1705 0.8662
vn -0.4746 -0.1309 0.8704
vn -0.5137 -0.1462 0.8454
vn -0.5075 -0.1884 0.8408
vn -0.4770 -0.0944 0.8738
vn -0.5176 -0.1076 0.8488
vn -0.5614 -0.1194 0.8189
vn -0.5551 -0.1615 0.8160
vn -0.5472 -0.2057 0.8113
vn -0.4796 -0.0239 0.8771
vn -0.5224 -0.0321 0.8521
vn -0.5210 -0.0698 0.8507
vn -0.4779 -0.0595 0.8764
vn -0.5689 -0.0370 0.8216
vn -0.5655 -0.0786 0.8210
vn -0.6634 -0.0406 0.7472
vn -0.6584 -0.0909 0.7472
vn -0.6122 -0.0854 0.7860
vn -0.6160 -0.0401 0.7867
vn -0.6517 -0.1398 0.7455
vn -0.6059 -0.1303 0.7848
vn -0.6300 -0.2395 0.7387
vn -0.5880 -0.2232 0.7775
vn -0.5984 -0.1755 0.7817
vn -0.6423 -0.1890 0.7428
vn -0.4802 0.0101 0.8771
vn -0.5234 0.0062 0.8521
vn -0.4819 0.0439 0.8751
vn -0.5223 0.0423 0.8517
vn -0.5677 0.0474 0.8218
vn -0.5691 0.0046 0.8223
vn -0.5195 0.0793 0.8508
vn -0.4819 0.0754 0.8730
vn -0.5606 0.0905 0.8232
vn -0.6484 0.1202 0.7518
vn -0.6035 0.1043 0.7905
vn -0.6598 0.0651 0.7487
vn -0.6134 0.0552 0.7878
vn -0.6171 0.0070 0.7869
vn -0.6642 0.0113 0.7475
vn -0.8110 0.1839 0.5554
vn -0.7738 0.1686 0.6106
vn -0.8265 0.1086 0.5523
vn -0.7882 0.0975 0.6077
vn -0.7478 0.0868 0.6582
vn -0.7348 0.1525 0.6609
vn -0.8352 -0.0345 0.5489
vn -0.7957 -0.0368 0.6045
vn -0.7951 0.0292 0.6057
vn -0.8342 0.0356 0.5503
vn -0.7536 -0.0387 0.6562
vn -0.7536 0.0228 0.6569
vn -0.7100 0.0167 0.7040
vn -0.7093 -0.0401 0.7037
vn -0.7050 0.0757 0.7051
vn -0.6929 0.1367 0.7080
vn -0.8304 -0.1020 0.5477
vn -0.7911 -0.1004 0.6033
vn -0.8207 -0.1673 0.5464
vn -0.7818 -0.1622 0.6020
vn -0.7404 -0.1557 0.6539
vn -0.7487 -0.0981 0.6556
vn -0.7870 -0.2930 0.5430
vn -0.7510 -0.2819 0.5971
vn -0.7685 -0.2221 0.6000
vn -0.8062 -0.2307 0.5448
vn -0.7123 -0.2691 0.6482
vn -0.7282 -0.2125 0.6515
vn -0.6858 -0.2013 0.6994
vn -0.6717 -0.2550 0.6956
vn -0.6966 -0.1482 0.7020
vn -0.7045 -0.0948 0.7033
vn -0.1376 0.2826 0.9493
vn -0.0899 0.2909 0.9525
vn -0.0818 0.3494 0.9334
vn -0.1359 0.3411 0.9302
vn -0.0115 0.3027 0.9530
vn -0.0479 0.2973 0.9536
vn 0.0068 0.3596 0.9331
vn -0.0343 0.3552 0.9341
vn 0.0414 0.4817 0.8754
vn -0.0109 0.4798 0.8773
vn -0.0220 0.4164 0.9089
vn 0.0245 0.4196 0.9074
vn -0.0709 0.4753 0.8770
vn -0.0755 0.4111 0.9084
vn -0.1363 0.4028 0.9051
vn -0.1390 0.4667 0.8734
vn 0.0197 0.3075 0.9513
vn 0.0460 0.3124 0.9488
vn 0.0726 0.3671 0.9274
vn 0.0424 0.3629 0.9309
vn 0.0855 0.3239 0.9422
vn 0.0679 0.3177 0.9457
vn 0.1196 0.3768 0.9186
vn 0.0979 0.3711 0.9234
vn 0.1908 0.4855 0.8532
vn 0.1606 0.4834 0.8605
vn 0.1293 0.4269 0.8950
vn 0.1546 0.4306 0.8892
vn 0.1261 0.4826 0.8667
vn 0.0993 0.4238 0.9003
vn 0.0647 0.4219 0.9043
vn 0.0867 0.4823 0.8717
vn 0.3251 0.6903 0.6464
vn 0.2755 0.7000 0.6588
vn 0.2496 0.6499 0.7179
vn 0.2940 0.6428 0.7073
vn 0.2225 0.7103 0.6678
vn 0.2010 0.6566 0.7269
vn 0.1774 0.6004 0.7798
vn 0.2212 0.5958 0.7721
vn 0.2612 0.5927 0.7619
vn 0.0967 0.7274 0.6794
vn 0.0852 0.6693 0.7380
vn 0.1468 0.6638 0.7334
vn 0.1636 0.7194 0.6751
vn 0.0720 0.6080 0.7906
vn 0.1281 0.6047 0.7861
vn 0.1080 0.5437 0.8323
vn 0.0574 0.5447 0.8366
vn 0.1523 0.5418 0.8266
vn 0.2263 0.5394 0.8111
vn 0.1914 0.5402 0.8194
vn 0.0204 0.7316 0.6814
vn 0.0147 0.6720 0.7404
vn -0.0667 0.7300 0.6802
vn -0.0657 0.6695 0.7399
vn -0.0662 0.6061 0.7926
vn 0.0077 0.6089 0.7932
vn -0.1569 0.6597 0.7350
vn -0.1648 0.7194 0.6748
vn -0.1493 0.5964 0.7886
vn -0.1435 0.5318 0.8346
vn -0.0678 0.5407 0.8385
vn -0.0010 0.5445 0.8387
vn -0.2354 0.1595 0.9587
vn -0.2753 0.1478 0.9499
vn -0.2732 0.1086 0.9558
vn -0.2366 0.1196 0.9642
vn -0.3494 0.1211 0.9291
vn -0.3126 0.1351 0.9402
vn -0.3427 0.0845 0.9356
vn -0.3079 0.0968 0.9465
vn -0.3399 0.0200 0.9403
vn -0.3093 0.0316 0.9505
vn -0.3072 0.0628 0.9496
vn -0.3400 0.0511 0.9390
vn -0.2776 0.0428 0.9597
vn -0.2744 0.0740 0.9588
vn -0.2401 0.0846 0.9671
vn -0.2457 0.0532 0.9679
vn -0.3849 0.1076 0.9167
vn -0.4178 0.0935 0.9037
vn -0.4105 0.0604 0.9098
vn -0.3765 0.0719 0.9236
vn -0.4518 0.0824 0.8883
vn -0.4444 0.0499 0.8944
vn -0.4402 -0.0145 0.8978
vn -0.4424 0.0184 0.8966
vn -0.4048 -0.0034 0.9144
vn -0.4062 0.0281 0.9134
vn -0.3730 0.0394 0.9270
vn -0.3717 0.0081 0.9283
vn -0.4351 -0.1526 0.8874
vn -0.4383 -0.1151 0.8914
vn -0.4040 -0.1354 0.9047
vn -0.4058 -0.0996 0.9085
vn -0.4057 -0.0666 0.9116
vn -0.4394 -0.0805 0.8947
vn -0.3477 -0.1036 0.9319
vn -0.3474 -0.0702 0.9351
vn -0.3756 -0.0847 0.9229
vn -0.3756 -0.1189 0.9191
vn -0.3447 -0.0397 0.9379
vn -0.3744 -0.0529 0.9257
vn -0.3728 -0.0225 0.9277
vn -0.3421 -0.0100 0.9396
vn -0.4050 -0.0351 0.9136
vn -0.4398 -0.0475 0.8968
vn -0.3212 -0.0890 0.9428
vn -0.3189 -0.0572 0.9461
vn -0.2936 -0.0762 0.9529
vn -0.2910 -0.0449 0.9557
vn -0.2865 -0.0157 0.9580
vn -0.3161 -0.0270 0.9483
vn -0.2617 -0.0342 0.9646
vn -0.2661 -0.0644 0.9618
vn -0.2571 -0.0049 0.9664
vn -0.2509 0.0235 0.9677
vn -0.2819 0.0132 0.9593
vn -0.3121 0.0020 0.9500
vn -0.7383 -0.6745 -0.0000
vn -0.7349 -0.6720 0.0909
vn -0.7518 -0.6534 0.0889
vn -0.7551 -0.6556 -0.0000
vn -0.7257 -0.6654 0.1751
vn -0.7427 -0.6472 0.1716
vn -0.7635 -0.6235 0.1681
vn -0.7725 -0.6291 0.0869
vn -0.7757 -0.6311 -0.0000
vn -0.6944 -0.6432 0.3226
vn -0.7119 -0.6265 0.3172
vn -0.7291 -0.6381 0.2476
vn -0.7118 -0.6555 0.2523
vn -0.7329 -0.6043 0.3124
vn -0.7500 -0.6151 0.2433
vn -0.7840 -0.5408 0.3047
vn -0.8013 -0.5497 0.2359
vn -0.7742 -0.5859 0.2394
vn -0.7571 -0.5760 0.3083
vn -0.8149 -0.5566 0.1620
vn -0.7877 -0.5936 0.1649
vn -0.8268 -0.5625 -0.0000
vn -0.7997 -0.6004 -0.0000
vn -0.7965 -0.5986 0.0850
vn -0.8236 -0.5610 0.0833
vn -0.6746 -0.6292 0.3861
vn -0.6923 -0.6132 0.3805
vn -0.6531 -0.6139 0.4434
vn -0.6709 -0.5986 0.4377
vn -0.6915 -0.5776 0.4339
vn -0.7132 -0.5917 0.3758
vn -0.6244 -0.5657 0.5386
vn -0.6481 -0.5826 0.4905
vn -0.6304 -0.5977 0.4954
vn -0.6440 -0.5455 0.5363
vn -0.6683 -0.5622 0.4872
vn -0.6892 -0.4876 0.5359
vn -0.7159 -0.5033 0.4840
vn -0.6910 -0.5359 0.4851
vn -0.6657 -0.5196 0.5355
vn -0.7408 -0.5174 0.4284
vn -0.7149 -0.5508 0.4307
vn -0.7372 -0.5642 0.3718
vn -0.7637 -0.5300 0.3687
vn -0.8199 -0.3026 0.4860
vn -0.7955 -0.3633 0.4849
vn -0.7641 -0.3516 0.5409
vn -0.8498 -0.3108 0.4257
vn -0.8242 -0.3734 0.4257
vn -0.7965 -0.4289 0.4261
vn -0.7692 -0.4172 0.4841
vn -0.7393 -0.4037 0.5389
vn -0.8988 -0.3230 0.2964
vn -0.8718 -0.3890 0.2976
vn -0.8497 -0.3820 0.3634
vn -0.8761 -0.3175 0.3627
vn -0.8427 -0.4475 0.2994
vn -0.8212 -0.4390 0.3646
vn -0.7920 -0.4883 0.3664
vn -0.8129 -0.4981 0.3018
vn -0.7683 -0.4769 0.4270
vn -0.7138 -0.4493 0.5372
vn -0.7422 -0.4638 0.4837
vn -0.9173 -0.3273 0.2267
vn -0.8901 -0.3946 0.2282
vn -0.9312 -0.3302 0.1540
vn -0.9039 -0.3986 0.1554
vn -0.8742 -0.4594 0.1571
vn -0.8606 -0.4543 0.2302
vn -0.9431 -0.3326 -0.0000
vn -0.9157 -0.4020 -0.0000
vn -0.9126 -0.4011 0.0792
vn -0.9401 -0.3317 0.0784
vn -0.8861 -0.4636 -0.0000
vn -0.8830 -0.4625 0.0804
vn -0.8528 -0.5157 0.0818
vn -0.8560 -0.5170 -0.0000
vn -0.8441 -0.5120 0.1593
vn -0.8305 -0.5060 0.2327
vn 0.0640 0.2797 0.9580
vn 0.0991 0.3310 0.9384
vn 0.0719 0.2870 0.9552
vn 0.1077 0.3392 0.9345
vn 0.1479 0.3920 0.9080
vn 0.1362 0.3834 0.9135
vn 0.0736 0.3025 0.9503
vn 0.1082 0.3584 0.9273
vn 0.1120 0.3484 0.9307
vn 0.0751 0.2948 0.9526
vn 0.1472 0.4137 0.8984
vn 0.1521 0.4021 0.9029
vn 0.2329 0.5210 0.8212
vn 0.2398 0.5069 0.8280
vn 0.1951 0.4553 0.8687
vn 0.1891 0.4683 0.8631
vn 0.2330 0.4965 0.8362
vn 0.1895 0.4446 0.8755
vn 0.1757 0.4365 0.8824
vn 0.2156 0.4893 0.8450
vn 0.0657 0.3100 0.9485
vn 0.0964 0.3682 0.9248
vn 0.0508 0.3165 0.9472
vn 0.0745 0.3776 0.9230
vn 0.1011 0.4376 0.8934
vn 0.1309 0.4261 0.8952
vn -0.0000 0.3224 0.9466
vn -0.0000 0.3867 0.9222
vn 0.0418 0.3831 0.9228
vn 0.0287 0.3214 0.9465
vn -0.0000 0.4494 0.8933
vn 0.0574 0.4471 0.8926
vn -0.0000 0.5752 0.8180
vn 0.0928 0.5706 0.8160
vn 0.0739 0.5085 0.8579
vn -0.0000 0.5141 0.8577
vn 0.1623 0.5552 0.8157
vn 0.1311 0.4980 0.8572
vn 0.1686 0.4830 0.8593
vn 0.2087 0.5380 0.8167
vn -0.0000 0.7964 0.6047
vn 0.1730 0.7826 0.5980
vn 0.1521 0.7347 0.6611
vn -0.0000 0.7484 0.6632
vn 0.2961 0.7497 0.5918
vn 0.2641 0.7087 0.6542
vn 0.2295 0.6615 0.7140
vn 0.1325 0.6846 0.7168
vn -0.0000 0.6927 0.7212
vn 0.4065 0.6948 0.5933
vn 0.3655 0.6582 0.6582
vn 0.3320 0.6802 0.6536
vn 0.3715 0.7181 0.5885
vn 0.3222 0.6166 0.7183
vn 0.2917 0.6373 0.7132
vn 0.2497 0.5894 0.7683
vn 0.2776 0.5706 0.7729
vn 0.1963 0.6109 0.7670
vn -0.0000 0.6370 0.7708
vn 0.1117 0.6281 0.7701
vn 0.4131 0.6820 0.6035
vn 0.3726 0.6444 0.6678
vn 0.3984 0.6785 0.6172
vn 0.3599 0.6382 0.6806
vn 0.3190 0.5941 0.7384
vn 0.3296 0.6022 0.7272
vn 0.3327 0.6385 0.6939
vn 0.3675 0.6817 0.6326
vn 0.2949 0.5910 0.7508
vn 0.2559 0.5414 0.8009
vn 0.2764 0.5466 0.7905
vn 0.2850 0.5562 0.7807
vn -0.2265 -0.4293 0.8743
vn -0.2072 -0.4075 0.8894
vn -0.1983 -0.4260 0.8827
vn -0.1799 -0.4039 0.8969
vn -0.1632 -0.3823 0.9095
vn -0.1882 -0.3858 0.9032
vn -0.1345 -0.4193 0.8978
vn -0.1207 -0.3969 0.9099
vn -0.1513 -0.4004 0.9038
vn -0.1673 -0.4225 0.8908
vn -0.1086 -0.3754 0.9205
vn -0.1359 -0.3786 0.9155
vn -0.0868 -0.3339 0.9386
vn -0.1093 -0.3366 0.9353
vn -0.1226 -0.3575 0.9258
vn -0.0972 -0.3544 0.9300
vn -0.1327 -0.3400 0.9310
vn -0.1473 -0.3610 0.9209
vn -0.1712 -0.3644 0.9154
vn -0.1551 -0.3431 0.9264
vn -0.1002 -0.4166 0.9036
vn -0.0900 -0.3942 0.9146
vn -0.0658 -0.4146 0.9076
vn -0.0587 -0.3918 0.9182
vn -0.0527 -0.3705 0.9273
vn -0.0806 -0.3726 0.9245
vn -0.0000 -0.4129 0.9108
vn -0.0000 -0.3903 0.9207
vn -0.0288 -0.3908 0.9200
vn -0.0319 -0.4131 0.9101
vn -0.0000 -0.3687 0.9295
vn -0.0257 -0.3692 0.9290
vn -0.0000 -0.3282 0.9446
vn -0.0203 -0.3286 0.9443
vn -0.0228 -0.3485 0.9370
vn -0.0000 -0.3478 0.9376
vn -0.0418 -0.3297 0.9432
vn -0.0468 -0.3495 0.9358
vn -0.0719 -0.3517 0.9334
vn -0.0637 -0.3313 0.9414
vn -0.0000 -0.2570 0.9664
vn -0.0130 -0.2571 0.9663
vn -0.0144 -0.2738 0.9617
vn -0.0000 -0.2737 0.9618
vn -0.0269 -0.2574 0.9659
vn -0.0297 -0.2744 0.9612
vn -0.0331 -0.2920 0.9558
vn -0.0160 -0.2913 0.9565
vn -0.0000 -0.2910 0.9567
vn -0.0571 -0.2586 0.9643
vn -0.0626 -0.2765 0.9590
vn -0.0457 -0.2753 0.9603
vn -0.0416 -0.2579 0.9653
vn -0.0694 -0.2950 0.9530
vn -0.0506 -0.2931 0.9547
vn -0.0569 -0.3120 0.9484
vn -0.0775 -0.3141 0.9462
vn -0.0372 -0.3105 0.9499
vn -0.0000 -0.3092 0.9510
vn -0.0181 -0.3095 0.9507
vn -0.0732 -0.2595 0.9630
vn -0.0801 -0.2780 0.9572
vn -0.0899 -0.2604 0.9613
vn -0.0980 -0.2796 0.9551
vn -0.1079 -0.2993 0.9480
vn -0.0882 -0.2970 0.9508
vn -0.1162 -0.2813 0.9526
vn -0.1069 -0.2613 0.9593
vn -0.1269 -0.3015 0.9450
vn -0.1404 -0.3222 0.9362
vn -0.1196 -0.3194 0.9400
vn -0.0985 -0.3167 0.9434
vn -0.0698 -0.0397 0.9968
vn -0.0635 -0.0027 0.9980
vn -0.0592 -0.0428 0.9973
vn -0.0544 -0.0049 0.9985
vn -0.0468 0.0324 0.9984
vn -0.0557 0.0340 0.9979
vn -0.0388 -0.0494 0.9980
vn -0.0355 -0.0108 0.9993
vn -0.0446 -0.0079 0.9990
vn -0.0490 -0.0461 0.9977
vn -0.0306 0.0282 0.9991
vn -0.0386 0.0304 0.9988
vn -0.0132 0.1097 0.9939
vn -0.0184 0.1097 0.9938
vn -0.0300 0.0694 0.9971
vn -0.0236 0.0682 0.9974
vn -0.0243 0.1090 0.9937
vn -0.0375 0.0703 0.9968
vn -0.0448 0.0705 0.9965
vn -0.0316 0.1080 0.9936
vn -0.0291 -0.0526 0.9982
vn -0.0264 -0.0137 0.9996
vn -0.0190 -0.0549 0.9983
vn -0.0179 -0.0164 0.9997
vn -0.0150 0.0239 0.9996
vn -0.0230 0.0258 0.9994
vn -0.0000 -0.0573 0.9984
vn -0.0000 -0.0187 0.9998
vn -0.0087 -0.0178 0.9998
vn -0.0094 -0.0567 0.9983
vn -0.0000 0.0219 0.9998
vn -0.0077 0.0222 0.9997
vn -0.0000 0.1085 0.9941
vn -0.0024 0.1088 0.9941
vn -0.0053 0.0645 0.9979
vn -0.0000 0.0637 0.9980
vn -0.0049 0.1092 0.9940
vn -0.0113 0.0654 0.9978
vn -0.0169 0.0669 0.9976
vn -0.0088 0.1096 0.9939
vn 0.0178 0.2614 0.9651
vn -0.0000 0.2628 0.9649
vn 0.0311 0.2585 0.9655
vn 0.0156 0.2051 0.9786
vn 0.0090 0.2069 0.9783
vn -0.0000 0.2071 0.9783
vn 0.0437 0.2491 0.9675
vn 0.0398 0.2542 0.9663
vn 0.0201 0.1995 0.9797
vn 0.0189 0.2028 0.9790
vn 0.0033 0.1546 0.9880
vn 0.0008 0.1534 0.9882
vn 0.0038 0.1555 0.9878
vn -0.0000 0.1561 0.9877
vn 0.0026 0.1560 0.9878
vn 0.0439 0.2433 0.9689
vn 0.0399 0.2375 0.9706
vn 0.0139 0.1918 0.9813
vn 0.0175 0.1960 0.9804
vn 0.0335 0.2315 0.9723
vn 0.0071 0.1876 0.9822
vn -0.0139 0.1465 0.9891
vn -0.0074 0.1493 0.9888
vn -0.0023 0.1515 0.9884
vn -0.6300 -0.7766 -0.0000
vn -0.6058 -0.7956 -0.0000
vn -0.6012 -0.7908 0.1148
vn -0.6255 -0.7723 0.1105
vn -0.5715 -0.8206 -0.0000
vn -0.5666 -0.8152 0.1199
vn -0.5526 -0.8004 0.2326
vn -0.5885 -0.7774 0.2223
vn -0.6131 -0.7604 0.2143
vn -0.4569 -0.8895 -0.0000
vn -0.4524 -0.8820 0.1323
vn -0.5182 -0.8460 0.1257
vn -0.5236 -0.8520 -0.0000
vn -0.4385 -0.8614 0.2564
vn -0.5043 -0.8284 0.2438
vn -0.3937 -0.7939 0.4635
vn -0.4579 -0.7704 0.4436
vn -0.4835 -0.8022 0.3504
vn -0.4183 -0.8307 0.3674
vn -0.5069 -0.7500 0.4249
vn -0.5324 -0.7776 0.3347
vn -0.5708 -0.7207 0.3935
vn -0.5945 -0.7425 0.3087
vn -0.5683 -0.7577 0.3208
vn -0.5437 -0.7334 0.4081
vn -0.3692 -0.9293 -0.0000
vn -0.3648 -0.9206 0.1390
vn -0.2589 -0.9659 -0.0000
vn -0.2558 -0.9558 0.1452
vn -0.2463 -0.9277 0.2804
vn -0.3529 -0.8961 0.2691
vn -0.0000 -1.0000 -0.0000
vn -0.0000 -0.9885 0.1514
vn -0.1302 -0.9802 0.1495
vn -0.1324 -0.9912 -0.0000
vn -0.0000 -0.9567 0.2910
vn -0.1251 -0.9492 0.2886
vn -0.0000 -0.8573 0.5149
vn -0.1084 -0.8524 0.5115
vn -0.1174 -0.9047 0.4096
vn -0.0000 -0.9104 0.4136
vn -0.2158 -0.8388 0.4998
vn -0.2324 -0.8867 0.3996
vn -0.3345 -0.8604 0.3844
vn -0.3126 -0.8177 0.4834
vn -0.0000 -0.6553 0.7554
vn -0.0729 -0.6539 0.7530
vn -0.0810 -0.6983 0.7112
vn -0.0000 -0.6992 0.7149
vn -0.1486 -0.6515 0.7440
vn -0.1637 -0.6931 0.7020
vn -0.1808 -0.7394 0.6486
vn -0.0896 -0.7463 0.6595
vn -0.0000 -0.7489 0.6627
vn -0.2865 -0.6403 0.7127
vn -0.3119 -0.6761 0.6675
vn -0.2426 -0.6858 0.6861
vn -0.2206 -0.6462 0.7306
vn -0.3392 -0.7142 0.6122
vn -0.2652 -0.7280 0.6323
vn -0.2891 -0.7728 0.5650
vn -0.3668 -0.7543 0.5446
vn -0.1980 -0.7883 0.5826
vn -0.0000 -0.8016 0.5979
vn -0.0991 -0.7988 0.5933
vn -0.3424 -0.6339 0.6935
vn -0.3710 -0.6667 0.6465
vn -0.3896 -0.6284 0.6733
vn -0.4189 -0.6580 0.6257
vn -0.4488 -0.6887 0.5694
vn -0.4002 -0.7009 0.5904
vn -0.4873 -0.6458 0.5879
vn -0.4572 -0.6510 0.6060
vn -0.4278 -0.6239 0.6540
vn -0.5161 -0.6711 0.5322
vn -0.4870 -0.6788 0.5495
vn -0.5161 -0.7065 0.4842
vn -0.5443 -0.6964 0.4677
vn -0.4789 -0.7198 0.5025
vn -0.4295 -0.7360 0.5233
vn -0.0000 -0.2400 0.9708
vn -0.0120 -0.2400 0.9707
vn -0.0000 -0.2214 0.9752
vn -0.0112 -0.2213 0.9751
vn -0.0232 -0.2211 0.9750
vn -0.0248 -0.2400 0.9704
vn -0.0000 -0.1784 0.9840
vn -0.0102 -0.1781 0.9840
vn -0.0106 -0.2008 0.9796
vn -0.0000 -0.2010 0.9796
vn -0.0212 -0.1773 0.9839
vn -0.0220 -0.2003 0.9795
vn -0.0447 -0.1744 0.9837
vn -0.0466 -0.1984 0.9790
vn -0.0339 -0.1995 0.9793
vn -0.0325 -0.1763 0.9838
vn -0.0493 -0.2203 0.9742
vn -0.0358 -0.2207 0.9747
vn -0.0384 -0.2401 0.9700
vn -0.0527 -0.2403 0.9693
vn -0.0000 -0.1532 0.9882
vn -0.0100 -0.1528 0.9882
vn -0.0000 -0.1250 0.9922
vn -0.0099 -0.1249 0.9921
vn -0.0204 -0.1232 0.9922
vn -0.0207 -0.1517 0.9882
vn -0.0098 -0.0927 0.9956
vn -0.0000 -0.0933 0.9956
vn -0.0199 -0.0911 0.9956
vn -0.0410 -0.0858 0.9955
vn -0.0303 -0.0888 0.9956
vn -0.0423 -0.1185 0.9921
vn -0.0312 -0.1211 0.9921
vn -0.0318 -0.1500 0.9882
vn -0.0434 -0.1478 0.9881
vn -0.0864 -0.0729 0.9936
vn -0.0744 -0.0758 0.9943
vn -0.0907 -0.1062 0.9902
vn -0.0780 -0.1092 0.9910
vn -0.0657 -0.1124 0.9915
vn -0.0630 -0.0791 0.9949
vn -0.0981 -0.1661 0.9812
vn -0.0842 -0.1682 0.9821
vn -0.0810 -0.1399 0.9868
vn -0.0945 -0.1371 0.9860
vn -0.0707 -0.1704 0.9828
vn -0.0680 -0.1427 0.9874
vn -0.0555 -0.1454 0.9878
vn -0.0574 -0.1725 0.9833
vn -0.0538 -0.1155 0.9918
vn -0.0519 -0.0825 0.9952
vn -0.1030 -0.1928 0.9758
vn -0.0882 -0.1944 0.9770
vn -0.1087 -0.2177 0.9699
vn -0.0928 -0.2185 0.9714
vn -0.0780 -0.2192 0.9725
vn -0.0739 -0.1959 0.9778
vn -0.0994 -0.2408 0.9655
vn -0.1157 -0.2408 0.9637
vn -0.0830 -0.2407 0.9670
vn -0.0678 -0.2405 0.9683
vn -0.0630 -0.2198 0.9735
vn -0.0600 -0.1973 0.9785
vn -0.1317 -0.2404 0.9617
vn -0.1237 -0.2165 0.9684
vn -0.1390 -0.2153 0.9666
vn -0.1470 -0.2397 0.9597
vn -0.1127 -0.1636 0.9801
vn -0.1178 -0.1910 0.9745
vn -0.1272 -0.1614 0.9787
vn -0.1325 -0.1891 0.9730
vn -0.1592 -0.1582 0.9745
vn -0.1641 -0.1862 0.9687
vn -0.1477 -0.1874 0.9711
vn -0.1425 -0.1594 0.9769
vn -0.1706 -0.2130 0.9620
vn -0.1539 -0.2138 0.9647
vn -0.1621 -0.2387 0.9575
vn -0.1791 -0.2381 0.9546
vn -0.1083 -0.1345 0.9850
vn -0.1039 -0.1034 0.9892
vn -0.1181 -0.1012 0.9878
vn -0.1226 -0.1321 0.9836
vn -0.0990 -0.0704 0.9926
vn -0.1135 -0.0685 0.9912
vn -0.1469 -0.0676 0.9868
vn -0.1288 -0.0676 0.9894
vn -0.1514 -0.0990 0.9835
vn -0.1341 -0.0994 0.9860
vn -0.1382 -0.1302 0.9818
vn -0.1552 -0.1290 0.9794
vn -0.2416 -0.0849 0.9667
vn -0.2139 -0.0776 0.9738
vn -0.2438 -0.1149 0.9630
vn -0.2177 -0.1067 0.9701
vn -0.1929 -0.1022 0.9759
vn -0.1895 -0.0721 0.9792
vn -0.2467 -0.1722 0.9537
vn -0.2219 -0.1644 0.9611
vn -0.2198 -0.1360 0.9660
vn -0.2461 -0.1431 0.9586
vn -0.1986 -0.1599 0.9669
vn -0.1958 -0.1313 0.9718
vn -0.1742 -0.1292 0.9762
vn -0.1777 -0.1581 0.9713
vn -0.1711 -0.0995 0.9802
vn -0.1666 -0.0692 0.9836
vn -0.2472 -0.1981 0.9485
vn -0.2238 -0.1913 0.9557
vn -0.2470 -0.2222 0.9432
vn -0.2258 -0.2155 0.9500
vn -0.2063 -0.2133 0.9550
vn -0.2019 -0.1875 0.9613
vn -0.2297 -0.2383 0.9437
vn -0.2468 -0.2418 0.9384
vn -0.2123 -0.2371 0.9480
vn -0.1958 -0.2375 0.9515
vn -0.1879 -0.2126 0.9589
vn -0.1821 -0.1860 0.9655
vn -0.2640 -0.2526 0.9309
vn -0.2688 -0.2326 0.9347
vn -0.2886 -0.2471 0.9250
vn -0.2828 -0.2669 0.9213
vn -0.2724 -0.1827 0.9447
vn -0.2703 -0.2095 0.9397
vn -0.2958 -0.1971 0.9347
vn -0.2938 -0.2235 0.9294
vn -0.3407 -0.2308 0.9114
vn -0.3365 -0.2577 0.9057
vn -0.3145 -0.2399 0.9184
vn -0.3196 -0.2130 0.9233
vn -0.3284 -0.2816 0.9016
vn -0.3092 -0.2636 0.9138
vn -0.3000 -0.2833 0.9109
vn -0.3201 -0.3018 0.8980
vn -0.2719 -0.1550 0.9498
vn -0.2712 -0.1253 0.9543
vn -0.2966 -0.1386 0.9449
vn -0.2976 -0.1681 0.9398
vn -0.2686 -0.0956 0.9585
vn -0.2961 -0.1076 0.9491
vn -0.3476 -0.1374 0.9275
vn -0.3215 -0.1220 0.9390
vn -0.3461 -0.1703 0.9226
vn -0.3222 -0.1534 0.9341
vn -0.3210 -0.1841 0.9290
vn -0.3447 -0.2013 0.9169
vn -0.4630 -0.2105 0.8610
vn -0.4300 -0.1908 0.8824
vn -0.4553 -0.2478 0.8552
vn -0.4242 -0.2268 0.8767
vn -0.3963 -0.2068 0.8945
vn -0.4007 -0.1719 0.8999
vn -0.4378 -0.3135 0.8427
vn -0.4099 -0.2907 0.8645
vn -0.4176 -0.2602 0.8706
vn -0.4469 -0.2822 0.8489
vn -0.3856 -0.2696 0.8824
vn -0.3913 -0.2394 0.8886
vn -0.3672 -0.2198 0.9038
vn -0.3632 -0.2496 0.8976
vn -0.3711 -0.1878 0.9094
vn -0.3732 -0.1544 0.9148
vn -0.4278 -0.3414 0.8369
vn -0.4012 -0.3183 0.8589
vn -0.4170 -0.3658 0.8320
vn -0.3915 -0.3424 0.8541
vn -0.3692 -0.3210 0.8722
vn -0.3784 -0.2970 0.8767
vn -0.3809 -0.3630 0.8504
vn -0.4055 -0.3863 0.8285
vn -0.3596 -0.3417 0.8683
vn -0.3394 -0.3214 0.8840
vn -0.3492 -0.3010 0.8874
vn -0.3565 -0.2769 0.8923
vn -0.6144 -0.6088 0.5019
vn -0.6373 -0.6256 0.4501
vn -0.6221 -0.6350 0.4580
vn -0.5988 -0.6176 0.5099
vn -0.6793 -0.6562 0.3286
vn -0.6591 -0.6414 0.3927
vn -0.6651 -0.6672 0.3353
vn -0.6444 -0.6516 0.4002
vn -0.6379 -0.6856 0.3508
vn -0.6158 -0.6679 0.4180
vn -0.6301 -0.6603 0.4085
vn -0.6517 -0.6768 0.3424
vn -0.5920 -0.6492 0.4776
vn -0.6072 -0.6427 0.4672
vn -0.5832 -0.6245 0.5194
vn -0.5672 -0.6300 0.5305
vn -0.6970 -0.6692 0.2574
vn -0.7113 -0.6798 0.1789
vn -0.6980 -0.6923 0.1828
vn -0.6834 -0.6811 0.2630
vn -0.7243 -0.6895 -0.0000
vn -0.7208 -0.6869 0.0928
vn -0.7114 -0.7028 -0.0000
vn -0.7078 -0.7000 0.0948
vn -0.6874 -0.7263 -0.0000
vn -0.6836 -0.7231 0.0992
vn -0.6956 -0.7119 0.0969
vn -0.6992 -0.7149 -0.0000
vn -0.6732 -0.7143 0.1913
vn -0.6854 -0.7037 0.1869
vn -0.6703 -0.6916 0.2689
vn -0.6575 -0.7014 0.2753
vn -0.6435 -0.7579 0.1071
vn -0.6477 -0.7619 -0.0000
vn -0.6317 -0.7470 0.2073
vn -0.6470 -0.7354 0.2014
vn -0.6583 -0.7455 0.1041
vn -0.6624 -0.7492 -0.0000
vn -0.5915 -0.7107 0.3809
vn -0.6138 -0.7307 0.2989
vn -0.6087 -0.7020 0.3697
vn -0.6299 -0.7204 0.2902
vn -0.6442 -0.7108 0.2823
vn -0.6238 -0.6938 0.3598
vn -0.6605 -0.7247 0.1961
vn -0.6753 -0.7375 -0.0000
vn -0.6714 -0.7341 0.1015
vn -0.5661 -0.6885 0.4533
vn -0.5393 -0.6654 0.5161
vn -0.5586 -0.6601 0.5022
vn -0.5847 -0.6816 0.4400
vn -0.5114 -0.6419 0.5714
vn -0.5319 -0.6383 0.5564
vn -0.5503 -0.6345 0.5428
vn -0.5760 -0.6549 0.4892
vn -0.6007 -0.6749 0.4286
vn -0.2867 0.7493 0.5970
vn -0.3957 0.7109 0.5814
vn -0.2999 0.7968 0.5245
vn -0.4134 0.7551 0.5089
vn -0.5093 0.7049 0.4936
vn -0.4887 0.6650 0.5647
vn -0.3222 0.8738 0.3642
vn -0.4416 0.8255 0.3516
vn -0.4286 0.7931 0.4327
vn -0.3119 0.8387 0.4464
vn -0.5415 0.7690 0.3396
vn -0.5271 0.7398 0.4181
vn -0.6969 0.6412 0.3214
vn -0.6802 0.6173 0.3952
vn -0.6098 0.6807 0.4060
vn -0.6257 0.7072 0.3293
vn -0.6597 0.5892 0.4666
vn -0.5905 0.6494 0.4791
vn -0.5679 0.6135 0.5488
vn -0.6357 0.5572 0.5343
vn -0.3307 0.9020 0.2775
vn -0.4517 0.8510 0.2679
vn -0.3369 0.9226 0.1878
vn -0.4591 0.8698 0.1806
vn -0.5610 0.8093 0.1741
vn -0.5529 0.7923 0.2580
vn -0.3421 0.9396 -0.0000
vn -0.4651 0.8853 -0.0000
vn -0.4636 0.8814 0.0911
vn -0.3408 0.9353 0.0949
vn -0.5676 0.8233 -0.0000
vn -0.5659 0.8198 0.0877
vn -0.7270 0.6867 -0.0000
vn -0.7251 0.6836 0.0834
vn -0.6519 0.7535 0.0852
vn -0.6536 0.7568 -0.0000
vn -0.7194 0.6747 0.1649
vn -0.6467 0.7439 0.1689
vn -0.6378 0.7283 0.2505
vn -0.7100 0.6605 0.2444
vn -0.9350 0.3547 -0.0000
vn -0.9323 0.3527 0.0800
vn -0.8913 0.4461 0.0808
vn -0.8936 0.4488 -0.0000
vn -0.9245 0.3473 0.1575
vn -0.8840 0.4396 0.1590
vn -0.8366 0.5237 0.1604
vn -0.8433 0.5312 0.0814
vn -0.8456 0.5338 -0.0000
vn -0.8948 0.3272 0.3039
vn -0.8563 0.4155 0.3070
vn -0.8722 0.4292 0.2345
vn -0.9118 0.3386 0.2323
vn -0.8108 0.4963 0.3105
vn -0.8257 0.5119 0.2368
vn -0.7720 0.5886 0.2399
vn -0.7580 0.5711 0.3151
vn -0.7819 0.6020 0.1622
vn -0.7903 0.6127 -0.0000
vn -0.7882 0.6099 0.0822
vn -0.8736 0.3134 0.3723
vn -0.8362 0.3988 0.3764
vn -0.8484 0.2976 0.4379
vn -0.8126 0.3794 0.4424
vn -0.7693 0.4550 0.4486
vn -0.7921 0.4771 0.3808
vn -0.7847 0.3581 0.5060
vn -0.8193 0.2799 0.5004
vn -0.7431 0.4298 0.5128
vn -0.6934 0.4961 0.5226
vn -0.7190 0.5245 0.4561
vn -0.7402 0.5496 0.3873
vn -0.8452 0.1987 0.4962
vn -0.8756 0.2123 0.4340
vn -0.8930 0.1289 0.4311
vn -0.8617 0.1187 0.4934
vn -0.9241 0.2354 0.3010
vn -0.9019 0.2246 0.3689
vn -0.9432 0.1457 0.2987
vn -0.9202 0.1378 0.3663
vn -0.9549 -0.0240 0.2960
vn -0.9313 -0.0264 0.3633
vn -0.9296 0.0540 0.3645
vn -0.9529 0.0593 0.2974
vn -0.9033 -0.0292 0.4280
vn -0.9019 0.0482 0.4292
vn -0.8700 0.0421 0.4912
vn -0.8711 -0.0322 0.4901
vn -0.9421 0.2443 0.2299
vn -0.9553 0.2510 0.1559
vn -0.9754 0.1572 0.1545
vn -0.9617 0.1522 0.2279
vn -0.9664 0.2570 -0.0000
vn -0.9637 0.2551 0.0792
vn -0.9869 0.1616 -0.0000
vn -0.9839 0.1604 0.0785
vn -0.9998 -0.0179 -0.0000
vn -0.9968 -0.0184 0.0774
vn -0.9946 0.0690 0.0778
vn -0.9975 0.0701 -0.0000
vn -0.9881 -0.0196 0.1527
vn -0.9859 0.0668 0.1534
vn -0.9720 0.0635 0.2264
vn -0.9740 -0.0215 0.2256
vn -0.9630 -0.2582 0.0778
vn -0.9660 -0.2585 -0.0000
vn -0.9542 -0.2570 0.1531
vn -0.9715 -0.1812 0.1526
vn -0.9803 -0.1816 0.0774
vn -0.9834 -0.1817 -0.0000
vn -0.9214 -0.2523 0.2957
vn -0.9402 -0.2551 0.2258
vn -0.9385 -0.1792 0.2952
vn -0.9575 -0.1805 0.2252
vn -0.9689 -0.1027 0.2252
vn -0.9499 -0.1032 0.2952
vn -0.9830 -0.1023 0.1525
vn -0.9948 -0.1017 -0.0000
vn -0.9918 -0.1019 0.0773
vn -0.8983 -0.2486 0.3623
vn -0.8710 -0.2440 0.4263
vn -0.8874 -0.1749 0.4265
vn -0.9149 -0.1774 0.3627
vn -0.8404 -0.2379 0.4870
vn -0.8559 -0.1715 0.4880
vn -0.8663 -0.1030 0.4889
vn -0.8982 -0.1035 0.4272
vn -0.9262 -0.1035 0.3626
vn 0.3530 0.7330 0.5815
vn 0.2993 0.7468 0.5939
vn 0.3784 0.7719 0.5108
vn 0.3203 0.7888 0.5246
vn 0.2587 0.8050 0.5339
vn 0.2417 0.7594 0.6041
vn 0.4196 0.8347 0.3567
vn 0.3546 0.8589 0.3696
vn 0.3388 0.8266 0.4494
vn 0.4005 0.8056 0.4365
vn 0.2858 0.8808 0.3776
vn 0.2735 0.8453 0.4590
vn 0.1262 0.9140 0.3857
vn 0.1211 0.8752 0.4683
vn 0.2017 0.8621 0.4649
vn 0.2105 0.8994 0.3831
vn 0.1146 0.8308 0.5447
vn 0.1910 0.8190 0.5411
vn 0.1782 0.7716 0.6107
vn 0.1065 0.7813 0.6151
vn 0.4350 0.8578 0.2737
vn 0.3674 0.8858 0.2836
vn 0.4463 0.8754 0.1857
vn 0.3769 0.9058 0.1938
vn 0.3031 0.9320 0.1986
vn 0.2958 0.9098 0.2913
vn 0.4559 0.8900 -0.0000
vn 0.3847 0.9230 -0.0000
vn 0.3827 0.9186 0.0985
vn 0.4535 0.8863 0.0943
vn 0.3092 0.9510 -0.0000
vn 0.3076 0.9461 0.1017
vn 0.1343 0.9909 -0.0000
vn 0.1336 0.9856 0.1037
vn 0.2255 0.9687 0.1033
vn 0.2265 0.9740 -0.0000
vn 0.1324 0.9702 0.2029
vn 0.2224 0.9538 0.2022
vn 0.2174 0.9303 0.2953
vn 0.1299 0.9459 0.2974
vn -0.2087 0.9730 0.0985
vn -0.2098 0.9777 -0.0000
vn -0.2061 0.9591 0.1940
vn -0.0819 0.9765 0.1992
vn -0.0836 0.9913 0.1012
vn -0.0842 0.9965 -0.0000
vn -0.1952 0.9065 0.3745
vn -0.2011 0.9367 0.2868
vn -0.0765 0.9211 0.3819
vn -0.0794 0.9528 0.2930
vn 0.0313 0.9546 0.2964
vn 0.0308 0.9223 0.3853
vn 0.0313 0.9789 0.2020
vn 0.0306 0.9995 -0.0000
vn 0.0311 0.9942 0.1029
vn -0.1882 0.8687 0.4582
vn -0.1807 0.8246 0.5361
vn -0.0706 0.8368 0.5430
vn -0.0735 0.8821 0.4653
vn -0.1728 0.7746 0.6084
vn -0.0683 0.7859 0.6146
vn 0.0248 0.7869 0.6165
vn 0.0278 0.8376 0.5456
vn 0.0298 0.8830 0.4685
vn -0.5996 -0.5474 0.5838
vn -0.5733 -0.5276 0.6269
vn -0.5910 -0.5073 0.6272
vn -0.6183 -0.5273 0.5828
vn -0.5175 -0.4833 0.7061
vn -0.5456 -0.5059 0.6681
vn -0.5334 -0.4627 0.7081
vn -0.5624 -0.4856 0.6693
vn -0.5657 -0.4076 0.7168
vn -0.5985 -0.4298 0.6761
vn -0.5801 -0.4602 0.6721
vn -0.5492 -0.4378 0.7118
vn -0.6303 -0.4507 0.6321
vn -0.6101 -0.4817 0.6290
vn -0.6388 -0.5016 0.5834
vn -0.6607 -0.4701 0.5853
vn -0.4887 -0.4593 0.7418
vn -0.4605 -0.4354 0.7736
vn -0.4738 -0.4146 0.7770
vn -0.5035 -0.4391 0.7441
vn -0.4326 -0.4108 0.8026
vn -0.4449 -0.3901 0.8062
vn -0.4683 -0.3371 0.8167
vn -0.4569 -0.3656 0.8109
vn -0.5001 -0.3609 0.7872
vn -0.4871 -0.3898 0.7815
vn -0.5180 -0.4139 0.7485
vn -0.5328 -0.3845 0.7538
vn -0.4989 -0.2304 0.8355
vn -0.5366 -0.2502 0.8059
vn -0.5251 -0.2909 0.7998
vn -0.4893 -0.2693 0.8295
vn -0.6152 -0.2886 0.7337
vn -0.5756 -0.2697 0.7719
vn -0.5992 -0.3327 0.7282
vn -0.5619 -0.3123 0.7660
vn -0.5475 -0.3506 0.7598
vn -0.5825 -0.3727 0.7223
vn -0.5129 -0.3279 0.7934
vn -0.4791 -0.3050 0.8231
vn -0.6546 -0.3065 0.6910
vn -0.6928 -0.3233 0.6446
vn -0.6724 -0.3715 0.6402
vn -0.6362 -0.3529 0.6861
vn -0.7297 -0.3380 0.5943
vn -0.7071 -0.3885 0.5909
vn -0.6836 -0.4325 0.5879
vn -0.6512 -0.4141 0.6360
vn -0.6173 -0.3940 0.6809
vn -0.0000 0.8427 0.5385
vn 0.1916 0.8235 0.5340
vn -0.0000 0.8815 0.4723
vn 0.2105 0.8606 0.4637
vn 0.3557 0.8166 0.4545
vn 0.3280 0.7862 0.5237
vn -0.0000 0.9459 0.3245
vn 0.2411 0.9173 0.3168
vn 0.2262 0.8913 0.3929
vn -0.0000 0.9173 0.3983
vn 0.4026 0.8622 0.3075
vn 0.3818 0.8420 0.3810
vn 0.5320 0.7899 0.3051
vn 0.5077 0.7734 0.3796
vn 0.4686 0.7990 0.3768
vn 0.4934 0.8157 0.3020
vn 0.4781 0.7524 0.4532
vn 0.4405 0.7773 0.4492
vn 0.4072 0.7503 0.5208
vn 0.4446 0.7261 0.5244
vn -0.0000 0.9694 0.2454
vn 0.2520 0.9373 0.2407
vn -0.0000 0.9861 0.1661
vn 0.2612 0.9517 0.1612
vn 0.4326 0.8881 0.1554
vn 0.4207 0.8773 0.2311
vn -0.0000 1.0000 -0.0000
vn 0.2684 0.9633 -0.0000
vn 0.2660 0.9605 0.0815
vn -0.0000 0.9965 0.0833
vn 0.4430 0.8965 -0.0000
vn 0.4410 0.8941 0.0777
vn 0.5771 0.8167 -0.0000
vn 0.5747 0.8147 0.0769
vn 0.5342 0.8420 0.0761
vn 0.5378 0.8431 -0.0000
vn 0.5655 0.8103 0.1535
vn 0.5263 0.8366 0.1517
vn 0.5118 0.8284 0.2276
vn 0.5521 0.8017 0.2293
vn 0.5142 0.8530 0.0892
vn 0.5174 0.8558 -0.0000
vn 0.5062 0.8442 0.1763
vn 0.5485 0.8193 0.1669
vn 0.5573 0.8260 0.0842
vn 0.5598 0.8286 -0.0000
vn 0.4760 0.8101 0.3424
vn 0.4933 0.8299 0.2607
vn 0.5162 0.7916 0.3270
vn 0.5352 0.8075 0.2480
vn 0.5559 0.7968 0.2369
vn 0.5370 0.7830 0.3139
vn 0.5700 0.8062 0.1588
vn 0.5818 0.8134 -0.0000
vn 0.5783 0.8120 0.0796
vn 0.4543 0.7855 0.4202
vn 0.4288 0.7554 0.4954
vn 0.4652 0.7448 0.4783
vn 0.4929 0.7707 0.4039
vn 0.4000 0.7212 0.5656
vn 0.4336 0.7141 0.5496
vn 0.4503 0.7150 0.5347
vn 0.4836 0.7425 0.4636
vn 0.5125 0.7653 0.3893
vn -0.0000 -0.6149 0.7886
vn -0.0660 -0.6149 0.7859
vn -0.0000 -0.5791 0.8153
vn -0.0593 -0.5786 0.8134
vn -0.1218 -0.5782 0.8067
vn -0.1342 -0.6129 0.7787
vn -0.0000 -0.5158 0.8567
vn -0.0483 -0.5156 0.8554
vn -0.0538 -0.5462 0.8359
vn -0.0000 -0.5457 0.8380
vn -0.0995 -0.5165 0.8505
vn -0.1096 -0.5457 0.8308
vn -0.1991 -0.5179 0.8320
vn -0.2180 -0.5455 0.8093
vn -0.1659 -0.5460 0.8212
vn -0.1501 -0.5167 0.8429
vn -0.2397 -0.5753 0.7820
vn -0.1825 -0.5768 0.7963
vn -0.2011 -0.6103 0.7662
vn -0.2619 -0.6066 0.7506
vn -0.0000 -0.4876 0.8731
vn -0.0437 -0.4879 0.8718
vn -0.0000 -0.4614 0.8872
vn -0.0394 -0.4617 0.8862
vn -0.0812 -0.4627 0.8828
vn -0.0897 -0.4885 0.8679
vn -0.0356 -0.4369 0.8988
vn -0.0000 -0.4365 0.8997
vn -0.0730 -0.4378 0.8961
vn -0.1488 -0.4424 0.8844
vn -0.1114 -0.4399 0.8911
vn -0.1642 -0.4664 0.8692
vn -0.1230 -0.4640 0.8772
vn -0.1364 -0.4899 0.8611
vn -0.1809 -0.4914 0.8519
vn -0.2476 -0.4513 0.8573
vn -0.2695 -0.4744 0.8381
vn -0.2382 -0.4715 0.8491
vn -0.2172 -0.4483 0.8671
vn -0.3177 -0.5218 0.7917
vn -0.2932 -0.4978 0.8163
vn -0.2835 -0.5202 0.8056
vn -0.2598 -0.4954 0.8289
vn -0.2225 -0.4933 0.8409
vn -0.2433 -0.5187 0.8196
vn -0.2023 -0.4685 0.8600
vn -0.1845 -0.4452 0.8762
vn -0.3439 -0.5462 0.7638
vn -0.3711 -0.5718 0.7317
vn -0.3342 -0.5724 0.7488
vn -0.3077 -0.5458 0.7794
vn -0.3991 -0.5975 0.6954
vn -0.3609 -0.5999 0.7140
vn -0.3160 -0.6031 0.7324
vn -0.2900 -0.5735 0.7661
vn -0.2663 -0.5452 0.7948
vn 0.3856 -0.4061 0.8285
vn 0.3744 -0.4182 0.8276
vn 0.4010 -0.4424 0.8022
vn 0.4133 -0.4313 0.8020
vn 0.3613 -0.4267 0.8291
vn 0.3869 -0.4505 0.8046
vn 0.4137 -0.4743 0.7771
vn 0.4282 -0.4670 0.7737
vn 0.4415 -0.4557 0.7729
vn 0.3313 -0.4360 0.8368
vn 0.3556 -0.4592 0.8140
vn 0.3719 -0.4559 0.8086
vn 0.3470 -0.4326 0.8321
vn 0.3810 -0.4819 0.7891
vn 0.3979 -0.4792 0.7823
vn 0.4343 -0.5272 0.7303
vn 0.4521 -0.5253 0.7209
vn 0.4247 -0.5023 0.7532
vn 0.4075 -0.5050 0.7608
vn 0.4686 -0.5204 0.7139
vn 0.4410 -0.4978 0.7468
vn 0.4992 -0.5032 0.7054
vn 0.4705 -0.4801 0.7403
vn 0.4560 -0.4903 0.7428
vn 0.4843 -0.5133 0.7085
vn 0.3142 -0.4376 0.8425
vn 0.3378 -0.4599 0.8212
vn 0.2954 -0.4370 0.8496
vn 0.3186 -0.4595 0.8291
vn 0.3431 -0.4817 0.8064
vn 0.3628 -0.4830 0.7969
vn 0.2523 -0.4325 0.8656
vn 0.2737 -0.4548 0.8475
vn 0.2977 -0.4573 0.8380
vn 0.2751 -0.4352 0.8573
vn 0.2974 -0.4774 0.8268
vn 0.3216 -0.4799 0.8163
vn 0.3473 -0.5234 0.7781
vn 0.3727 -0.5257 0.7647
vn 0.3466 -0.5024 0.7921
vn 0.3218 -0.5003 0.8038
vn 0.3952 -0.5272 0.7523
vn 0.3687 -0.5045 0.7808
vn 0.3888 -0.5053 0.7704
vn 0.4157 -0.5283 0.7404
vn 0.4584 -0.6208 0.6360
vn 0.4836 -0.6187 0.6191
vn 0.4553 -0.5955 0.6619
vn 0.4299 -0.5962 0.6780
vn 0.5047 -0.6166 0.6042
vn 0.4774 -0.5948 0.6467
vn 0.4499 -0.5726 0.6853
vn 0.4274 -0.5723 0.6998
vn 0.4017 -0.5718 0.7153
vn 0.5415 -0.6112 0.5772
vn 0.5158 -0.5917 0.6195
vn 0.4973 -0.5936 0.6327
vn 0.5241 -0.6145 0.5897
vn 0.4889 -0.5709 0.6596
vn 0.4702 -0.5723 0.6718
vn 0.4428 -0.5503 0.7079
vn 0.4618 -0.5496 0.6961
vn 0.4223 -0.5500 0.7205
vn 0.3742 -0.5477 0.7484
vn 0.3998 -0.5490 0.7340
vn 0.5582 -0.6070 0.5656
vn 0.5329 -0.5881 0.6084
vn 0.5744 -0.6013 0.5555
vn 0.5495 -0.5830 0.5985
vn 0.5232 -0.5632 0.6396
vn 0.5067 -0.5682 0.6485
vn 0.6064 -0.5835 0.5403
vn 0.5818 -0.5660 0.5840
vn 0.5656 -0.5758 0.5904
vn 0.5903 -0.5936 0.5470
vn 0.5553 -0.5464 0.6270
vn 0.5396 -0.5564 0.6319
vn 0.5121 -0.5354 0.6716
vn 0.5279 -0.5257 0.6670
vn 0.4963 -0.5425 0.6778
vn 0.4794 -0.5469 0.6864
vn 0.4838 0.1106 0.8682
vn 0.5080 0.1227 0.8526
vn 0.4871 0.1504 0.8603
vn 0.4620 0.1219 0.8785
vn 0.5462 0.1419 0.8256
vn 0.5215 0.1780 0.8345
vn 0.4885 0.2100 0.8469
vn 0.4553 0.1740 0.8731
vn 0.4314 0.1392 0.8914
vn 0.6290 0.1832 0.7555
vn 0.6006 0.2341 0.7645
vn 0.5595 0.2056 0.8029
vn 0.5859 0.1616 0.7941
vn 0.5646 0.2803 0.7763
vn 0.5252 0.2452 0.8149
vn 0.4724 0.3554 0.8066
vn 0.4383 0.3091 0.8440
vn 0.4845 0.2796 0.8289
vn 0.5216 0.3207 0.7906
vn 0.4071 0.2619 0.8750
vn 0.4498 0.2375 0.8610
vn 0.3601 0.1709 0.9171
vn 0.3971 0.1549 0.9046
vn 0.4205 0.1956 0.8860
vn 0.3804 0.2153 0.8994
vn 0.6722 0.2049 0.7115
vn 0.6423 0.2622 0.7202
vn 0.7125 0.2254 0.6645
vn 0.6814 0.2883 0.6728
vn 0.6424 0.3458 0.6839
vn 0.6045 0.3142 0.7320
vn 0.7865 0.2642 0.5583
vn 0.7531 0.3371 0.5649
vn 0.7180 0.3133 0.6216
vn 0.7507 0.2449 0.6136
vn 0.7119 0.4043 0.5742
vn 0.6786 0.3756 0.6313
vn 0.6072 0.5221 0.5989
vn 0.5759 0.4837 0.6590
vn 0.6310 0.4323 0.6442
vn 0.6640 0.4658 0.5850
vn 0.5425 0.4430 0.7137
vn 0.5960 0.3971 0.6979
vn 0.5593 0.3599 0.7467
vn 0.5076 0.4002 0.7630
vn 0.2723 0.6964 0.6639
vn 0.2572 0.6391 0.7249
vn 0.3546 0.6085 0.7100
vn 0.3760 0.6619 0.6485
vn 0.2421 0.5785 0.7790
vn 0.3320 0.5519 0.7650
vn 0.4117 0.5202 0.7483
vn 0.4391 0.5719 0.6929
vn 0.4650 0.6205 0.6315
vn 0.2148 0.4531 0.8652
vn 0.2898 0.4335 0.8533
vn 0.3107 0.4931 0.8126
vn 0.2275 0.5158 0.8259
vn 0.3572 0.4111 0.8387
vn 0.3840 0.4662 0.7970
vn 0.4493 0.4354 0.7801
vn 0.4173 0.3854 0.8230
vn 0.4813 0.4842 0.7307
vn 0.5417 0.5738 0.6143
vn 0.5123 0.5302 0.6755
vn 0.2040 0.3911 0.8975
vn 0.2718 0.3746 0.8865
vn 0.1958 0.3310 0.9231
vn 0.2563 0.3168 0.9132
vn 0.3107 0.3009 0.9016
vn 0.3318 0.3556 0.8738
vn 0.1881 0.2207 0.9570
vn 0.2358 0.2098 0.9489
vn 0.2443 0.2618 0.9337
vn 0.1905 0.2740 0.9427
vn 0.2795 0.1983 0.9394
vn 0.2923 0.2480 0.9236
vn 0.3378 0.2329 0.9119
vn 0.3198 0.1851 0.9292
vn 0.3599 0.2830 0.8890
vn 0.3875 0.3341 0.8592
vn 0.2536 -0.4133 0.8745
vn 0.2316 -0.4107 0.8818
vn 0.2735 -0.4154 0.8675
vn 0.2527 -0.3931 0.8841
vn 0.2331 -0.3918 0.8900
vn 0.2121 -0.3890 0.8965
vn 0.3087 -0.4138 0.8564
vn 0.2917 -0.4151 0.8617
vn 0.2872 -0.3916 0.8742
vn 0.2707 -0.3935 0.8785
vn 0.2478 -0.3484 0.9040
vn 0.2315 -0.3497 0.9078
vn 0.2506 -0.3714 0.8940
vn 0.2673 -0.3703 0.8896
vn 0.2144 -0.3495 0.9121
vn 0.2329 -0.3713 0.8988
vn 0.1764 -0.3460 0.9215
vn 0.1931 -0.3676 0.9097
vn 0.2141 -0.3698 0.9041
vn 0.1961 -0.3482 0.9167
vn 0.3237 -0.4098 0.8528
vn 0.3379 -0.4037 0.8502
vn 0.3162 -0.3815 0.8686
vn 0.3027 -0.3881 0.8705
vn 0.3609 -0.3824 0.8506
vn 0.3502 -0.3946 0.8495
vn 0.3386 -0.3599 0.8694
vn 0.3287 -0.3725 0.8679
vn 0.2990 -0.3182 0.8997
vn 0.2897 -0.3304 0.8983
vn 0.3086 -0.3514 0.8839
vn 0.3190 -0.3390 0.8850
vn 0.2771 -0.3392 0.8990
vn 0.2968 -0.3606 0.8843
vn 0.2823 -0.3664 0.8866
vn 0.2633 -0.3452 0.9008
vn 0.2390 -0.2549 0.9370
vn 0.2306 -0.2560 0.9388
vn 0.2405 -0.2729 0.9315
vn 0.2499 -0.2650 0.9313
vn 0.2166 -0.2579 0.9416
vn 0.2279 -0.2772 0.9334
vn 0.2425 -0.2976 0.9234
vn 0.2557 -0.2911 0.9219
vn 0.2642 -0.2811 0.9226
vn 0.1871 -0.2607 0.9471
vn 0.1988 -0.2827 0.9384
vn 0.2140 -0.2803 0.9357
vn 0.2025 -0.2594 0.9443
vn 0.2133 -0.3046 0.9283
vn 0.2285 -0.3020 0.9255
vn 0.2450 -0.3235 0.9139
vn 0.2297 -0.3265 0.9169
vn 0.2595 -0.3183 0.9118
vn 0.2815 -0.2987 0.9119
vn 0.2716 -0.3104 0.9110
vn 0.1714 -0.2616 0.9498
vn 0.1831 -0.2835 0.9413
vn 0.1561 -0.2622 0.9523
vn 0.1673 -0.2839 0.9441
vn 0.1813 -0.3057 0.9347
vn 0.1974 -0.3057 0.9314
vn 0.1241 -0.2621 0.9570
vn 0.1340 -0.2827 0.9498
vn 0.1515 -0.2836 0.9469
vn 0.1402 -0.2624 0.9547
vn 0.1465 -0.3035 0.9415
vn 0.1641 -0.3051 0.9381
vn 0.1794 -0.3265 0.9280
vn 0.1603 -0.3247 0.9321
vn 0.1971 -0.3276 0.9240
vn 0.2137 -0.3278 0.9203
vn 0.0808 -0.0372 0.9960
vn 0.0931 -0.0353 0.9950
vn 0.0846 -0.0001 0.9964
vn 0.0736 -0.0010 0.9973
vn 0.1061 -0.0343 0.9938
vn 0.0980 -0.0000 0.9952
vn 0.0876 0.0330 0.9956
vn 0.0752 0.0343 0.9966
vn 0.0646 0.0345 0.9973
vn 0.1372 -0.0352 0.9899
vn 0.1299 -0.0029 0.9915
vn 0.1124 -0.0011 0.9937
vn 0.1209 -0.0341 0.9921
vn 0.1198 0.0279 0.9924
vn 0.1031 0.0312 0.9942
vn 0.0957 0.0905 0.9913
vn 0.0769 0.0952 0.9925
vn 0.0908 0.0627 0.9939
vn 0.1089 0.0588 0.9923
vn 0.0612 0.0994 0.9932
vn 0.0759 0.0661 0.9949
vn 0.0388 0.1059 0.9936
vn 0.0534 0.0700 0.9961
vn 0.0630 0.0683 0.9957
vn 0.0489 0.1032 0.9935
vn 0.1562 -0.0372 0.9870
vn 0.1485 -0.0061 0.9889
vn 0.1765 -0.0409 0.9834
vn 0.1703 -0.0101 0.9853
vn 0.1619 0.0193 0.9866
vn 0.1401 0.0242 0.9898
vn 0.2242 -0.0531 0.9731
vn 0.2201 -0.0224 0.9752
vn 0.1937 -0.0158 0.9809
vn 0.2000 -0.0457 0.9787
vn 0.2144 0.0065 0.9767
vn 0.1873 0.0136 0.9822
vn 0.2025 0.0654 0.9771
vn 0.1712 0.0727 0.9826
vn 0.1791 0.0425 0.9829
vn 0.2085 0.0355 0.9774
vn 0.1424 0.0792 0.9866
vn 0.1530 0.0488 0.9870
vn 0.1293 0.0541 0.9901
vn 0.1178 0.0852 0.9894
vn 0.1403 0.2297 0.9631
vn 0.1462 0.1816 0.9724
vn 0.1888 0.1732 0.9666
vn 0.0982 0.2372 0.9665
vn 0.1088 0.1889 0.9760
vn 0.1200 0.1477 0.9817
vn 0.1538 0.1406 0.9781
vn 0.1920 0.1327 0.9724
vn 0.0295 0.2494 0.9679
vn 0.0478 0.2017 0.9783
vn 0.0761 0.1955 0.9777
vn 0.0614 0.2436 0.9679
vn 0.0651 0.1606 0.9849
vn 0.0906 0.1544 0.9839
vn 0.1045 0.1181 0.9875
vn 0.0814 0.1240 0.9889
vn 0.1318 0.1118 0.9850
vn 0.1971 0.0973 0.9755
vn 0.1621 0.1049 0.9812
vn 0.0024 0.2550 0.9669
vn 0.0237 0.2077 0.9779
vn -0.0204 0.2606 0.9652
vn 0.0037 0.2135 0.9769
vn 0.0253 0.1721 0.9848
vn 0.0433 0.1664 0.9851
vn -0.0535 0.2729 0.9606
vn -0.0243 0.2256 0.9739
vn -0.0124 0.2194 0.9755
vn -0.0385 0.2665 0.9631
vn 0.0003 0.1826 0.9832
vn 0.0112 0.1776 0.9840
vn 0.0311 0.1390 0.9898
vn 0.0218 0.1433 0.9894
vn 0.0449 0.1346 0.9899
vn 0.0611 0.1294 0.9897
vn 0.4637 -0.1687 0.8698
vn 0.5054 -0.1878 0.8422
vn 0.5133 -0.1424 0.8463
vn 0.4699 -0.1261 0.8737
vn 0.5488 -0.2065 0.8100
vn 0.5580 -0.1587 0.8145
vn 0.5647 -0.1137 0.8174
vn 0.5179 -0.1009 0.8495
vn 0.4736 -0.0870 0.8764
vn 0.6359 -0.2415 0.7330
vn 0.6486 -0.1881 0.7375
vn 0.6037 -0.1737 0.7781
vn 0.5924 -0.2245 0.7737
vn 0.6585 -0.1358 0.7403
vn 0.6112 -0.1254 0.7815
vn 0.6686 -0.0326 0.7429
vn 0.6204 -0.0312 0.7837
vn 0.6172 -0.0780 0.7830
vn 0.6646 -0.0845 0.7424
vn 0.5719 -0.0274 0.8198
vn 0.5688 -0.0706 0.8194
vn 0.4782 -0.0136 0.8781
vn 0.4755 -0.0502 0.8783
vn 0.5217 -0.0610 0.8509
vn 0.5233 -0.0219 0.8519
vn 0.6785 -0.2572 0.6881
vn 0.6933 -0.2007 0.6921
vn 0.7192 -0.2714 0.6396
vn 0.7357 -0.2123 0.6432
vn 0.7476 -0.1531 0.6462
vn 0.7040 -0.1450 0.6952
vn 0.7925 -0.2948 0.5339
vn 0.8120 -0.2308 0.5361
vn 0.7755 -0.2223 0.5910
vn 0.7574 -0.2840 0.5880
vn 0.8263 -0.1658 0.5383
vn 0.7884 -0.1603 0.5939
vn 0.8393 -0.0307 0.5428
vn 0.8005 -0.0320 0.5984
vn 0.7970 -0.0968 0.5961
vn 0.8355 -0.0992 0.5405
vn 0.7590 -0.0329 0.6503
vn 0.7554 -0.0935 0.6485
vn 0.7112 -0.0895 0.6972
vn 0.7145 -0.0333 0.6988
vn 0.7747 0.1740 0.6079
vn 0.8118 0.1882 0.5527
vn 0.7355 0.1594 0.6584
vn 0.7502 0.0938 0.6546
vn 0.7904 0.1035 0.6038
vn 0.8284 0.1132 0.5485
vn 0.6496 0.1290 0.7492
vn 0.6940 0.1445 0.7053
vn 0.6623 0.0746 0.7455
vn 0.7076 0.0840 0.7016
vn 0.7141 0.0246 0.6996
vn 0.6682 0.0203 0.7437
vn 0.7573 0.0292 0.6524
vn 0.8372 0.0400 0.5454
vn 0.7986 0.0347 0.6008
vn 0.6047 0.1147 0.7881
vn 0.5617 0.1018 0.8211
vn 0.5697 0.0588 0.8198
vn 0.6159 0.0658 0.7851
vn 0.4816 0.0877 0.8720
vn 0.5201 0.0912 0.8492
vn 0.4812 0.0558 0.8748
vn 0.5233 0.0542 0.8504
vn 0.5247 0.0172 0.8511
vn 0.4791 0.0216 0.8775
vn 0.5718 0.0156 0.8202
vn 0.6206 0.0170 0.7839
vn 0.1363 0.2839 0.9491
vn 0.1349 0.3419 0.9300
vn 0.0812 0.3500 0.9332
vn 0.0887 0.2914 0.9525
vn 0.1387 0.4672 0.8732
vn 0.1359 0.4035 0.9048
vn 0.0707 0.4756 0.8768
vn 0.0748 0.4113 0.9084
vn -0.0414 0.4818 0.8753
vn -0.0247 0.4197 0.9073
vn 0.0216 0.4163 0.9090
vn 0.0108 0.4799 0.8772
vn -0.0072 0.3598 0.9330
vn 0.0339 0.3556 0.9340
vn 0.0471 0.2977 0.9535
vn 0.0109 0.3029 0.9530
vn 0.1435 0.5320 0.8345
vn 0.1493 0.5965 0.7886
vn 0.0662 0.6061 0.7926
vn 0.0675 0.5407 0.8385
vn 0.1648 0.7194 0.6748
vn 0.1569 0.6597 0.7350
vn 0.0667 0.7300 0.6802
vn 0.0656 0.6695 0.7399
vn -0.0967 0.7274 0.6794
vn -0.0852 0.6694 0.7380
vn -0.0147 0.6720 0.7404
vn -0.0206 0.7314 0.6816
vn -0.0720 0.6080 0.7906
vn -0.0075 0.6091 0.7930
vn 0.0010 0.5446 0.8387
vn -0.0573 0.5450 0.8365
vn -0.3251 0.6903 0.6464
vn -0.2940 0.6428 0.7073
vn -0.2495 0.6499 0.7179
vn -0.2756 0.7003 0.6585
vn -0.2612 0.5927 0.7619
vn -0.2212 0.5958 0.7721
vn -0.1774 0.6003 0.7798
vn -0.2010 0.6566 0.7270
vn -0.2225 0.7103 0.6678
vn -0.1908 0.4855 0.8532
vn -0.1606 0.4834 0.8605
vn -0.1914 0.5403 0.8194
vn -0.2263 0.5394 0.8111
vn -0.1262 0.4826 0.8667
vn -0.1523 0.5415 0.8268
vn -0.1080 0.5437 0.8323
vn -0.0868 0.4820 0.8718
vn -0.1282 0.6046 0.7861
vn -0.1636 0.7195 0.6750
vn -0.1468 0.6638 0.7333
vn -0.1546 0.4306 0.8892
vn -0.1293 0.4269 0.8950
vn -0.1196 0.3768 0.9186
vn -0.0983 0.3714 0.9233
vn -0.0726 0.3671 0.9273
vn -0.0995 0.4241 0.9002
vn -0.0680 0.3177 0.9457
vn -0.0855 0.3239 0.9422
vn -0.0462 0.3124 0.9488
vn -0.0199 0.3076 0.9513
vn -0.0424 0.3634 0.9307
vn -0.0648 0.4219 0.9043
vn 0.2315 0.1639 0.9589
vn 0.2309 0.1240 0.9650
vn 0.2671 0.1146 0.9568
vn 0.2711 0.1534 0.9502
vn 0.2357 0.0574 0.9701
vn 0.2324 0.0890 0.9685
vn 0.2671 0.0484 0.9624
vn 0.2661 0.0800 0.9606
vn 0.3302 0.0284 0.9435
vn 0.3322 0.0600 0.9413
vn 0.2990 0.0703 0.9517
vn 0.2984 0.0388 0.9536
vn 0.3370 0.0936 0.9368
vn 0.3019 0.1041 0.9477
vn 0.3086 0.1423 0.9405
vn 0.3456 0.1299 0.9293
vn 0.2391 0.0275 0.9706
vn 0.2434 -0.0015 0.9699
vn 0.2718 -0.0110 0.9623
vn 0.2697 0.0186 0.9628
vn 0.2504 -0.0620 0.9662
vn 0.2468 -0.0312 0.9686
vn 0.2761 -0.0732 0.9583
vn 0.2747 -0.0409 0.9607
vn 0.3301 -0.0998 0.9387
vn 0.3309 -0.0651 0.9414
vn 0.3021 -0.0525 0.9518
vn 0.3029 -0.0855 0.9492
vn 0.3306 -0.0330 0.9432
vn 0.3010 -0.0212 0.9534
vn 0.2993 0.0086 0.9541
vn 0.3300 -0.0022 0.9440
vn 0.4295 -0.1091 0.8965
vn 0.4249 -0.1497 0.8928
vn 0.4321 -0.0727 0.8989
vn 0.3955 -0.0588 0.9166
vn 0.3939 -0.0937 0.9144
vn 0.3903 -0.1319 0.9112
vn 0.4357 -0.0039 0.9001
vn 0.4339 -0.0380 0.9002
vn 0.3983 0.0068 0.9173
vn 0.3962 -0.0258 0.9178
vn 0.3621 -0.0138 0.9320
vn 0.3633 0.0176 0.9315
vn 0.3619 -0.0455 0.9311
vn 0.3592 -0.1149 0.9262
vn 0.3612 -0.0789 0.9291
vn 0.4390 0.0296 0.8980
vn 0.4420 0.0617 0.8949
vn 0.4067 0.0717 0.9108
vn 0.4009 0.0390 0.9153
vn 0.4501 0.0942 0.8880
vn 0.4153 0.1048 0.9036
vn 0.3819 0.1177 0.9167
vn 0.3714 0.0823 0.9248
vn 0.3662 0.0495 0.9292
vn 0.7383 -0.6745 -0.0000
vn 0.7551 -0.6556 -0.0000
vn 0.7518 -0.6535 0.0885
vn 0.7349 -0.6721 0.0906
vn 0.7757 -0.6311 -0.0000
vn 0.7724 -0.6292 0.0863
vn 0.7635 -0.6239 0.1668
vn 0.7427 -0.6476 0.1706
vn 0.7256 -0.6657 0.1744
vn 0.8268 -0.5625 -0.0000
vn 0.8236 -0.5611 0.0825
vn 0.7965 -0.5987 0.0843
vn 0.7997 -0.6004 -0.0000
vn 0.8149 -0.5570 0.1602
vn 0.7877 -0.5940 0.1634
vn 0.7845 -0.5423 0.3007
vn 0.7574 -0.5774 0.3049
vn 0.7743 -0.5867 0.2370
vn 0.8016 -0.5506 0.2330
vn 0.7330 -0.6056 0.3097
vn 0.7500 -0.6159 0.2413
vn 0.6943 -0.6441 0.3211
vn 0.7117 -0.6561 0.2512
vn 0.7290 -0.6388 0.2460
vn 0.7119 -0.6276 0.3151
vn 0.8560 -0.5171 -0.0000
vn 0.8529 -0.5159 0.0808
vn 0.8861 -0.4636 -0.0000
vn 0.8831 -0.4623 0.0795
vn 0.8744 -0.4597 0.1549
vn 0.8442 -0.5124 0.1573
vn 0.9431 -0.3326 -0.0000
vn 0.9401 -0.3321 0.0774
vn 0.9127 -0.4012 0.0782
vn 0.9157 -0.4020 -0.0000
vn 0.9316 -0.3304 0.1517
vn 0.9041 -0.3989 0.1531
vn 0.9004 -0.3235 0.2910
vn 0.8731 -0.3900 0.2925
vn 0.8908 -0.3951 0.2245
vn 0.9181 -0.3275 0.2230
vn 0.8437 -0.4488 0.2945
vn 0.8611 -0.4550 0.2267
vn 0.8309 -0.5069 0.2295
vn 0.8137 -0.4995 0.2973
vn 0.7688 -0.3550 0.5319
vn 0.7994 -0.3660 0.4764
vn 0.8244 -0.3041 0.4775
vn 0.7431 -0.4082 0.5302
vn 0.7722 -0.4207 0.4761
vn 0.7989 -0.4316 0.4189
vn 0.8271 -0.3754 0.4182
vn 0.8531 -0.3119 0.4182
vn 0.6909 -0.4927 0.5290
vn 0.7173 -0.5074 0.4776
vn 0.7444 -0.4678 0.4764
vn 0.7167 -0.4541 0.5292
vn 0.7419 -0.5205 0.4227
vn 0.7700 -0.4799 0.4204
vn 0.7932 -0.4905 0.3608
vn 0.7645 -0.5322 0.3638
vn 0.8228 -0.4409 0.3585
vn 0.8785 -0.3185 0.3560
vn 0.8518 -0.3834 0.3570
vn 0.6666 -0.5246 0.5297
vn 0.6917 -0.5398 0.4797
vn 0.6441 -0.5499 0.5317
vn 0.6685 -0.5657 0.4829
vn 0.6916 -0.5803 0.4300
vn 0.7155 -0.5538 0.4259
vn 0.6300 -0.6000 0.4931
vn 0.6478 -0.5856 0.4873
vn 0.6241 -0.5695 0.5350
vn 0.6528 -0.6157 0.4413
vn 0.6707 -0.6008 0.4350
vn 0.6922 -0.6149 0.3780
vn 0.6745 -0.6306 0.3840
vn 0.7133 -0.5937 0.3724
vn 0.7376 -0.5664 0.3677
vn -0.0991 0.3310 0.9384
vn -0.0643 0.2797 0.9579
vn -0.1365 0.3835 0.9134
vn -0.1479 0.3920 0.9080
vn -0.1078 0.3392 0.9345
vn -0.0719 0.2870 0.9552
vn -0.2155 0.4892 0.8451
vn -0.1757 0.4365 0.8824
vn -0.2330 0.4965 0.8362
vn -0.1893 0.4446 0.8755
vn -0.2329 0.5210 0.8212
vn -0.1891 0.4683 0.8631
vn -0.1951 0.4553 0.8687
vn -0.2398 0.5069 0.8280
vn -0.1472 0.4137 0.8984
vn -0.1521 0.4021 0.9029
vn -0.0736 0.3025 0.9503
vn -0.0754 0.2947 0.9526
vn -0.1120 0.3484 0.9307
vn -0.1085 0.3582 0.9273
vn -0.2559 0.5414 0.8009
vn -0.2950 0.5911 0.7507
vn -0.3192 0.5943 0.7382
vn -0.2764 0.5466 0.7905
vn -0.3675 0.6817 0.6326
vn -0.3327 0.6385 0.6939
vn -0.3984 0.6785 0.6172
vn -0.3598 0.6381 0.6807
vn -0.4065 0.6948 0.5933
vn -0.3655 0.6582 0.6582
vn -0.3726 0.6444 0.6678
vn -0.4131 0.6820 0.6035
vn -0.3222 0.6166 0.7183
vn -0.3296 0.6022 0.7272
vn -0.2850 0.5562 0.7807
vn -0.2776 0.5706 0.7729
vn -0.1521 0.7350 0.6608
vn -0.1730 0.7826 0.5980
vn -0.1325 0.6847 0.7167
vn -0.2295 0.6615 0.7140
vn -0.2641 0.7087 0.6542
vn -0.2961 0.7497 0.5918
vn -0.0928 0.5706 0.8160
vn -0.1117 0.6281 0.7701
vn -0.1623 0.5552 0.8157
vn -0.1963 0.6109 0.7670
vn -0.2498 0.5897 0.7680
vn -0.2087 0.5380 0.8167
vn -0.2917 0.6373 0.7132
vn -0.3715 0.7181 0.5885
vn -0.3320 0.6802 0.6536
vn -0.0739 0.5085 0.8579
vn -0.0574 0.4472 0.8926
vn -0.1011 0.4376 0.8934
vn -0.1311 0.4980 0.8572
vn -0.0287 0.3214 0.9465
vn -0.0419 0.3834 0.9226
vn -0.0508 0.3165 0.9472
vn -0.0745 0.3776 0.9229
vn -0.0964 0.3682 0.9248
vn -0.0657 0.3100 0.9485
vn -0.1310 0.4264 0.8950
vn -0.1686 0.4830 0.8593
vn 0.2072 -0.4075 0.8894
vn 0.2268 -0.4294 0.8742
vn 0.1886 -0.3858 0.9031
vn 0.1632 -0.3823 0.9095
vn 0.1802 -0.4040 0.8969
vn 0.1983 -0.4260 0.8827
vn 0.1551 -0.3431 0.9264
vn 0.1712 -0.3644 0.9154
vn 0.1327 -0.3400 0.9310
vn 0.1473 -0.3610 0.9209
vn 0.0868 -0.3339 0.9386
vn 0.0972 -0.3544 0.9300
vn 0.1226 -0.3575 0.9258
vn 0.1094 -0.3367 0.9352
vn 0.1086 -0.3754 0.9205
vn 0.1359 -0.3786 0.9155
vn 0.1345 -0.4193 0.8978
vn 0.1670 -0.4224 0.8909
vn 0.1513 -0.4004 0.9038
vn 0.1211 -0.3971 0.9098
vn 0.1404 -0.3222 0.9362
vn 0.1274 -0.3015 0.9449
vn 0.1079 -0.2993 0.9480
vn 0.1196 -0.3194 0.9400
vn 0.1069 -0.2613 0.9593
vn 0.1162 -0.2813 0.9526
vn 0.0899 -0.2604 0.9613
vn 0.0980 -0.2796 0.9551
vn 0.0571 -0.2586 0.9643
vn 0.0626 -0.2765 0.9590
vn 0.0801 -0.2780 0.9572
vn 0.0732 -0.2595 0.9630
vn 0.0694 -0.2950 0.9530
vn 0.0885 -0.2971 0.9507
vn 0.0985 -0.3167 0.9434
vn 0.0775 -0.3141 0.9462
vn 0.0144 -0.2738 0.9617
vn 0.0130 -0.2571 0.9663
vn 0.0160 -0.2913 0.9565
vn 0.0331 -0.2920 0.9558
vn 0.0294 -0.2742 0.9612
vn 0.0269 -0.2574 0.9659
vn 0.0203 -0.3286 0.9443
vn 0.0181 -0.3095 0.9507
vn 0.0418 -0.3297 0.9432
vn 0.0372 -0.3105 0.9499
vn 0.0569 -0.3120 0.9484
vn 0.0640 -0.3315 0.9413
vn 0.0508 -0.2933 0.9547
vn 0.0416 -0.2579 0.9653
vn 0.0457 -0.2753 0.9603
vn 0.0228 -0.3485 0.9370
vn 0.0257 -0.3692 0.9290
vn 0.0527 -0.3705 0.9273
vn 0.0468 -0.3495 0.9358
vn 0.0321 -0.4133 0.9100
vn 0.0288 -0.3908 0.9200
vn 0.0658 -0.4146 0.9076
vn 0.0587 -0.3918 0.9182
vn 0.0900 -0.3942 0.9146
vn 0.1002 -0.4166 0.9036
vn 0.0803 -0.3724 0.9246
vn 0.0719 -0.3517 0.9334
vn 0.0635 -0.0027 0.9980
vn 0.0698 -0.0397 0.9968
vn 0.0554 0.0338 0.9979
vn 0.0468 0.0324 0.9984
vn 0.0544 -0.0049 0.9985
vn 0.0592 -0.0428 0.9973
vn 0.0311 0.1078 0.9937
vn 0.0448 0.0705 0.9965
vn 0.0243 0.1090 0.9937
vn 0.0375 0.0703 0.9968
vn 0.0132 0.1097 0.9939
vn 0.0236 0.0682 0.9974
vn 0.0300 0.0694 0.9971
vn 0.0186 0.1097 0.9938
vn 0.0306 0.0282 0.9991
vn 0.0386 0.0304 0.9988
vn 0.0388 -0.0494 0.9980
vn 0.0490 -0.0461 0.9977
vn 0.0446 -0.0079 0.9990
vn 0.0355 -0.0108 0.9993
vn 0.0139 0.1465 0.9891
vn -0.0072 0.1875 0.9822
vn -0.0139 0.1918 0.9813
vn 0.0079 0.1494 0.9887
vn -0.0335 0.2315 0.9723
vn -0.0396 0.2376 0.9706
vn -0.0437 0.2491 0.9675
vn -0.0439 0.2433 0.9689
vn -0.0201 0.1995 0.9797
vn -0.0176 0.1960 0.9804
vn 0.0023 0.1515 0.9884
vn -0.0008 0.1534 0.9882
vn -0.0178 0.2614 0.9651
vn -0.0092 0.2066 0.9784
vn -0.0156 0.2051 0.9786
vn -0.0311 0.2585 0.9655
vn 0.0024 0.1088 0.9941
vn -0.0026 0.1560 0.9878
vn 0.0049 0.1092 0.9940
vn -0.0038 0.1555 0.9878
vn -0.0033 0.1546 0.9880
vn 0.0088 0.1096 0.9939
vn -0.0192 0.2026 0.9791
vn -0.0398 0.2542 0.9663
vn 0.0053 0.0645 0.9979
vn 0.0077 0.0222 0.9997
vn 0.0150 0.0239 0.9996
vn 0.0113 0.0654 0.9978
vn 0.0094 -0.0567 0.9983
vn 0.0087 -0.0178 0.9998
vn 0.0190 -0.0549 0.9983
vn 0.0178 -0.0163 0.9997
vn 0.0264 -0.0137 0.9996
vn 0.0291 -0.0526 0.9982
vn 0.0231 0.0258 0.9994
vn 0.0169 0.0669 0.9976
vn 0.6300 -0.7766 -0.0000
vn 0.6255 -0.7723 0.1105
vn 0.6012 -0.7908 0.1148
vn 0.6061 -0.7954 -0.0000
vn 0.6131 -0.7604 0.2143
vn 0.5885 -0.7774 0.2223
vn 0.5527 -0.8003 0.2325
vn 0.5666 -0.8152 0.1199
vn 0.5715 -0.8206 -0.0000
vn 0.5708 -0.7207 0.3935
vn 0.5439 -0.7334 0.4078
vn 0.5683 -0.7577 0.3208
vn 0.5946 -0.7425 0.3086
vn 0.5069 -0.7500 0.4249
vn 0.5326 -0.7775 0.3345
vn 0.3937 -0.7939 0.4635
vn 0.4183 -0.8307 0.3674
vn 0.4835 -0.8022 0.3504
vn 0.4579 -0.7704 0.4436
vn 0.4385 -0.8614 0.2564
vn 0.5043 -0.8284 0.2438
vn 0.4569 -0.8895 -0.0000
vn 0.5236 -0.8520 -0.0000
vn 0.5182 -0.8460 0.1257
vn 0.4524 -0.8820 0.1323
vn 0.5444 -0.6965 0.4675
vn 0.5161 -0.7065 0.4842
vn 0.5161 -0.6711 0.5322
vn 0.4869 -0.6787 0.5498
vn 0.4488 -0.6887 0.5694
vn 0.4785 -0.7198 0.5028
vn 0.4278 -0.6239 0.6540
vn 0.4572 -0.6510 0.6060
vn 0.4873 -0.6458 0.5879
vn 0.3896 -0.6284 0.6733
vn 0.4189 -0.6580 0.6257
vn 0.2865 -0.6403 0.7127
vn 0.3119 -0.6761 0.6675
vn 0.3709 -0.6664 0.6468
vn 0.3428 -0.6340 0.6932
vn 0.3392 -0.7142 0.6122
vn 0.4002 -0.7009 0.5904
vn 0.4295 -0.7360 0.5233
vn 0.3668 -0.7543 0.5446
vn 0.0810 -0.6983 0.7112
vn 0.0729 -0.6539 0.7530
vn 0.0896 -0.7463 0.6595
vn 0.1808 -0.7396 0.6483
vn 0.1637 -0.6931 0.7020
vn 0.1486 -0.6515 0.7440
vn 0.1084 -0.8524 0.5115
vn 0.0991 -0.7988 0.5933
vn 0.2158 -0.8388 0.4998
vn 0.1980 -0.7883 0.5826
vn 0.2891 -0.7728 0.5650
vn 0.3126 -0.8178 0.4833
vn 0.2652 -0.7280 0.6323
vn 0.2207 -0.6463 0.7305
vn 0.2426 -0.6855 0.6865
vn 0.1174 -0.9047 0.4096
vn 0.1251 -0.9492 0.2886
vn 0.2463 -0.9277 0.2804
vn 0.2324 -0.8869 0.3993
vn 0.1324 -0.9912 -0.0000
vn 0.1302 -0.9802 0.1495
vn 0.2589 -0.9659 -0.0000
vn 0.2558 -0.9558 0.1452
vn 0.3648 -0.9206 0.1390
vn 0.3692 -0.9293 -0.0000
vn 0.3529 -0.8961 0.2691
vn 0.3345 -0.8604 0.3844
vn 0.0120 -0.2400 0.9707
vn 0.0248 -0.2400 0.9704
vn 0.0232 -0.2211 0.9750
vn 0.0112 -0.2213 0.9751
vn 0.0527 -0.2403 0.9693
vn 0.0384 -0.2401 0.9700
vn 0.0493 -0.2203 0.9742
vn 0.0358 -0.2207 0.9747
vn 0.0447 -0.1744 0.9837
vn 0.0325 -0.1763 0.9838
vn 0.0339 -0.1995 0.9793
vn 0.0466 -0.1984 0.9790
vn 0.0212 -0.1773 0.9839
vn 0.0220 -0.2003 0.9795
vn 0.0106 -0.2008 0.9796
vn 0.0102 -0.1781 0.9840
vn 0.0678 -0.2405 0.9683
vn 0.0830 -0.2407 0.9670
vn 0.0780 -0.2192 0.9725
vn 0.0629 -0.2198 0.9735
vn 0.1157 -0.2408 0.9637
vn 0.0994 -0.2408 0.9655
vn 0.1087 -0.2177 0.9699
vn 0.0928 -0.2185 0.9714
vn 0.0984 -0.1660 0.9812
vn 0.0842 -0.1682 0.9821
vn 0.0882 -0.1944 0.9770
vn 0.1030 -0.1928 0.9758
vn 0.0707 -0.1704 0.9828
vn 0.0739 -0.1959 0.9778
vn 0.0600 -0.1973 0.9785
vn 0.0574 -0.1725 0.9833
vn 0.0744 -0.0758 0.9943
vn 0.0864 -0.0729 0.9936
vn 0.0630 -0.0791 0.9949
vn 0.0657 -0.1124 0.9915
vn 0.0780 -0.1092 0.9910
vn 0.0907 -0.1062 0.9902
vn 0.0410 -0.0858 0.9955
vn 0.0519 -0.0825 0.9952
vn 0.0423 -0.1185 0.9921
vn 0.0538 -0.1155 0.9918
vn 0.0555 -0.1454 0.9878
vn 0.0434 -0.1478 0.9881
vn 0.0680 -0.1427 0.9874
vn 0.0945 -0.1371 0.9860
vn 0.0810 -0.1399 0.9868
vn 0.0303 -0.0888 0.9956
vn 0.0199 -0.0911 0.9956
vn 0.0204 -0.1232 0.9922
vn 0.0312 -0.1211 0.9921
vn 0.0098 -0.0927 0.9956
vn 0.0099 -0.1249 0.9921
vn 0.0100 -0.1528 0.9882
vn 0.0207 -0.1517 0.9882
vn 0.0318 -0.1500 0.9882
vn 0.1316 -0.2404 0.9617
vn 0.1466 -0.2397 0.9597
vn 0.1386 -0.2152 0.9667
vn 0.1236 -0.2165 0.9684
vn 0.1769 -0.2378 0.9551
vn 0.1616 -0.2389 0.9575
vn 0.1688 -0.2130 0.9624
vn 0.1532 -0.2139 0.9648
vn 0.1567 -0.1582 0.9749
vn 0.1411 -0.1594 0.9771
vn 0.1464 -0.1874 0.9713
vn 0.1616 -0.1860 0.9692
vn 0.1266 -0.1614 0.9787
vn 0.1319 -0.1891 0.9731
vn 0.1176 -0.1909 0.9745
vn 0.1125 -0.1636 0.9801
vn 0.1931 -0.2375 0.9520
vn 0.2081 -0.2372 0.9489
vn 0.2015 -0.2134 0.9559
vn 0.1845 -0.2122 0.9596
vn 0.2392 -0.2419 0.9403
vn 0.2240 -0.2385 0.9450
vn 0.2378 -0.2221 0.9456
vn 0.2194 -0.2158 0.9515
vn 0.2353 -0.1716 0.9567
vn 0.2134 -0.1637 0.9632
vn 0.2165 -0.1917 0.9573
vn 0.2372 -0.1981 0.9511
vn 0.1927 -0.1602 0.9681
vn 0.1966 -0.1875 0.9624
vn 0.1785 -0.1861 0.9662
vn 0.1734 -0.1577 0.9721
vn 0.2040 -0.0768 0.9759
vn 0.2284 -0.0835 0.9700
vn 0.1821 -0.0717 0.9807
vn 0.1859 -0.1019 0.9773
vn 0.2078 -0.1063 0.9724
vn 0.2308 -0.1143 0.9663
vn 0.1437 -0.0674 0.9873
vn 0.1617 -0.0689 0.9844
vn 0.1482 -0.0988 0.9840
vn 0.1661 -0.0994 0.9811
vn 0.1698 -0.1291 0.9770
vn 0.1524 -0.1290 0.9799
vn 0.1893 -0.1308 0.9732
vn 0.2338 -0.1425 0.9618
vn 0.2107 -0.1356 0.9681
vn 0.1271 -0.0675 0.9896
vn 0.1123 -0.0685 0.9913
vn 0.1174 -0.1011 0.9879
vn 0.1322 -0.0995 0.9862
vn 0.0991 -0.0704 0.9926
vn 0.1037 -0.1034 0.9892
vn 0.1080 -0.1344 0.9850
vn 0.1220 -0.1320 0.9837
vn 0.1366 -0.1301 0.9820
vn 0.2538 -0.2522 0.9338
vn 0.2718 -0.2668 0.9246
vn 0.2755 -0.2472 0.9290
vn 0.2576 -0.2326 0.9378
vn 0.3076 -0.3025 0.9022
vn 0.2881 -0.2835 0.9147
vn 0.3139 -0.2825 0.9064
vn 0.2952 -0.2639 0.9183
vn 0.3233 -0.2313 0.9176
vn 0.3024 -0.2130 0.9291
vn 0.2987 -0.2401 0.9236
vn 0.3202 -0.2586 0.9114
vn 0.2799 -0.1971 0.9396
vn 0.2793 -0.2234 0.9339
vn 0.2576 -0.2094 0.9433
vn 0.2583 -0.1823 0.9487
vn 0.3269 -0.3227 0.8882
vn 0.3478 -0.3440 0.8722
vn 0.3557 -0.3237 0.8767
vn 0.3351 -0.3027 0.8922
vn 0.3965 -0.3908 0.8307
vn 0.3702 -0.3663 0.8537
vn 0.4070 -0.3709 0.8347
vn 0.3799 -0.3465 0.8577
vn 0.4279 -0.3189 0.8457
vn 0.3970 -0.2948 0.8692
vn 0.3883 -0.3223 0.8633
vn 0.4175 -0.3470 0.8398
vn 0.3697 -0.2720 0.8884
vn 0.3636 -0.2998 0.8820
vn 0.3407 -0.2785 0.8980
vn 0.3463 -0.2510 0.9039
vn 0.4183 -0.1906 0.8881
vn 0.4554 -0.2116 0.8648
vn 0.3855 -0.1708 0.9068
vn 0.3806 -0.2073 0.9012
vn 0.4114 -0.2285 0.8823
vn 0.4465 -0.2511 0.8588
vn 0.3290 -0.1350 0.9346
vn 0.3559 -0.1524 0.9220
vn 0.3273 -0.1692 0.9296
vn 0.3529 -0.1875 0.9167
vn 0.3496 -0.2205 0.9106
vn 0.3264 -0.2011 0.9236
vn 0.3759 -0.2411 0.8948
vn 0.4372 -0.2869 0.8524
vn 0.4043 -0.2633 0.8759
vn 0.3027 -0.1197 0.9456
vn 0.2779 -0.1055 0.9548
vn 0.2788 -0.1373 0.9505
vn 0.3033 -0.1521 0.9407
vn 0.2525 -0.0938 0.9630
vn 0.2553 -0.1240 0.9589
vn 0.2567 -0.1543 0.9541
vn 0.2806 -0.1673 0.9451
vn 0.3027 -0.1835 0.9353
vn 0.6139 -0.6105 0.5004
vn 0.5984 -0.6188 0.5090
vn 0.6219 -0.6359 0.4571
vn 0.6370 -0.6269 0.4486
vn 0.5669 -0.6305 0.5302
vn 0.5828 -0.6253 0.5189
vn 0.5917 -0.6496 0.4774
vn 0.6069 -0.6433 0.4667
vn 0.6378 -0.6858 0.3506
vn 0.6514 -0.6772 0.3423
vn 0.6300 -0.6608 0.4080
vn 0.6156 -0.6682 0.4177
vn 0.6650 -0.6677 0.3346
vn 0.6444 -0.6524 0.3989
vn 0.6589 -0.6424 0.3914
vn 0.6791 -0.6569 0.3276
vn 0.5500 -0.6347 0.5427
vn 0.5321 -0.6385 0.5560
vn 0.5585 -0.6602 0.5022
vn 0.5761 -0.6551 0.4888
vn 0.5113 -0.6419 0.5714
vn 0.5393 -0.6654 0.5161
vn 0.5917 -0.7107 0.3805
vn 0.5661 -0.6885 0.4533
vn 0.6085 -0.7023 0.3694
vn 0.5844 -0.6816 0.4403
vn 0.6006 -0.6750 0.4285
vn 0.6238 -0.6939 0.3597
vn 0.6477 -0.7619 -0.0000
vn 0.6435 -0.7579 0.1071
vn 0.6624 -0.7492 -0.0000
vn 0.6583 -0.7455 0.1041
vn 0.6470 -0.7354 0.2014
vn 0.6319 -0.7469 0.2071
vn 0.6874 -0.7263 -0.0000
vn 0.6836 -0.7231 0.0991
vn 0.6714 -0.7341 0.1015
vn 0.6753 -0.7375 -0.0000
vn 0.6731 -0.7144 0.1912
vn 0.6605 -0.7248 0.1961
vn 0.6442 -0.7109 0.2822
vn 0.6574 -0.7015 0.2752
vn 0.6301 -0.7204 0.2898
vn 0.6138 -0.7307 0.2989
vn 0.6992 -0.7149 -0.0000
vn 0.6955 -0.7119 0.0968
vn 0.7114 -0.7028 -0.0000
vn 0.7078 -0.7000 0.0946
vn 0.6980 -0.6925 0.1825
vn 0.6856 -0.7036 0.1867
vn 0.7208 -0.6870 0.0926
vn 0.7243 -0.6895 -0.0000
vn 0.7112 -0.6800 0.1784
vn 0.6969 -0.6696 0.2567
vn 0.6833 -0.6813 0.2625
vn 0.6702 -0.6918 0.2687
vn 0.3956 0.7109 0.5814
vn 0.2867 0.7493 0.5970
vn 0.4887 0.6653 0.5644
vn 0.5092 0.7050 0.4936
vn 0.4132 0.7549 0.5093
vn 0.2999 0.7968 0.5245
vn 0.6354 0.5577 0.5340
vn 0.5676 0.6138 0.5487
vn 0.6594 0.5896 0.4664
vn 0.5905 0.6497 0.4787
vn 0.6967 0.6413 0.3213
vn 0.6256 0.7073 0.3292
vn 0.6096 0.6808 0.4060
vn 0.6799 0.6176 0.3954
vn 0.5414 0.7689 0.3401
vn 0.5269 0.7398 0.4183
vn 0.3222 0.8737 0.3646
vn 0.3119 0.8387 0.4465
vn 0.4286 0.7931 0.4327
vn 0.4415 0.8255 0.3516
vn 0.6929 0.4970 0.5223
vn 0.7426 0.4313 0.5123
vn 0.7690 0.4560 0.4480
vn 0.7184 0.5252 0.4561
vn 0.8194 0.2826 0.4987
vn 0.7845 0.3604 0.5046
vn 0.8485 0.2996 0.4363
vn 0.8124 0.3810 0.4415
vn 0.8948 0.3281 0.3027
vn 0.8562 0.4162 0.3062
vn 0.8361 0.3999 0.3754
vn 0.8737 0.3148 0.3709
vn 0.8106 0.4968 0.3100
vn 0.7919 0.4778 0.3803
vn 0.7400 0.5501 0.3870
vn 0.7579 0.5715 0.3144
vn 0.9351 0.3544 -0.0000
vn 0.8936 0.4488 -0.0000
vn 0.8913 0.4462 0.0806
vn 0.9323 0.3529 0.0798
vn 0.8456 0.5338 -0.0000
vn 0.8433 0.5313 0.0813
vn 0.8366 0.5239 0.1602
vn 0.8839 0.4400 0.1589
vn 0.9245 0.3473 0.1572
vn 0.7270 0.6867 -0.0000
vn 0.7251 0.6836 0.0834
vn 0.7882 0.6099 0.0821
vn 0.7903 0.6127 -0.0000
vn 0.7194 0.6748 0.1649
vn 0.7820 0.6018 0.1620
vn 0.7719 0.5888 0.2398
vn 0.7099 0.6607 0.2440
vn 0.8256 0.5122 0.2365
vn 0.9118 0.3392 0.2314
vn 0.8722 0.4296 0.2339
vn 0.6536 0.7568 -0.0000
vn 0.6519 0.7535 0.0852
vn 0.5676 0.8233 -0.0000
vn 0.5659 0.8198 0.0877
vn 0.5610 0.8093 0.1741
vn 0.6466 0.7439 0.1688
vn 0.3421 0.9396 -0.0000
vn 0.3408 0.9353 0.0949
vn 0.4636 0.8814 0.0911
vn 0.4651 0.8853 -0.0000
vn 0.3369 0.9226 0.1878
vn 0.4591 0.8699 0.1806
vn 0.4517 0.8510 0.2679
vn 0.3307 0.9020 0.2775
vn 0.5529 0.7923 0.2581
vn 0.6378 0.7283 0.2505
vn 0.8459 0.2020 0.4936
vn 0.8633 0.1226 0.4896
vn 0.8942 0.1315 0.4279
vn 0.8761 0.2148 0.4317
vn 0.8744 -0.0293 0.4843
vn 0.8725 0.0454 0.4866
vn 0.9058 -0.0271 0.4229
vn 0.9038 0.0508 0.4250
vn 0.9561 -0.0228 0.2922
vn 0.9539 0.0603 0.2940
vn 0.9309 0.0556 0.3611
vn 0.9331 -0.0249 0.3589
vn 0.9437 0.1469 0.2964
vn 0.9210 0.1395 0.3638
vn 0.9022 0.2262 0.3671
vn 0.9244 0.2365 0.2993
vn 0.8703 -0.1009 0.4821
vn 0.8603 -0.1704 0.4804
vn 0.8908 -0.1740 0.4197
vn 0.9012 -0.1019 0.4212
vn 0.8450 -0.2380 0.4789
vn 0.8747 -0.2439 0.4188
vn 0.9229 -0.2523 0.2907
vn 0.9008 -0.2486 0.3561
vn 0.9400 -0.1788 0.2906
vn 0.9174 -0.1768 0.3565
vn 0.9283 -0.1024 0.3574
vn 0.9512 -0.1024 0.2911
vn 0.9660 -0.2585 -0.0000
vn 0.9631 -0.2581 0.0768
vn 0.9834 -0.1817 -0.0000
vn 0.9804 -0.1815 0.0765
vn 0.9718 -0.1814 0.1504
vn 0.9546 -0.2567 0.1509
vn 0.9998 -0.0179 -0.0000
vn 0.9969 -0.0179 0.0768
vn 0.9919 -0.1018 0.0764
vn 0.9948 -0.1017 -0.0000
vn 0.9883 -0.0193 0.1511
vn 0.9833 -0.1020 0.1506
vn 0.9696 -0.1023 0.2222
vn 0.9746 -0.0209 0.2230
vn 0.9583 -0.1802 0.2219
vn 0.9410 -0.2551 0.2222
vn 0.9976 0.0698 -0.0000
vn 0.9946 0.0691 0.0772
vn 0.9869 0.1616 -0.0000
vn 0.9839 0.1605 0.0780
vn 0.9755 0.1576 0.1535
vn 0.9861 0.0672 0.1521
vn 0.9636 0.2555 0.0789
vn 0.9664 0.2570 -0.0000
vn 0.9554 0.2514 0.1552
vn 0.9422 0.2450 0.2287
vn 0.9620 0.1530 0.2263
vn 0.9724 0.0642 0.2243
vn -0.2993 0.7468 0.5939
vn -0.3529 0.7330 0.5815
vn -0.2417 0.7594 0.6041
vn -0.2587 0.8050 0.5339
vn -0.3203 0.7888 0.5245
vn -0.3784 0.7719 0.5108
vn -0.1065 0.7813 0.6151
vn -0.1782 0.7716 0.6107
vn -0.1146 0.8308 0.5447
vn -0.1910 0.8191 0.5410
vn -0.1262 0.9140 0.3857
vn -0.2105 0.8993 0.3834
vn -0.2017 0.8621 0.4649
vn -0.1211 0.8752 0.4683
vn -0.2858 0.8808 0.3776
vn -0.2735 0.8453 0.4590
vn -0.4196 0.8347 0.3567
vn -0.4005 0.8056 0.4365
vn -0.3388 0.8266 0.4494
vn -0.3546 0.8589 0.3695
vn -0.0248 0.7869 0.6165
vn 0.0683 0.7859 0.6146
vn 0.0706 0.8368 0.5430
vn -0.0278 0.8376 0.5456
vn 0.1728 0.7746 0.6084
vn 0.1807 0.8246 0.5361
vn 0.1952 0.9065 0.3745
vn 0.1883 0.8687 0.4582
vn 0.0765 0.9211 0.3819
vn 0.0735 0.8821 0.4653
vn -0.0298 0.8830 0.4685
vn -0.0308 0.9223 0.3853
vn 0.2098 0.9777 -0.0000
vn 0.2087 0.9730 0.0985
vn 0.0842 0.9965 -0.0000
vn 0.0836 0.9913 0.1012
vn 0.0819 0.9765 0.1992
vn 0.2061 0.9591 0.1940
vn -0.1343 0.9909 -0.0000
vn -0.1336 0.9856 0.1037
vn -0.0311 0.9942 0.1029
vn -0.0306 0.9995 -0.0000
vn -0.1324 0.9702 0.2029
vn -0.0313 0.9789 0.2020
vn -0.0313 0.9546 0.2964
vn -0.1299 0.9458 0.2976
vn 0.0794 0.9528 0.2930
vn 0.2011 0.9367 0.2868
vn -0.2265 0.9740 -0.0000
vn -0.2255 0.9688 0.1030
vn -0.3092 0.9510 -0.0000
vn -0.3075 0.9461 0.1018
vn -0.3031 0.9320 0.1986
vn -0.2224 0.9538 0.2017
vn -0.4559 0.8900 -0.0000
vn -0.4535 0.8863 0.0943
vn -0.3827 0.9186 0.0985
vn -0.3847 0.9230 -0.0000
vn -0.4463 0.8754 0.1857
vn -0.3769 0.9058 0.1936
vn -0.3674 0.8858 0.2836
vn -0.4350 0.8578 0.2737
vn -0.2958 0.9097 0.2914
vn -0.2174 0.9303 0.2953
vn 0.5989 -0.5519 0.5803
vn 0.6182 -0.5327 0.5780
vn 0.5905 -0.5134 0.6227
vn 0.5720 -0.5325 0.6238
vn 0.6625 -0.4763 0.5781
vn 0.6396 -0.5076 0.5773
vn 0.6319 -0.4579 0.6253
vn 0.6105 -0.4886 0.6234
vn 0.5657 -0.4158 0.7121
vn 0.5476 -0.4455 0.7083
vn 0.5800 -0.4678 0.6670
vn 0.5993 -0.4381 0.6700
vn 0.5308 -0.4699 0.7053
vn 0.5612 -0.4926 0.6651
vn 0.5437 -0.5115 0.6654
vn 0.5146 -0.4894 0.7040
vn 0.6867 -0.4386 0.5797
vn 0.7114 -0.3939 0.5821
vn 0.6769 -0.3776 0.6319
vn 0.6542 -0.4210 0.6283
vn 0.7354 -0.3422 0.5849
vn 0.6990 -0.3276 0.6357
vn 0.6198 -0.2934 0.7278
vn 0.6604 -0.3111 0.6834
vn 0.6021 -0.3399 0.7225
vn 0.6402 -0.3595 0.6789
vn 0.6197 -0.4016 0.6743
vn 0.5838 -0.3806 0.7171
vn 0.4955 -0.2330 0.8368
vn 0.4846 -0.2742 0.8307
vn 0.5237 -0.2966 0.7986
vn 0.5368 -0.2539 0.8046
vn 0.4614 -0.3444 0.8176
vn 0.4731 -0.3112 0.8242
vn 0.4960 -0.3688 0.7861
vn 0.5100 -0.3352 0.7922
vn 0.5471 -0.3585 0.7565
vn 0.5309 -0.3928 0.7509
vn 0.5631 -0.3189 0.7624
vn 0.5784 -0.2742 0.7683
vn 0.4495 -0.3725 0.8120
vn 0.4373 -0.3964 0.8072
vn 0.4683 -0.4216 0.7765
vn 0.4821 -0.3976 0.7807
vn 0.4251 -0.4159 0.8039
vn 0.4549 -0.4412 0.7736
vn 0.4849 -0.4655 0.7404
vn 0.4997 -0.4464 0.7424
vn 0.5150 -0.4220 0.7461
vn -0.1916 0.8235 0.5340
vn -0.3279 0.7862 0.5238
vn -0.3557 0.8166 0.4545
vn -0.2105 0.8606 0.4637
vn -0.4446 0.7261 0.5244
vn -0.4072 0.7503 0.5208
vn -0.4781 0.7524 0.4532
vn -0.4405 0.7773 0.4493
vn -0.5320 0.7899 0.3051
vn -0.4933 0.8157 0.3020
vn -0.4686 0.7990 0.3768
vn -0.5079 0.7733 0.3795
vn -0.4026 0.8622 0.3075
vn -0.3818 0.8420 0.3810
vn -0.2262 0.8913 0.3929
vn -0.2411 0.9173 0.3168
vn -0.4503 0.7148 0.5351
vn -0.4336 0.7137 0.5501
vn -0.4652 0.7448 0.4783
vn -0.4836 0.7425 0.4636
vn -0.4000 0.7212 0.5656
vn -0.4288 0.7555 0.4954
vn -0.4759 0.8103 0.3420
vn -0.4543 0.7855 0.4202
vn -0.5162 0.7916 0.3270
vn -0.4930 0.7705 0.4042
vn -0.5124 0.7654 0.3894
vn -0.5369 0.7831 0.3139
vn -0.5174 0.8558 -0.0000
vn -0.5142 0.8530 0.0892
vn -0.5598 0.8286 -0.0000
vn -0.5573 0.8260 0.0842
vn -0.5485 0.8193 0.1669
vn -0.5062 0.8442 0.1763
vn -0.5771 0.8167 -0.0000
vn -0.5747 0.8147 0.0769
vn -0.5786 0.8117 0.0799
vn -0.5819 0.8133 -0.0000
vn -0.5655 0.8103 0.1535
vn -0.5704 0.8059 0.1587
vn -0.5559 0.7968 0.2369
vn -0.5521 0.8017 0.2293
vn -0.5351 0.8076 0.2480
vn -0.4933 0.8299 0.2607
vn -0.5378 0.8431 -0.0000
vn -0.5342 0.8420 0.0761
vn -0.4430 0.8965 -0.0000
vn -0.4410 0.8941 0.0777
vn -0.4326 0.8881 0.1554
vn -0.5263 0.8366 0.1517
vn -0.2660 0.9605 0.0815
vn -0.2682 0.9633 -0.0000
vn -0.2612 0.9517 0.1612
vn -0.2520 0.9373 0.2407
vn -0.4206 0.8773 0.2312
vn -0.5118 0.8284 0.2276
vn 0.0660 -0.6149 0.7859
vn 0.1342 -0.6129 0.7787
vn 0.1218 -0.5782 0.8067
vn 0.0593 -0.5786 0.8134
vn 0.2619 -0.6066 0.7506
vn 0.2011 -0.6103 0.7662
vn 0.2397 -0.5753 0.7820
vn 0.1824 -0.5767 0.7963
vn 0.1991 -0.5179 0.8320
vn 0.1502 -0.5168 0.8429
vn 0.1659 -0.5460 0.8212
vn 0.2180 -0.5455 0.8093
vn 0.0995 -0.5165 0.8505
vn 0.1097 -0.5458 0.8307
vn 0.0538 -0.5462 0.8359
vn 0.0483 -0.5156 0.8554
vn 0.3159 -0.6029 0.7326
vn 0.3614 -0.5999 0.7138
vn 0.3342 -0.5724 0.7488
vn 0.2904 -0.5737 0.7659
vn 0.3989 -0.5973 0.6958
vn 0.3708 -0.5718 0.7318
vn 0.3175 -0.5218 0.7918
vn 0.3439 -0.5462 0.7638
vn 0.2835 -0.5202 0.8056
vn 0.3077 -0.5458 0.7794
vn 0.2663 -0.5454 0.7948
vn 0.2433 -0.5187 0.8196
vn 0.2476 -0.4516 0.8572
vn 0.2173 -0.4483 0.8671
vn 0.2382 -0.4715 0.8491
vn 0.2694 -0.4743 0.8381
vn 0.1488 -0.4424 0.8844
vn 0.1845 -0.4452 0.8762
vn 0.1642 -0.4664 0.8692
vn 0.2023 -0.4686 0.8599
vn 0.2227 -0.4931 0.8410
vn 0.1809 -0.4914 0.8519
vn 0.2597 -0.4954 0.8289
vn 0.2932 -0.4978 0.8163
vn 0.1114 -0.4399 0.8911
vn 0.0728 -0.4378 0.8961
vn 0.0812 -0.4627 0.8828
vn 0.1229 -0.4640 0.8773
vn 0.0356 -0.4369 0.8988
vn 0.0394 -0.4617 0.8862
vn 0.0437 -0.4879 0.8718
vn 0.0896 -0.4884 0.8680
vn 0.1364 -0.4899 0.8611
vn -0.3936 -0.4037 -0.8259
vn -0.3805 -0.4167 -0.8255
vn -0.4060 -0.4403 -0.8008
vn -0.4196 -0.4277 -0.8006
vn -0.3658 -0.4256 -0.8277
vn -0.3908 -0.4491 -0.8034
vn -0.4170 -0.4726 -0.7764
vn -0.4325 -0.4641 -0.7731
vn -0.4466 -0.4517 -0.7723
vn -0.3334 -0.4357 -0.8361
vn -0.3575 -0.4584 -0.8137
vn -0.3748 -0.4551 -0.8077
vn -0.3505 -0.4324 -0.8308
vn -0.3829 -0.4814 -0.7885
vn -0.4005 -0.4784 -0.7815
vn -0.4355 -0.5264 -0.7302
vn -0.4538 -0.5239 -0.7208
vn -0.4267 -0.5010 -0.7529
vn -0.4088 -0.5040 -0.7608
vn -0.4707 -0.5184 -0.7140
vn -0.4438 -0.4959 -0.7465
vn -0.5021 -0.4989 -0.7064
vn -0.4743 -0.4756 -0.7408
vn -0.4593 -0.4873 -0.7427
vn -0.4870 -0.5106 -0.7086
vn -0.3154 -0.4372 -0.8422
vn -0.3390 -0.4596 -0.8209
vn -0.2960 -0.4367 -0.8495
vn -0.3191 -0.4590 -0.8291
vn -0.3436 -0.4816 -0.8062
vn -0.3638 -0.4822 -0.7969
vn -0.2523 -0.4323 -0.8657
vn -0.2742 -0.4546 -0.8474
vn -0.2977 -0.4573 -0.8380
vn -0.2750 -0.4354 -0.8572
vn -0.2974 -0.4773 -0.8269
vn -0.3216 -0.4798 -0.8163
vn -0.3473 -0.5235 -0.7780
vn -0.3728 -0.5256 -0.7647
vn -0.3467 -0.5026 -0.7919
vn -0.3218 -0.5003 -0.8039
vn -0.3955 -0.5271 -0.7522
vn -0.3691 -0.5043 -0.7807
vn -0.3898 -0.5049 -0.7702
vn -0.4165 -0.5278 -0.7403
vn -0.4584 -0.6207 -0.6360
vn -0.4835 -0.6187 -0.6192
vn -0.4554 -0.5955 -0.6618
vn -0.4299 -0.5962 -0.6780
vn -0.5048 -0.6165 -0.6043
vn -0.4778 -0.5948 -0.6465
vn -0.4502 -0.5725 -0.6853
vn -0.4276 -0.5723 -0.6998
vn -0.4018 -0.5719 -0.7152
vn -0.5420 -0.6107 -0.5774
vn -0.5164 -0.5911 -0.6196
vn -0.4977 -0.5933 -0.6327
vn -0.5241 -0.6140 -0.5902
vn -0.4897 -0.5702 -0.6596
vn -0.4707 -0.5719 -0.6718
vn -0.4434 -0.5499 -0.7078
vn -0.4628 -0.5489 -0.6961
vn -0.4227 -0.5499 -0.7204
vn -0.3742 -0.5477 -0.7484
vn -0.3999 -0.5490 -0.7340
vn -0.5588 -0.6061 -0.5660
vn -0.5336 -0.5870 -0.6088
vn -0.5750 -0.5999 -0.5564
vn -0.5504 -0.5814 -0.5991
vn -0.5243 -0.5613 -0.6403
vn -0.5077 -0.5670 -0.6487
vn -0.6070 -0.5806 -0.5427
vn -0.5827 -0.5626 -0.5865
vn -0.5666 -0.5734 -0.5917
vn -0.5911 -0.5918 -0.5481
vn -0.5570 -0.5427 -0.6287
vn -0.5409 -0.5538 -0.6331
vn -0.5142 -0.5325 -0.6723
vn -0.5300 -0.5216 -0.6686
vn -0.4979 -0.5405 -0.6782
vn -0.4806 -0.5455 -0.6866
vn -0.4857 0.0995 -0.8684
vn -0.5092 0.1118 -0.8534
vn -0.4892 0.1408 -0.8608
vn -0.4645 0.1112 -0.8786
vn -0.5466 0.1317 -0.8269
vn -0.5228 0.1694 -0.8355
vn -0.4902 0.2028 -0.8477
vn -0.4576 0.1656 -0.8736
vn -0.4351 0.1300 -0.8910
vn -0.6292 0.1755 -0.7572
vn -0.6015 0.2279 -0.7657
vn -0.5605 0.1983 -0.8041
vn -0.5862 0.1525 -0.7957
vn -0.5659 0.2755 -0.7771
vn -0.5266 0.2392 -0.8157
vn -0.4736 0.3531 -0.8069
vn -0.4398 0.3059 -0.8444
vn -0.4860 0.2751 -0.8295
vn -0.5230 0.3172 -0.7911
vn -0.4093 0.2578 -0.8752
vn -0.4522 0.2319 -0.8612
vn -0.3648 0.1649 -0.9164
vn -0.4013 0.1470 -0.9041
vn -0.4234 0.1888 -0.8860
vn -0.3834 0.2102 -0.8993
vn -0.6723 0.1983 -0.7132
vn -0.6428 0.2570 -0.7216
vn -0.7126 0.2199 -0.6662
vn -0.6818 0.2842 -0.6741
vn -0.6432 0.3426 -0.6848
vn -0.6057 0.3104 -0.7326
vn -0.7864 0.2607 -0.5600
vn -0.7535 0.3345 -0.5660
vn -0.7185 0.3099 -0.6227
vn -0.7505 0.2406 -0.6155
vn -0.7125 0.4024 -0.5747
vn -0.6792 0.3732 -0.6320
vn -0.6077 0.5217 -0.5987
vn -0.5768 0.4829 -0.6588
vn -0.6319 0.4310 -0.6442
vn -0.6647 0.4645 -0.5851
vn -0.5433 0.4418 -0.7139
vn -0.5972 0.3951 -0.6980
vn -0.5605 0.3573 -0.7472
vn -0.5086 0.3985 -0.7633
vn -0.2723 0.6964 -0.6640
vn -0.2572 0.6391 -0.7249
vn -0.3547 0.6084 -0.7100
vn -0.3761 0.6618 -0.6485
vn -0.2421 0.5785 -0.7789
vn -0.3322 0.5518 -0.7650
vn -0.4120 0.5199 -0.7483
vn -0.4393 0.5719 -0.6927
vn -0.4652 0.6204 -0.6315
vn -0.2152 0.4532 -0.8650
vn -0.2906 0.4335 -0.8530
vn -0.3109 0.4930 -0.8126
vn -0.2279 0.5161 -0.8257
vn -0.3579 0.4104 -0.8387
vn -0.3839 0.4659 -0.7972
vn -0.4500 0.4344 -0.7802
vn -0.4186 0.3839 -0.8231
vn -0.4818 0.4833 -0.7310
vn -0.5421 0.5735 -0.6142
vn -0.5128 0.5297 -0.6756
vn -0.2046 0.3912 -0.8973
vn -0.2727 0.3742 -0.8863
vn -0.1973 0.3315 -0.9226
vn -0.2580 0.3165 -0.9128
vn -0.3125 0.2995 -0.9015
vn -0.3332 0.3545 -0.8737
vn -0.1917 0.2215 -0.9561
vn -0.2400 0.2091 -0.9480
vn -0.2471 0.2613 -0.9331
vn -0.1928 0.2747 -0.9420
vn -0.2842 0.1960 -0.9385
vn -0.2953 0.2461 -0.9232
vn -0.3409 0.2295 -0.9117
vn -0.3247 0.1810 -0.9283
vn -0.3620 0.2802 -0.8891
vn -0.3888 0.3321 -0.8594
vn -0.2539 -0.4135 -0.8744
vn -0.2314 -0.4109 -0.8818
vn -0.2742 -0.4151 -0.8675
vn -0.2535 -0.3933 -0.8838
vn -0.2336 -0.3918 -0.8899
vn -0.2122 -0.3893 -0.8964
vn -0.3110 -0.4137 -0.8557
vn -0.2931 -0.4151 -0.8613
vn -0.2899 -0.3922 -0.8730
vn -0.2722 -0.3937 -0.8780
vn -0.2506 -0.3498 -0.9027
vn -0.2336 -0.3512 -0.9067
vn -0.2522 -0.3722 -0.8932
vn -0.2699 -0.3711 -0.8885
vn -0.2156 -0.3507 -0.9113
vn -0.2338 -0.3723 -0.8982
vn -0.1769 -0.3471 -0.9210
vn -0.1939 -0.3680 -0.9094
vn -0.2146 -0.3704 -0.9037
vn -0.1967 -0.3493 -0.9161
vn -0.3272 -0.4095 -0.8516
vn -0.3429 -0.4033 -0.8484
vn -0.3216 -0.3819 -0.8665
vn -0.3065 -0.3885 -0.8690
vn -0.3696 -0.3809 -0.8475
vn -0.3570 -0.3939 -0.8470
vn -0.3484 -0.3600 -0.8655
vn -0.3361 -0.3727 -0.8649
vn -0.3095 -0.3206 -0.8952
vn -0.2976 -0.3326 -0.8949
vn -0.3161 -0.3524 -0.8809
vn -0.3292 -0.3402 -0.8808
vn -0.2831 -0.3413 -0.8963
vn -0.3022 -0.3617 -0.8820
vn -0.2863 -0.3674 -0.8849
vn -0.2676 -0.3470 -0.8989
vn -0.2476 -0.2600 -0.9333
vn -0.2375 -0.2612 -0.9356
vn -0.2478 -0.2777 -0.9282
vn -0.2589 -0.2699 -0.9274
vn -0.2226 -0.2629 -0.9388
vn -0.2336 -0.2817 -0.9306
vn -0.2481 -0.3012 -0.9207
vn -0.2631 -0.2950 -0.9186
vn -0.2745 -0.2857 -0.9182
vn -0.1910 -0.2654 -0.9450
vn -0.2025 -0.2862 -0.9365
vn -0.2186 -0.2845 -0.9334
vn -0.2074 -0.2639 -0.9420
vn -0.2165 -0.3074 -0.9266
vn -0.2328 -0.3051 -0.9234
vn -0.2492 -0.3259 -0.9120
vn -0.2327 -0.3286 -0.9154
vn -0.2653 -0.3210 -0.9091
vn -0.2916 -0.3022 -0.9075
vn -0.2791 -0.3131 -0.9078
vn -0.1743 -0.2662 -0.9480
vn -0.1860 -0.2872 -0.9396
vn -0.1588 -0.2667 -0.9506
vn -0.1699 -0.2873 -0.9426
vn -0.1833 -0.3083 -0.9334
vn -0.1999 -0.3084 -0.9300
vn -0.1261 -0.2663 -0.9556
vn -0.1355 -0.2859 -0.9486
vn -0.1534 -0.2868 -0.9456
vn -0.1426 -0.2667 -0.9532
vn -0.1477 -0.3059 -0.9405
vn -0.1656 -0.3075 -0.9370
vn -0.1808 -0.3283 -0.9271
vn -0.1615 -0.3263 -0.9314
vn -0.1987 -0.3295 -0.9230
vn -0.2159 -0.3297 -0.9191
vn -0.0807 -0.0372 -0.9960
vn -0.0932 -0.0353 -0.9950
vn -0.0844 0.0016 -0.9964
vn -0.0734 0.0009 -0.9973
vn -0.1070 -0.0344 -0.9937
vn -0.0986 0.0017 -0.9951
vn -0.0877 0.0360 -0.9955
vn -0.0746 0.0375 -0.9965
vn -0.0636 0.0376 -0.9973
vn -0.1414 -0.0354 -0.9893
vn -0.1335 -0.0015 -0.9910
vn -0.1142 0.0005 -0.9935
vn -0.1234 -0.0343 -0.9918
vn -0.1230 0.0307 -0.9919
vn -0.1039 0.0338 -0.9940
vn -0.0977 0.0948 -0.9907
vn -0.0779 0.1000 -0.9919
vn -0.0917 0.0666 -0.9936
vn -0.1115 0.0626 -0.9918
vn -0.0606 0.1041 -0.9927
vn -0.0756 0.0700 -0.9947
vn -0.0373 0.1105 -0.9932
vn -0.0524 0.0743 -0.9959
vn -0.0620 0.0723 -0.9954
vn -0.0476 0.1079 -0.9930
vn -0.1627 -0.0377 -0.9859
vn -0.1544 -0.0050 -0.9880
vn -0.1859 -0.0418 -0.9817
vn -0.1793 -0.0094 -0.9837
vn -0.1701 0.0211 -0.9852
vn -0.1453 0.0265 -0.9890
vn -0.2410 -0.0553 -0.9689
vn -0.2365 -0.0233 -0.9713
vn -0.2060 -0.0158 -0.9784
vn -0.2128 -0.0473 -0.9760
vn -0.2293 0.0064 -0.9733
vn -0.1988 0.0147 -0.9799
vn -0.2139 0.0663 -0.9746
vn -0.1799 0.0750 -0.9808
vn -0.1892 0.0443 -0.9809
vn -0.2224 0.0362 -0.9743
vn -0.1485 0.0824 -0.9855
vn -0.1604 0.0516 -0.9857
vn -0.1339 0.0574 -0.9893
vn -0.1218 0.0891 -0.9885
vn -0.1431 0.2317 -0.9622
vn -0.1503 0.1839 -0.9714
vn -0.1941 0.1743 -0.9654
vn -0.1001 0.2400 -0.9656
vn -0.1116 0.1922 -0.9750
vn -0.1238 0.1513 -0.9807
vn -0.1593 0.1432 -0.9768
vn -0.1992 0.1339 -0.9708
vn -0.0296 0.2532 -0.9670
vn -0.0482 0.2061 -0.9773
vn -0.0776 0.1995 -0.9768
vn -0.0623 0.2471 -0.9670
vn -0.0660 0.1652 -0.9841
vn -0.0928 0.1585 -0.9830
vn -0.1075 0.1223 -0.9867
vn -0.0830 0.1287 -0.9882
vn -0.1367 0.1153 -0.9839
vn -0.2066 0.0985 -0.9735
vn -0.1692 0.1074 -0.9797
vn -0.0019 0.2589 -0.9659
vn -0.0233 0.2123 -0.9769
vn 0.0214 0.2646 -0.9641
vn -0.0026 0.2182 -0.9759
vn -0.0243 0.1771 -0.9839
vn -0.0432 0.1713 -0.9843
vn 0.0551 0.2768 -0.9593
vn 0.0264 0.2302 -0.9728
vn 0.0141 0.2242 -0.9744
vn 0.0404 0.2705 -0.9619
vn 0.0016 0.1878 -0.9822
vn -0.0093 0.1826 -0.9832
vn -0.0297 0.1441 -0.9891
vn -0.0200 0.1484 -0.9887
vn -0.0441 0.1396 -0.9892
vn -0.0612 0.1343 -0.9890
vn -0.4733 -0.1715 -0.8641
vn -0.5101 -0.1892 -0.8391
vn -0.5166 -0.1469 -0.8435
vn -0.4781 -0.1314 -0.8684
vn -0.5491 -0.2066 -0.8098
vn -0.5572 -0.1619 -0.8145
vn -0.5633 -0.1196 -0.8176
vn -0.5200 -0.1077 -0.8473
vn -0.4803 -0.0943 -0.8720
vn -0.6308 -0.2397 -0.7380
vn -0.6426 -0.1893 -0.7424
vn -0.5999 -0.1760 -0.7805
vn -0.5895 -0.2235 -0.7762
vn -0.6524 -0.1399 -0.7449
vn -0.6070 -0.1305 -0.7839
vn -0.6637 -0.0404 -0.7469
vn -0.6172 -0.0398 -0.7858
vn -0.6132 -0.0852 -0.7853
vn -0.6590 -0.0909 -0.7466
vn -0.5702 -0.0366 -0.8207
vn -0.5671 -0.0787 -0.8198
vn -0.4828 -0.0237 -0.8754
vn -0.4813 -0.0594 -0.8745
vn -0.5233 -0.0697 -0.8493
vn -0.5245 -0.0318 -0.8508
vn -0.6721 -0.2551 -0.6952
vn -0.6862 -0.2015 -0.6990
vn -0.7124 -0.2692 -0.6481
vn -0.7283 -0.2125 -0.6514
vn -0.7403 -0.1556 -0.6540
vn -0.6967 -0.1484 -0.7018
vn -0.7870 -0.2930 -0.5430
vn -0.8062 -0.2307 -0.5448
vn -0.7685 -0.2221 -0.6000
vn -0.7510 -0.2819 -0.5971
vn -0.8207 -0.1672 -0.5464
vn -0.7817 -0.1623 -0.6021
vn -0.8350 -0.0344 -0.5492
vn -0.7957 -0.0368 -0.6045
vn -0.7911 -0.1003 -0.6033
vn -0.8305 -0.1020 -0.5477
vn -0.7536 -0.0387 -0.6562
vn -0.7488 -0.0981 -0.6555
vn -0.7049 -0.0948 -0.7030
vn -0.7096 -0.0401 -0.7034
vn -0.7738 0.1686 -0.6106
vn -0.8110 0.1839 -0.5553
vn -0.7347 0.1525 -0.6610
vn -0.7478 0.0868 -0.6582
vn -0.7882 0.0978 -0.6076
vn -0.8266 0.1086 -0.5522
vn -0.6487 0.1204 -0.7514
vn -0.6931 0.1367 -0.7078
vn -0.6602 0.0652 -0.7482
vn -0.7053 0.0758 -0.7049
vn -0.7103 0.0167 -0.7037
vn -0.6646 0.0109 -0.7471
vn -0.7536 0.0226 -0.6570
vn -0.8342 0.0356 -0.5503
vn -0.7951 0.0291 -0.6057
vn -0.6041 0.1046 -0.7900
vn -0.5616 0.0909 -0.8224
vn -0.5689 0.0478 -0.8210
vn -0.6141 0.0554 -0.7873
vn -0.4837 0.0762 -0.8719
vn -0.5208 0.0801 -0.8499
vn -0.4844 0.0446 -0.8737
vn -0.5239 0.0428 -0.8507
vn -0.5254 0.0067 -0.8508
vn -0.4827 0.0108 -0.8757
vn -0.5705 0.0049 -0.8213
vn -0.6176 0.0076 -0.7864
vn -0.1381 0.2855 -0.9484
vn -0.1358 0.3430 -0.9295
vn -0.0819 0.3516 -0.9326
vn -0.0901 0.2938 -0.9516
vn -0.1391 0.4676 -0.8729
vn -0.1366 0.4043 -0.9044
vn -0.0709 0.4763 -0.8764
vn -0.0755 0.4127 -0.9077
vn 0.0415 0.4827 -0.8748
vn 0.0248 0.4212 -0.9066
vn -0.0219 0.4179 -0.9082
vn -0.0108 0.4808 -0.8768
vn 0.0072 0.3619 -0.9322
vn -0.0342 0.3575 -0.9333
vn -0.0477 0.3004 -0.9526
vn -0.0110 0.3058 -0.9520
vn -0.1436 0.5323 -0.8343
vn -0.1497 0.5969 -0.7882
vn -0.0662 0.6063 -0.7925
vn -0.0676 0.5411 -0.8382
vn -0.1647 0.7193 -0.6748
vn -0.1569 0.6597 -0.7350
vn -0.0666 0.7299 -0.6803
vn -0.0659 0.6697 -0.7397
vn 0.0967 0.7274 -0.6794
vn 0.0853 0.6692 -0.7382
vn 0.0147 0.6721 -0.7403
vn 0.0204 0.7316 -0.6814
vn 0.0720 0.6083 -0.7905
vn 0.0075 0.6093 -0.7929
vn -0.0010 0.5450 -0.8384
vn 0.0575 0.5452 -0.8363
vn 0.3251 0.6904 -0.6463
vn 0.2941 0.6428 -0.7073
vn 0.2495 0.6499 -0.7179
vn 0.2755 0.6999 -0.6590
vn 0.2614 0.5928 -0.7617
vn 0.2213 0.5961 -0.7718
vn 0.1775 0.6006 -0.7796
vn 0.2010 0.6566 -0.7269
vn 0.2225 0.7103 -0.6678
vn 0.1913 0.4864 -0.8525
vn 0.1610 0.4844 -0.8599
vn 0.1916 0.5408 -0.8191
vn 0.2265 0.5399 -0.8107
vn 0.1265 0.4836 -0.8661
vn 0.1525 0.5421 -0.8264
vn 0.1082 0.5442 -0.8319
vn 0.0870 0.4833 -0.8711
vn 0.1283 0.6049 -0.7859
vn 0.1635 0.7197 -0.6748
vn 0.1468 0.6639 -0.7333
vn 0.1551 0.4320 -0.8884
vn 0.1299 0.4284 -0.8942
vn 0.1206 0.3790 -0.9175
vn 0.0991 0.3737 -0.9223
vn 0.0733 0.3694 -0.9264
vn 0.0999 0.4256 -0.8994
vn 0.0691 0.3208 -0.9446
vn 0.0865 0.3269 -0.9411
vn 0.0470 0.3155 -0.9477
vn 0.0204 0.3107 -0.9503
vn 0.0428 0.3656 -0.9298
vn 0.0651 0.4235 -0.9036
vn -0.2380 0.1631 -0.9575
vn -0.2395 0.1234 -0.9630
vn -0.2765 0.1119 -0.9545
vn -0.2780 0.1509 -0.9487
vn -0.2494 0.0566 -0.9667
vn -0.2436 0.0883 -0.9659
vn -0.2821 0.0456 -0.9583
vn -0.2786 0.0773 -0.9573
vn -0.3448 0.0219 -0.9384
vn -0.3443 0.0533 -0.9373
vn -0.3114 0.0655 -0.9480
vn -0.3137 0.0341 -0.9489
vn -0.3464 0.0869 -0.9341
vn -0.3116 0.0996 -0.9450
vn -0.3152 0.1378 -0.9390
vn -0.3524 0.1233 -0.9277
vn -0.2553 0.0264 -0.9665
vn -0.2618 -0.0029 -0.9651
vn -0.2918 -0.0140 -0.9564
vn -0.2873 0.0158 -0.9577
vn -0.2712 -0.0650 -0.9603
vn -0.2668 -0.0338 -0.9632
vn -0.2989 -0.0771 -0.9512
vn -0.2966 -0.0443 -0.9540
vn -0.3534 -0.1049 -0.9296
vn -0.3533 -0.0704 -0.9329
vn -0.3246 -0.0570 -0.9441
vn -0.3270 -0.0901 -0.9407
vn -0.3504 -0.0389 -0.9358
vn -0.3216 -0.0259 -0.9465
vn -0.3173 0.0039 -0.9483
vn -0.3475 -0.0085 -0.9377
vn -0.4429 -0.1157 -0.8891
vn -0.4397 -0.1535 -0.8849
vn -0.4436 -0.0806 -0.8926
vn -0.4108 -0.0665 -0.9093
vn -0.4110 -0.1001 -0.9061
vn -0.4090 -0.1368 -0.9022
vn -0.4438 -0.0138 -0.8960
vn -0.4440 -0.0472 -0.8948
vn -0.4091 -0.0023 -0.9125
vn -0.4097 -0.0344 -0.9116
vn -0.3779 -0.0214 -0.9256
vn -0.3764 0.0096 -0.9264
vn -0.3799 -0.0525 -0.9235
vn -0.3807 -0.1204 -0.9168
vn -0.3813 -0.0851 -0.9205
vn -0.4453 0.0194 -0.8951
vn -0.4472 0.0510 -0.8930
vn -0.4139 0.0618 -0.9082
vn -0.4101 0.0295 -0.9115
vn -0.4540 0.0836 -0.8871
vn -0.4205 0.0948 -0.9023
vn -0.3878 0.1094 -0.9152
vn -0.3802 0.0738 -0.9219
vn -0.3772 0.0412 -0.9252
vn -0.7518 -0.6534 -0.0889
vn -0.7349 -0.6720 -0.0909
vn -0.7725 -0.6291 -0.0869
vn -0.7635 -0.6235 -0.1681
vn -0.7427 -0.6472 -0.1716
vn -0.7257 -0.6654 -0.1751
vn -0.8236 -0.5610 -0.0833
vn -0.7965 -0.5986 -0.0850
vn -0.8149 -0.5566 -0.1620
vn -0.7877 -0.5936 -0.1649
vn -0.7840 -0.5408 -0.3047
vn -0.7571 -0.5760 -0.3082
vn -0.7742 -0.5859 -0.2395
vn -0.8013 -0.5497 -0.2359
vn -0.7329 -0.6043 -0.3124
vn -0.7500 -0.6151 -0.2433
vn -0.6944 -0.6432 -0.3226
vn -0.7118 -0.6555 -0.2523
vn -0.7291 -0.6381 -0.2476
vn -0.7119 -0.6265 -0.3172
vn -0.8528 -0.5157 -0.0817
vn -0.8830 -0.4625 -0.0804
vn -0.8742 -0.4594 -0.1571
vn -0.8441 -0.5120 -0.1593
vn -0.9400 -0.3321 -0.0784
vn -0.9126 -0.4011 -0.0792
vn -0.9312 -0.3303 -0.1540
vn -0.9040 -0.3983 -0.1555
vn -0.8988 -0.3230 -0.2965
vn -0.8718 -0.3890 -0.2976
vn -0.8901 -0.3946 -0.2282
vn -0.9173 -0.3273 -0.2267
vn -0.8427 -0.4475 -0.2994
vn -0.8606 -0.4543 -0.2302
vn -0.8305 -0.5060 -0.2328
vn -0.8129 -0.4981 -0.3017
vn -0.7641 -0.3516 -0.5409
vn -0.7956 -0.3633 -0.4849
vn -0.8199 -0.3026 -0.4859
vn -0.7393 -0.4037 -0.5389
vn -0.7689 -0.4175 -0.4843
vn -0.7966 -0.4289 -0.4260
vn -0.8243 -0.3734 -0.4256
vn -0.8497 -0.3106 -0.4260
vn -0.6892 -0.4876 -0.5359
vn -0.7158 -0.5033 -0.4841
vn -0.7422 -0.4638 -0.4838
vn -0.7140 -0.4491 -0.5371
vn -0.7407 -0.5174 -0.4285
vn -0.7683 -0.4769 -0.4270
vn -0.7920 -0.4883 -0.3663
vn -0.7637 -0.5300 -0.3687
vn -0.8212 -0.4390 -0.3646
vn -0.8761 -0.3175 -0.3627
vn -0.8497 -0.3820 -0.3634
vn -0.6657 -0.5196 -0.5355
vn -0.6910 -0.5359 -0.4851
vn -0.6443 -0.5456 -0.5360
vn -0.6683 -0.5621 -0.4872
vn -0.6915 -0.5776 -0.4339
vn -0.7149 -0.5508 -0.4308
vn -0.6305 -0.5978 -0.4950
vn -0.6480 -0.5826 -0.4906
vn -0.6244 -0.5656 -0.5387
vn -0.6530 -0.6139 -0.4435
vn -0.6708 -0.5984 -0.4381
vn -0.6923 -0.6132 -0.3805
vn -0.6746 -0.6292 -0.3861
vn -0.7132 -0.5917 -0.3757
vn -0.7372 -0.5642 -0.3718
vn 0.1005 0.3341 -0.9372
vn 0.0660 0.2837 -0.9566
vn 0.1375 0.3857 -0.9123
vn 0.1490 0.3942 -0.9069
vn 0.1094 0.3423 -0.9332
vn 0.0737 0.2910 -0.9539
vn 0.2161 0.4902 -0.8444
vn 0.1764 0.4381 -0.8815
vn 0.2335 0.4974 -0.8355
vn 0.1903 0.4461 -0.8745
vn 0.2334 0.5218 -0.8205
vn 0.1898 0.4699 -0.8621
vn 0.1960 0.4568 -0.8677
vn 0.2403 0.5078 -0.8273
vn 0.1483 0.4161 -0.8972
vn 0.1529 0.4045 -0.9016
vn 0.0753 0.3067 -0.9488
vn 0.0772 0.2988 -0.9512
vn 0.1135 0.3514 -0.9293
vn 0.1096 0.3616 -0.9258
vn 0.2562 0.5419 -0.8005
vn 0.2949 0.5911 -0.7507
vn 0.3191 0.5943 -0.7382
vn 0.2764 0.5468 -0.7903
vn 0.3676 0.6818 -0.6325
vn 0.3327 0.6386 -0.6939
vn 0.3984 0.6785 -0.6172
vn 0.3598 0.6381 -0.6807
vn 0.4065 0.6948 -0.5934
vn 0.3659 0.6582 -0.6579
vn 0.3726 0.6444 -0.6677
vn 0.4131 0.6820 -0.6035
vn 0.3224 0.6167 -0.7181
vn 0.3297 0.6024 -0.7269
vn 0.2852 0.5566 -0.7803
vn 0.2779 0.5710 -0.7724
vn -0.0000 0.7965 -0.6047
vn -0.0000 0.7485 -0.6631
vn 0.1521 0.7350 -0.6608
vn 0.1730 0.7826 -0.5980
vn -0.0000 0.6931 -0.7209
vn 0.1325 0.6849 -0.7165
vn 0.2295 0.6617 -0.7138
vn 0.2642 0.7088 -0.6541
vn 0.2960 0.7497 -0.5918
vn -0.0000 0.5759 -0.8175
vn 0.0930 0.5715 -0.8153
vn 0.1116 0.6283 -0.7699
vn -0.0000 0.6375 -0.7704
vn 0.1626 0.5561 -0.8150
vn 0.1964 0.6114 -0.7666
vn 0.2498 0.5899 -0.7679
vn 0.2091 0.5390 -0.8160
vn 0.2919 0.6376 -0.7130
vn 0.3715 0.7181 -0.5885
vn 0.3319 0.6802 -0.6535
vn -0.0000 0.5158 -0.8567
vn 0.0742 0.5101 -0.8569
vn -0.0000 0.4519 -0.8921
vn 0.0578 0.4496 -0.8914
vn 0.1019 0.4400 -0.8922
vn 0.1316 0.4996 -0.8562
vn -0.0000 0.3269 -0.9451
vn 0.0293 0.3258 -0.9450
vn 0.0425 0.3864 -0.9214
vn -0.0000 0.3900 -0.9208
vn 0.0519 0.3209 -0.9457
vn 0.0754 0.3810 -0.9215
vn 0.0975 0.3714 -0.9233
vn 0.0672 0.3143 -0.9469
vn 0.1319 0.4287 -0.8938
vn 0.1691 0.4846 -0.8583
vn -0.2072 -0.4077 -0.8893
vn -0.2268 -0.4294 -0.8742
vn -0.1883 -0.3861 -0.9030
vn -0.1632 -0.3826 -0.9094
vn -0.1799 -0.4038 -0.8970
vn -0.1984 -0.4259 -0.8828
vn -0.1553 -0.3442 -0.9260
vn -0.1715 -0.3649 -0.9151
vn -0.1332 -0.3410 -0.9306
vn -0.1475 -0.3615 -0.9206
vn -0.0871 -0.3350 -0.9382
vn -0.0974 -0.3550 -0.9298
vn -0.1227 -0.3581 -0.9256
vn -0.1098 -0.3378 -0.9348
vn -0.1087 -0.3757 -0.9204
vn -0.1365 -0.3790 -0.9153
vn -0.1344 -0.4193 -0.8978
vn -0.1673 -0.4225 -0.8908
vn -0.1514 -0.4004 -0.9037
vn -0.1210 -0.3971 -0.9098
vn -0.1411 -0.3239 -0.9355
vn -0.1285 -0.3039 -0.9440
vn -0.1089 -0.3017 -0.9472
vn -0.1200 -0.3210 -0.9394
vn -0.1087 -0.2655 -0.9580
vn -0.1176 -0.2844 -0.9515
vn -0.0914 -0.2645 -0.9600
vn -0.0988 -0.2827 -0.9541
vn -0.0581 -0.2626 -0.9632
vn -0.0634 -0.2796 -0.9580
vn -0.0811 -0.2811 -0.9562
vn -0.0740 -0.2635 -0.9618
vn -0.0701 -0.2973 -0.9522
vn -0.0893 -0.2994 -0.9499
vn -0.0991 -0.3183 -0.9428
vn -0.0777 -0.3157 -0.9457
vn -0.0000 -0.2609 -0.9654
vn -0.0000 -0.2767 -0.9609
vn -0.0146 -0.2769 -0.9608
vn -0.0134 -0.2610 -0.9652
vn -0.0000 -0.2933 -0.9560
vn -0.0162 -0.2936 -0.9558
vn -0.0334 -0.2944 -0.9551
vn -0.0297 -0.2774 -0.9603
vn -0.0275 -0.2613 -0.9649
vn -0.0000 -0.3293 -0.9442
vn -0.0204 -0.3296 -0.9439
vn -0.0182 -0.3111 -0.9502
vn -0.0000 -0.3108 -0.9505
vn -0.0420 -0.3307 -0.9428
vn -0.0374 -0.3121 -0.9493
vn -0.0574 -0.3137 -0.9478
vn -0.0640 -0.3324 -0.9410
vn -0.0515 -0.2956 -0.9539
vn -0.0424 -0.2618 -0.9642
vn -0.0464 -0.2783 -0.9594
vn -0.0000 -0.3487 -0.9372
vn -0.0228 -0.3491 -0.9368
vn -0.0000 -0.3690 -0.9294
vn -0.0256 -0.3695 -0.9289
vn -0.0528 -0.3708 -0.9272
vn -0.0469 -0.3501 -0.9355
vn -0.0000 -0.4129 -0.9108
vn -0.0320 -0.4133 -0.9100
vn -0.0287 -0.3909 -0.9200
vn -0.0000 -0.3905 -0.9206
vn -0.0658 -0.4146 -0.9076
vn -0.0588 -0.3920 -0.9181
vn -0.0901 -0.3943 -0.9146
vn -0.1003 -0.4166 -0.9035
vn -0.0803 -0.3726 -0.9245
vn -0.0721 -0.3523 -0.9331
vn -0.0631 -0.0009 -0.9980
vn -0.0698 -0.0398 -0.9968
vn -0.0546 0.0369 -0.9978
vn -0.0459 0.0356 -0.9983
vn -0.0534 -0.0033 -0.9986
vn -0.0592 -0.0428 -0.9973
vn -0.0299 0.1128 -0.9932
vn -0.0436 0.0746 -0.9963
vn -0.0229 0.1139 -0.9932
vn -0.0362 0.0745 -0.9966
vn -0.0115 0.1148 -0.9933
vn -0.0225 0.0725 -0.9971
vn -0.0287 0.0737 -0.9969
vn -0.0172 0.1147 -0.9933
vn -0.0298 0.0314 -0.9991
vn -0.0381 0.0336 -0.9987
vn -0.0389 -0.0494 -0.9980
vn -0.0488 -0.0461 -0.9977
vn -0.0441 -0.0061 -0.9990
vn -0.0351 -0.0091 -0.9993
vn -0.0120 0.1517 -0.9883
vn 0.0091 0.1928 -0.9812
vn 0.0159 0.1971 -0.9803
vn -0.0055 0.1546 -0.9880
vn 0.0355 0.2363 -0.9710
vn 0.0416 0.2424 -0.9693
vn 0.0454 0.2543 -0.9661
vn 0.0459 0.2483 -0.9676
vn 0.0219 0.2049 -0.9785
vn 0.0195 0.2014 -0.9793
vn -0.0004 0.1569 -0.9876
vn 0.0026 0.1589 -0.9873
vn -0.0000 0.2682 -0.9634
vn 0.0184 0.2666 -0.9636
vn -0.0000 0.2129 -0.9771
vn 0.0098 0.2124 -0.9771
vn 0.0169 0.2107 -0.9774
vn 0.0323 0.2638 -0.9640
vn -0.0000 0.1139 -0.9935
vn -0.0016 0.1141 -0.9935
vn 0.0032 0.1618 -0.9868
vn -0.0000 0.1619 -0.9868
vn -0.0040 0.1144 -0.9934
vn 0.0049 0.1612 -0.9869
vn 0.0048 0.1602 -0.9871
vn -0.0077 0.1147 -0.9934
vn 0.0206 0.2084 -0.9778
vn 0.0414 0.2594 -0.9649
vn -0.0000 0.0686 -0.9976
vn -0.0049 0.0690 -0.9976
vn -0.0000 0.0252 -0.9997
vn -0.0072 0.0258 -0.9996
vn -0.0146 0.0272 -0.9995
vn -0.0103 0.0700 -0.9975
vn -0.0000 -0.0573 -0.9984
vn -0.0094 -0.0567 -0.9983
vn -0.0086 -0.0160 -0.9998
vn -0.0000 -0.0167 -0.9999
vn -0.0191 -0.0550 -0.9983
vn -0.0176 -0.0146 -0.9997
vn -0.0262 -0.0119 -0.9996
vn -0.0289 -0.0525 -0.9982
vn -0.0222 0.0291 -0.9993
vn -0.0160 0.0712 -0.9973
vn -0.6255 -0.7723 -0.1105
vn -0.6012 -0.7908 -0.1148
vn -0.6131 -0.7604 -0.2143
vn -0.5881 -0.7775 -0.2226
vn -0.5530 -0.8001 -0.2324
vn -0.5668 -0.8151 -0.1197
vn -0.5708 -0.7207 -0.3935
vn -0.5439 -0.7334 -0.4079
vn -0.5683 -0.7577 -0.3207
vn -0.5945 -0.7425 -0.3087
vn -0.5064 -0.7503 -0.4250
vn -0.5324 -0.7775 -0.3347
vn -0.3937 -0.7938 -0.4635
vn -0.4183 -0.8307 -0.3674
vn -0.4834 -0.8022 -0.3504
vn -0.4578 -0.7704 -0.4437
vn -0.4385 -0.8614 -0.2564
vn -0.5043 -0.8284 -0.2439
vn -0.5182 -0.8460 -0.1257
vn -0.4525 -0.8819 -0.1323
vn -0.5442 -0.6964 -0.4678
vn -0.5160 -0.7066 -0.4842
vn -0.5161 -0.6712 -0.5322
vn -0.4869 -0.6788 -0.5498
vn -0.4489 -0.6887 -0.5694
vn -0.4786 -0.7198 -0.5028
vn -0.4278 -0.6239 -0.6540
vn -0.4572 -0.6510 -0.6059
vn -0.4873 -0.6458 -0.5879
vn -0.3896 -0.6281 -0.6736
vn -0.4190 -0.6580 -0.6257
vn -0.2864 -0.6403 -0.7127
vn -0.3120 -0.6762 -0.6674
vn -0.3709 -0.6664 -0.6468
vn -0.3428 -0.6340 -0.6932
vn -0.3392 -0.7143 -0.6121
vn -0.4002 -0.7010 -0.5903
vn -0.4293 -0.7358 -0.5237
vn -0.3667 -0.7543 -0.5446
vn -0.0000 -0.6553 -0.7554
vn -0.0000 -0.6992 -0.7150
vn -0.0811 -0.6984 -0.7111
vn -0.0729 -0.6539 -0.7530
vn -0.0000 -0.7489 -0.6627
vn -0.0896 -0.7463 -0.6595
vn -0.1807 -0.7396 -0.6484
vn -0.1638 -0.6932 -0.7019
vn -0.1487 -0.6513 -0.7441
vn -0.0000 -0.8572 -0.5150
vn -0.1084 -0.8524 -0.5115
vn -0.0991 -0.7988 -0.5933
vn -0.0000 -0.8017 -0.5977
vn -0.2159 -0.8389 -0.4997
vn -0.1980 -0.7884 -0.5825
vn -0.2891 -0.7728 -0.5650
vn -0.3126 -0.8178 -0.4833
vn -0.2652 -0.7279 -0.6323
vn -0.2206 -0.6462 -0.7306
vn -0.2426 -0.6858 -0.6862
vn -0.0000 -0.9104 -0.4138
vn -0.1175 -0.9047 -0.4095
vn -0.0000 -0.9567 -0.2910
vn -0.1251 -0.9492 -0.2887
vn -0.2463 -0.9277 -0.2804
vn -0.2324 -0.8867 -0.3996
vn -0.1302 -0.9801 -0.1495
vn -0.0000 -0.9885 -0.1514
vn -0.2557 -0.9558 -0.1453
vn -0.3648 -0.9206 -0.1390
vn -0.3526 -0.8963 -0.2691
vn -0.3344 -0.8605 -0.3844
vn -0.0123 -0.2446 -0.9696
vn -0.0000 -0.2445 -0.9696
vn -0.0254 -0.2447 -0.9693
vn -0.0237 -0.2260 -0.9738
vn -0.0115 -0.2262 -0.9740
vn -0.0000 -0.2263 -0.9741
vn -0.0539 -0.2450 -0.9680
vn -0.0393 -0.2448 -0.9688
vn -0.0504 -0.2253 -0.9730
vn -0.0368 -0.2257 -0.9735
vn -0.0457 -0.1791 -0.9828
vn -0.0334 -0.1807 -0.9830
vn -0.0348 -0.2045 -0.9783
vn -0.0478 -0.2035 -0.9779
vn -0.0217 -0.1820 -0.9831
vn -0.0224 -0.2052 -0.9785
vn -0.0000 -0.1831 -0.9831
vn -0.0000 -0.2060 -0.9786
vn -0.0109 -0.2058 -0.9785
vn -0.0105 -0.1828 -0.9831
vn -0.0691 -0.2453 -0.9670
vn -0.0846 -0.2455 -0.9657
vn -0.0797 -0.2244 -0.9712
vn -0.0647 -0.2249 -0.9722
vn -0.1180 -0.2459 -0.9621
vn -0.1014 -0.2458 -0.9640
vn -0.1109 -0.2231 -0.9685
vn -0.0951 -0.2238 -0.9700
vn -0.1001 -0.1710 -0.9802
vn -0.0858 -0.1731 -0.9812
vn -0.0899 -0.1996 -0.9757
vn -0.1047 -0.1981 -0.9746
vn -0.0720 -0.1753 -0.9819
vn -0.0754 -0.2010 -0.9767
vn -0.0613 -0.2023 -0.9774
vn -0.0586 -0.1773 -0.9824
vn -0.0749 -0.0776 -0.9942
vn -0.0868 -0.0746 -0.9934
vn -0.0634 -0.0809 -0.9947
vn -0.0665 -0.1154 -0.9911
vn -0.0788 -0.1123 -0.9905
vn -0.0916 -0.1093 -0.9898
vn -0.0413 -0.0876 -0.9953
vn -0.0522 -0.0843 -0.9951
vn -0.0429 -0.1215 -0.9917
vn -0.0545 -0.1186 -0.9914
vn -0.0565 -0.1495 -0.9872
vn -0.0442 -0.1519 -0.9874
vn -0.0692 -0.1468 -0.9867
vn -0.0958 -0.1414 -0.9853
vn -0.0822 -0.1441 -0.9861
vn -0.0307 -0.0905 -0.9954
vn -0.0202 -0.0928 -0.9955
vn -0.0207 -0.1263 -0.9918
vn -0.0317 -0.1241 -0.9918
vn -0.0000 -0.0950 -0.9955
vn -0.0099 -0.0944 -0.9955
vn -0.0000 -0.1281 -0.9918
vn -0.0101 -0.1276 -0.9918
vn -0.0103 -0.1569 -0.9876
vn -0.0000 -0.1573 -0.9876
vn -0.0211 -0.1558 -0.9876
vn -0.0325 -0.1541 -0.9875
vn -0.1342 -0.2456 -0.9600
vn -0.1496 -0.2450 -0.9579
vn -0.1415 -0.2209 -0.9650
vn -0.1260 -0.2221 -0.9668
vn -0.1815 -0.2435 -0.9528
vn -0.1652 -0.2442 -0.9556
vn -0.1731 -0.2189 -0.9603
vn -0.1565 -0.2196 -0.9630
vn -0.1614 -0.1635 -0.9732
vn -0.1445 -0.1647 -0.9757
vn -0.1500 -0.1932 -0.9696
vn -0.1665 -0.1921 -0.9671
vn -0.1292 -0.1666 -0.9775
vn -0.1348 -0.1947 -0.9715
vn -0.1200 -0.1965 -0.9731
vn -0.1145 -0.1687 -0.9790
vn -0.1981 -0.2430 -0.9496
vn -0.2145 -0.2427 -0.9461
vn -0.2085 -0.2192 -0.9531
vn -0.1904 -0.2185 -0.9571
vn -0.2483 -0.2472 -0.9366
vn -0.2315 -0.2437 -0.9418
vn -0.2489 -0.2274 -0.9415
vn -0.2279 -0.2211 -0.9482
vn -0.2494 -0.1772 -0.9520
vn -0.2244 -0.1690 -0.9597
vn -0.2262 -0.1969 -0.9540
vn -0.2496 -0.2035 -0.9467
vn -0.2011 -0.1652 -0.9655
vn -0.2042 -0.1932 -0.9597
vn -0.1846 -0.1919 -0.9639
vn -0.1799 -0.1632 -0.9700
vn -0.2170 -0.0797 -0.9729
vn -0.2452 -0.0871 -0.9655
vn -0.1917 -0.0742 -0.9787
vn -0.1956 -0.1058 -0.9750
vn -0.2205 -0.1103 -0.9691
vn -0.2473 -0.1183 -0.9617
vn -0.1479 -0.0696 -0.9865
vn -0.1683 -0.0711 -0.9832
vn -0.1530 -0.1023 -0.9829
vn -0.1731 -0.1029 -0.9795
vn -0.1765 -0.1338 -0.9752
vn -0.1572 -0.1336 -0.9785
vn -0.1982 -0.1358 -0.9707
vn -0.2492 -0.1476 -0.9571
vn -0.2226 -0.1404 -0.9648
vn -0.1298 -0.0694 -0.9891
vn -0.1137 -0.0703 -0.9910
vn -0.1194 -0.1044 -0.9873
vn -0.1355 -0.1028 -0.9854
vn -0.0997 -0.0721 -0.9924
vn -0.1050 -0.1066 -0.9887
vn -0.1098 -0.1388 -0.9842
vn -0.1243 -0.1365 -0.9828
vn -0.1399 -0.1346 -0.9810
vn -0.2653 -0.2572 -0.9292
vn -0.2843 -0.2714 -0.9195
vn -0.2908 -0.2520 -0.9230
vn -0.2708 -0.2377 -0.9328
vn -0.3209 -0.3051 -0.8966
vn -0.3013 -0.2873 -0.9092
vn -0.3300 -0.2853 -0.8998
vn -0.3110 -0.2678 -0.9119
vn -0.3439 -0.2347 -0.9092
vn -0.3228 -0.2173 -0.9212
vn -0.3170 -0.2443 -0.9164
vn -0.3387 -0.2617 -0.9038
vn -0.2989 -0.2016 -0.9327
vn -0.2963 -0.2283 -0.9274
vn -0.2729 -0.2149 -0.9377
vn -0.2755 -0.1876 -0.9428
vn -0.3403 -0.3242 -0.8827
vn -0.3604 -0.3438 -0.8671
vn -0.3705 -0.3235 -0.8706
vn -0.3507 -0.3041 -0.8858
vn -0.4060 -0.3875 -0.8277
vn -0.3816 -0.3647 -0.8493
vn -0.4180 -0.3673 -0.8309
vn -0.3932 -0.3446 -0.8524
vn -0.4398 -0.3154 -0.8409
vn -0.4127 -0.2932 -0.8624
vn -0.4031 -0.3206 -0.8572
vn -0.4293 -0.3432 -0.8354
vn -0.3879 -0.2725 -0.8805
vn -0.3802 -0.2998 -0.8750
vn -0.3589 -0.2804 -0.8903
vn -0.3662 -0.2531 -0.8954
vn -0.4341 -0.1926 -0.8801
vn -0.4662 -0.2119 -0.8589
vn -0.4057 -0.1739 -0.8973
vn -0.4004 -0.2094 -0.8921
vn -0.4278 -0.2289 -0.8744
vn -0.4583 -0.2495 -0.8531
vn -0.3530 -0.1397 -0.9251
vn -0.3783 -0.1565 -0.9123
vn -0.3506 -0.1734 -0.9203
vn -0.3757 -0.1906 -0.9069
vn -0.3710 -0.2232 -0.9014
vn -0.3486 -0.2049 -0.9146
vn -0.3952 -0.2423 -0.8861
vn -0.4494 -0.2841 -0.8470
vn -0.4206 -0.2625 -0.8684
vn -0.3266 -0.1244 -0.9369
vn -0.3010 -0.1099 -0.9473
vn -0.3010 -0.1421 -0.9430
vn -0.3269 -0.1567 -0.9320
vn -0.2731 -0.0979 -0.9570
vn -0.2754 -0.1286 -0.9527
vn -0.2753 -0.1590 -0.9481
vn -0.3016 -0.1723 -0.9377
vn -0.3249 -0.1881 -0.9269
vn -0.6144 -0.6088 -0.5018
vn -0.5988 -0.6176 -0.5098
vn -0.6222 -0.6350 -0.4580
vn -0.6373 -0.6256 -0.4501
vn -0.5674 -0.6302 -0.5300
vn -0.5832 -0.6246 -0.5194
vn -0.5920 -0.6492 -0.4776
vn -0.6072 -0.6427 -0.4672
vn -0.6379 -0.6856 -0.3508
vn -0.6515 -0.6768 -0.3427
vn -0.6301 -0.6606 -0.4082
vn -0.6158 -0.6679 -0.4180
vn -0.6651 -0.6672 -0.3354
vn -0.6444 -0.6516 -0.4001
vn -0.6591 -0.6415 -0.3926
vn -0.6793 -0.6562 -0.3287
vn -0.5503 -0.6345 -0.5428
vn -0.5319 -0.6383 -0.5564
vn -0.5586 -0.6601 -0.5022
vn -0.5760 -0.6549 -0.4893
vn -0.5113 -0.6418 -0.5715
vn -0.5393 -0.6654 -0.5161
vn -0.5915 -0.7107 -0.3809
vn -0.5661 -0.6885 -0.4533
vn -0.6087 -0.7020 -0.3697
vn -0.5847 -0.6816 -0.4399
vn -0.6007 -0.6751 -0.4283
vn -0.6239 -0.6938 -0.3598
vn -0.6435 -0.7579 -0.1071
vn -0.6583 -0.7455 -0.1041
vn -0.6470 -0.7354 -0.2013
vn -0.6317 -0.7470 -0.2073
vn -0.6836 -0.7231 -0.0992
vn -0.6714 -0.7341 -0.1015
vn -0.6732 -0.7143 -0.1913
vn -0.6605 -0.7247 -0.1961
vn -0.6442 -0.7108 -0.2824
vn -0.6575 -0.7014 -0.2753
vn -0.6300 -0.7204 -0.2901
vn -0.6138 -0.7307 -0.2989
vn -0.6956 -0.7119 -0.0969
vn -0.7078 -0.7000 -0.0948
vn -0.6980 -0.6923 -0.1828
vn -0.6857 -0.7035 -0.1867
vn -0.7208 -0.6869 -0.0928
vn -0.7113 -0.6798 -0.1788
vn -0.6970 -0.6692 -0.2575
vn -0.6836 -0.6810 -0.2626
vn -0.6703 -0.6916 -0.2690
vn -0.3957 0.7109 -0.5814
vn -0.2867 0.7493 -0.5970
vn -0.4888 0.6652 -0.5645
vn -0.5093 0.7051 -0.4934
vn -0.4133 0.7548 -0.5093
vn -0.3000 0.7968 -0.5245
vn -0.6358 0.5572 -0.5342
vn -0.5679 0.6135 -0.5488
vn -0.6597 0.5894 -0.4663
vn -0.5907 0.6495 -0.4788
vn -0.6969 0.6411 -0.3214
vn -0.6257 0.7072 -0.3293
vn -0.6098 0.6808 -0.4057
vn -0.6803 0.6173 -0.3951
vn -0.5414 0.7689 -0.3401
vn -0.5270 0.7398 -0.4183
vn -0.3222 0.8737 -0.3646
vn -0.3119 0.8386 -0.4465
vn -0.4286 0.7932 -0.4326
vn -0.4416 0.8255 -0.3515
vn -0.6934 0.4960 -0.5227
vn -0.7431 0.4298 -0.5128
vn -0.7693 0.4551 -0.4483
vn -0.7189 0.5245 -0.4562
vn -0.8193 0.2799 -0.5004
vn -0.7847 0.3581 -0.5060
vn -0.8484 0.2976 -0.4379
vn -0.8126 0.3794 -0.4423
vn -0.8948 0.3269 -0.3040
vn -0.8563 0.4155 -0.3069
vn -0.8362 0.3988 -0.3764
vn -0.8736 0.3134 -0.3724
vn -0.8108 0.4963 -0.3105
vn -0.7919 0.4771 -0.3810
vn -0.7402 0.5496 -0.3872
vn -0.7580 0.5711 -0.3151
vn -0.8913 0.4461 -0.0808
vn -0.9323 0.3527 -0.0800
vn -0.8433 0.5312 -0.0814
vn -0.8366 0.5237 -0.1604
vn -0.8840 0.4396 -0.1590
vn -0.9245 0.3472 -0.1575
vn -0.7251 0.6836 -0.0834
vn -0.7882 0.6099 -0.0822
vn -0.7194 0.6747 -0.1649
vn -0.7819 0.6019 -0.1622
vn -0.7720 0.5886 -0.2400
vn -0.7100 0.6605 -0.2441
vn -0.8257 0.5119 -0.2368
vn -0.9118 0.3386 -0.2322
vn -0.8722 0.4292 -0.2345
vn -0.6521 0.7534 -0.0849
vn -0.5659 0.8198 -0.0877
vn -0.5610 0.8093 -0.1741
vn -0.6467 0.7439 -0.1689
vn -0.3408 0.9353 -0.0949
vn -0.4636 0.8814 -0.0911
vn -0.3369 0.9226 -0.1878
vn -0.4591 0.8699 -0.1806
vn -0.4517 0.8510 -0.2679
vn -0.3307 0.9020 -0.2777
vn -0.5529 0.7923 -0.2580
vn -0.6378 0.7283 -0.2505
vn -0.8452 0.1987 -0.4961
vn -0.8617 0.1191 -0.4932
vn -0.8930 0.1289 -0.4312
vn -0.8755 0.2123 -0.4340
vn -0.8710 -0.0322 -0.4902
vn -0.8700 0.0420 -0.4912
vn -0.9033 -0.0292 -0.4281
vn -0.9019 0.0482 -0.4293
vn -0.9550 -0.0238 -0.2957
vn -0.9530 0.0592 -0.2972
vn -0.9297 0.0540 -0.3645
vn -0.9313 -0.0264 -0.3633
vn -0.9432 0.1454 -0.2988
vn -0.9202 0.1379 -0.3663
vn -0.9019 0.2246 -0.3689
vn -0.9241 0.2354 -0.3010
vn -0.8663 -0.1030 -0.4888
vn -0.8557 -0.1718 -0.4881
vn -0.8874 -0.1749 -0.4265
vn -0.8982 -0.1035 -0.4272
vn -0.8404 -0.2379 -0.4870
vn -0.8712 -0.2438 -0.4261
vn -0.9214 -0.2523 -0.2957
vn -0.8983 -0.2486 -0.3623
vn -0.9385 -0.1792 -0.2952
vn -0.9149 -0.1773 -0.3627
vn -0.9262 -0.1035 -0.3626
vn -0.9499 -0.1032 -0.2952
vn -0.9630 -0.2582 -0.0778
vn -0.9803 -0.1816 -0.0774
vn -0.9715 -0.1812 -0.1526
vn -0.9542 -0.2570 -0.1531
vn -0.9968 -0.0184 -0.0774
vn -0.9918 -0.1022 -0.0773
vn -0.9881 -0.0196 -0.1527
vn -0.9830 -0.1023 -0.1524
vn -0.9689 -0.1027 -0.2252
vn -0.9740 -0.0215 -0.2256
vn -0.9575 -0.1804 -0.2252
vn -0.9402 -0.2551 -0.2258
vn -0.9946 0.0690 -0.0778
vn -0.9839 0.1607 -0.0785
vn -0.9754 0.1572 -0.1545
vn -0.9859 0.0671 -0.1536
vn -0.9637 0.2549 -0.0792
vn -0.9552 0.2514 -0.1563
vn -0.9421 0.2443 -0.2299
vn -0.9617 0.1522 -0.2279
vn -0.9720 0.0635 -0.2264
vn 0.2993 0.7468 -0.5939
vn 0.3529 0.7329 -0.5816
vn 0.2417 0.7593 -0.6042
vn 0.2587 0.8050 -0.5339
vn 0.3203 0.7888 -0.5245
vn 0.3784 0.7719 -0.5109
vn 0.1066 0.7810 -0.6154
vn 0.1780 0.7714 -0.6109
vn 0.1146 0.8308 -0.5447
vn 0.1910 0.8191 -0.5410
vn 0.1262 0.9139 -0.3857
vn 0.2105 0.8994 -0.3831
vn 0.2017 0.8621 -0.4649
vn 0.1211 0.8752 -0.4683
vn 0.2859 0.8808 -0.3776
vn 0.2735 0.8453 -0.4590
vn 0.4196 0.8347 -0.3567
vn 0.4005 0.8056 -0.4367
vn 0.3389 0.8267 -0.4491
vn 0.3546 0.8589 -0.3695
vn 0.0248 0.7869 -0.6166
vn -0.0682 0.7859 -0.6146
vn -0.0706 0.8368 -0.5429
vn 0.0278 0.8376 -0.5456
vn -0.1728 0.7746 -0.6084
vn -0.1807 0.8246 -0.5361
vn -0.1952 0.9064 -0.3746
vn -0.1883 0.8687 -0.4582
vn -0.0764 0.9210 -0.3819
vn -0.0734 0.8821 -0.4653
vn 0.0298 0.8830 -0.4685
vn 0.0309 0.9222 -0.3854
vn -0.2087 0.9730 -0.0985
vn -0.0836 0.9913 -0.1012
vn -0.0819 0.9765 -0.1992
vn -0.2061 0.9591 -0.1940
vn 0.1339 0.9856 -0.1035
vn 0.0311 0.9942 -0.1029
vn 0.1324 0.9702 -0.2029
vn 0.0313 0.9789 -0.2020
vn 0.0313 0.9546 -0.2964
vn 0.1299 0.9460 -0.2971
vn -0.0794 0.9528 -0.2929
vn -0.2011 0.9367 -0.2868
vn 0.2255 0.9687 -0.1033
vn 0.3076 0.9461 -0.1014
vn 0.3031 0.9320 -0.1986
vn 0.2224 0.9539 -0.2017
vn 0.4535 0.8863 -0.0943
vn 0.3827 0.9186 -0.0985
vn 0.4463 0.8754 -0.1857
vn 0.3768 0.9059 -0.1933
vn 0.3674 0.8858 -0.2836
vn 0.4350 0.8578 -0.2737
vn 0.2958 0.9097 -0.2915
vn 0.2174 0.9303 -0.2953
vn -0.5998 -0.5475 -0.5835
vn -0.6184 -0.5274 -0.5827
vn -0.5911 -0.5073 -0.6271
vn -0.5733 -0.5275 -0.6270
vn -0.6608 -0.4701 -0.5851
vn -0.6389 -0.5017 -0.5832
vn -0.6304 -0.4508 -0.6319
vn -0.6102 -0.4818 -0.6289
vn -0.5664 -0.4077 -0.7162
vn -0.5496 -0.4380 -0.7114
vn -0.5804 -0.4604 -0.6717
vn -0.5986 -0.4299 -0.6758
vn -0.5332 -0.4629 -0.7080
vn -0.5626 -0.4860 -0.6688
vn -0.5457 -0.5059 -0.6680
vn -0.5177 -0.4835 -0.7058
vn -0.6837 -0.4325 -0.5878
vn -0.7071 -0.3885 -0.5908
vn -0.6726 -0.3712 -0.6401
vn -0.6514 -0.4142 -0.6358
vn -0.7299 -0.3382 -0.5940
vn -0.6931 -0.3233 -0.6443
vn -0.6159 -0.2888 -0.7330
vn -0.6550 -0.3066 -0.6906
vn -0.5997 -0.3334 -0.7275
vn -0.6366 -0.3531 -0.6856
vn -0.6176 -0.3942 -0.6806
vn -0.5830 -0.3731 -0.7217
vn -0.5014 -0.2315 -0.8337
vn -0.4916 -0.2706 -0.8277
vn -0.5267 -0.2918 -0.7984
vn -0.5381 -0.2511 -0.8046
vn -0.4698 -0.3385 -0.8153
vn -0.4810 -0.3064 -0.8215
vn -0.5013 -0.3619 -0.7860
vn -0.5142 -0.3289 -0.7921
vn -0.5483 -0.3512 -0.7590
vn -0.5335 -0.3854 -0.7529
vn -0.5629 -0.3128 -0.7651
vn -0.5767 -0.2702 -0.7709
vn -0.4580 -0.3668 -0.8097
vn -0.4460 -0.3915 -0.8049
vn -0.4744 -0.4154 -0.7762
vn -0.4880 -0.3907 -0.7805
vn -0.4332 -0.4116 -0.8018
vn -0.4608 -0.4359 -0.7730
vn -0.4890 -0.4597 -0.7413
vn -0.5037 -0.4394 -0.7438
vn -0.5186 -0.4145 -0.7478
vn 0.1916 0.8235 -0.5340
vn -0.0000 0.8427 -0.5384
vn 0.3280 0.7862 -0.5237
vn 0.3558 0.8166 -0.4545
vn 0.2105 0.8606 -0.4637
vn -0.0000 0.8815 -0.4721
vn 0.4446 0.7261 -0.5244
vn 0.4072 0.7503 -0.5208
vn 0.4781 0.7524 -0.4532
vn 0.4405 0.7773 -0.4493
vn 0.5320 0.7899 -0.3051
vn 0.4934 0.8157 -0.3020
vn 0.4686 0.7990 -0.3768
vn 0.5079 0.7733 -0.3795
vn 0.4026 0.8622 -0.3075
vn 0.3818 0.8420 -0.3811
vn -0.0000 0.9459 -0.3246
vn -0.0000 0.9173 -0.3983
vn 0.2262 0.8913 -0.3929
vn 0.2411 0.9173 -0.3168
vn 0.4503 0.7148 -0.5351
vn 0.4336 0.7139 -0.5499
vn 0.4653 0.7448 -0.4783
vn 0.4835 0.7425 -0.4635
vn 0.3999 0.7212 -0.5656
vn 0.4288 0.7555 -0.4954
vn 0.4760 0.8101 -0.3424
vn 0.4543 0.7855 -0.4202
vn 0.5162 0.7916 -0.3270
vn 0.4929 0.7706 -0.4040
vn 0.5124 0.7652 -0.3897
vn 0.5370 0.7830 -0.3139
vn 0.5142 0.8530 -0.0892
vn 0.5569 0.8263 -0.0842
vn 0.5485 0.8193 -0.1669
vn 0.5062 0.8442 -0.1763
vn 0.5748 0.8147 -0.0769
vn 0.5783 0.8120 -0.0796
vn 0.5655 0.8103 -0.1535
vn 0.5703 0.8060 -0.1587
vn 0.5559 0.7968 -0.2369
vn 0.5521 0.8017 -0.2293
vn 0.5352 0.8075 -0.2480
vn 0.4933 0.8299 -0.2607
vn 0.5342 0.8420 -0.0761
vn 0.4410 0.8941 -0.0777
vn 0.4326 0.8881 -0.1554
vn 0.5264 0.8366 -0.1517
vn -0.0000 0.9965 -0.0835
vn 0.2660 0.9605 -0.0815
vn -0.0000 0.9861 -0.1661
vn 0.2612 0.9517 -0.1612
vn 0.2522 0.9372 -0.2410
vn -0.0000 0.9694 -0.2454
vn 0.4206 0.8773 -0.2312
vn 0.5118 0.8285 -0.2272
vn -0.0660 -0.6149 -0.7859
vn -0.0000 -0.6149 -0.7886
vn -0.1342 -0.6129 -0.7787
vn -0.1218 -0.5782 -0.8067
vn -0.0595 -0.5789 -0.8132
vn -0.0000 -0.5791 -0.8153
vn -0.2619 -0.6066 -0.7506
vn -0.2012 -0.6104 -0.7661
vn -0.2397 -0.5751 -0.7822
vn -0.1825 -0.5767 -0.7963
vn -0.1992 -0.5174 -0.8322
vn -0.1502 -0.5168 -0.8428
vn -0.1659 -0.5460 -0.8212
vn -0.2181 -0.5455 -0.8092
vn -0.0995 -0.5165 -0.8505
vn -0.1096 -0.5457 -0.8308
vn -0.0000 -0.5158 -0.8567
vn -0.0000 -0.5458 -0.8379
vn -0.0537 -0.5462 -0.8359
vn -0.0482 -0.5154 -0.8556
vn -0.3159 -0.6028 -0.7327
vn -0.3614 -0.5999 -0.7138
vn -0.3341 -0.5722 -0.7490
vn -0.2902 -0.5736 -0.7660
vn -0.3989 -0.5973 -0.6958
vn -0.3707 -0.5718 -0.7319
vn -0.3176 -0.5218 -0.7917
vn -0.3439 -0.5465 -0.7635
vn -0.2834 -0.5202 -0.8057
vn -0.3078 -0.5458 -0.7794
vn -0.2663 -0.5457 -0.7945
vn -0.2432 -0.5187 -0.8197
vn -0.2476 -0.4516 -0.8572
vn -0.2170 -0.4483 -0.8672
vn -0.2382 -0.4716 -0.8490
vn -0.2695 -0.4744 -0.8381
vn -0.1484 -0.4421 -0.8846
vn -0.1845 -0.4453 -0.8762
vn -0.1643 -0.4663 -0.8692
vn -0.2023 -0.4686 -0.8599
vn -0.2227 -0.4930 -0.8410
vn -0.1806 -0.4912 -0.8521
vn -0.2598 -0.4954 -0.8289
vn -0.2932 -0.4978 -0.8162
vn -0.1113 -0.4400 -0.8911
vn -0.0729 -0.4378 -0.8961
vn -0.0812 -0.4627 -0.8828
vn -0.1229 -0.4640 -0.8773
vn -0.0000 -0.4365 -0.8997
vn -0.0356 -0.4369 -0.8988
vn -0.0000 -0.4612 -0.8873
vn -0.0393 -0.4612 -0.8864
vn -0.0438 -0.4879 -0.8718
vn -0.0000 -0.4876 -0.8730
vn -0.0896 -0.4884 -0.8680
vn -0.1363 -0.4898 -0.8611
vn 0.3936 -0.4037 -0.8259
vn 0.4199 -0.4280 -0.8003
vn 0.4060 -0.4403 -0.8008
vn 0.3805 -0.4167 -0.8256
vn 0.4466 -0.4517 -0.7723
vn 0.4325 -0.4641 -0.7731
vn 0.4171 -0.4726 -0.7763
vn 0.3908 -0.4491 -0.8034
vn 0.3658 -0.4256 -0.8277
vn 0.5024 -0.4990 -0.7062
vn 0.4870 -0.5107 -0.7085
vn 0.4593 -0.4873 -0.7427
vn 0.4745 -0.4758 -0.7406
vn 0.4707 -0.5184 -0.7140
vn 0.4437 -0.4957 -0.7466
vn 0.4355 -0.5264 -0.7302
vn 0.4091 -0.5043 -0.7605
vn 0.4271 -0.5011 -0.7526
vn 0.4539 -0.5240 -0.7207
vn 0.3829 -0.4814 -0.7885
vn 0.4005 -0.4784 -0.7815
vn 0.3334 -0.4357 -0.8361
vn 0.3504 -0.4323 -0.8309
vn 0.3751 -0.4551 -0.8076
vn 0.3575 -0.4584 -0.8137
vn 0.5299 -0.5215 -0.6688
vn 0.5142 -0.5325 -0.6724
vn 0.5569 -0.5427 -0.6288
vn 0.5409 -0.5538 -0.6331
vn 0.5243 -0.5613 -0.6403
vn 0.4977 -0.5403 -0.6785
vn 0.6070 -0.5806 -0.5427
vn 0.5911 -0.5918 -0.5481
vn 0.5665 -0.5733 -0.5920
vn 0.5827 -0.5626 -0.5865
vn 0.5750 -0.5999 -0.5564
vn 0.5505 -0.5815 -0.5990
vn 0.5420 -0.6107 -0.5774
vn 0.5164 -0.5911 -0.6196
vn 0.5336 -0.5870 -0.6088
vn 0.5589 -0.6062 -0.5658
vn 0.4897 -0.5702 -0.6596
vn 0.5077 -0.5670 -0.6487
vn 0.4806 -0.5455 -0.6866
vn 0.4628 -0.5489 -0.6961
vn 0.4584 -0.6207 -0.6360
vn 0.4299 -0.5962 -0.6780
vn 0.4554 -0.5955 -0.6618
vn 0.4836 -0.6187 -0.6191
vn 0.4016 -0.5716 -0.7156
vn 0.4276 -0.5723 -0.6998
vn 0.4502 -0.5725 -0.6853
vn 0.4779 -0.5949 -0.6463
vn 0.5048 -0.6165 -0.6043
vn 0.3473 -0.5235 -0.7780
vn 0.3728 -0.5256 -0.7647
vn 0.3999 -0.5490 -0.7340
vn 0.3742 -0.5477 -0.7484
vn 0.3955 -0.5271 -0.7522
vn 0.4227 -0.5501 -0.7202
vn 0.4434 -0.5499 -0.7078
vn 0.4165 -0.5278 -0.7403
vn 0.4707 -0.5719 -0.6718
vn 0.5241 -0.6140 -0.5902
vn 0.4977 -0.5933 -0.6327
vn 0.3218 -0.5003 -0.8039
vn 0.3467 -0.5026 -0.7919
vn 0.2974 -0.4770 -0.8271
vn 0.3216 -0.4798 -0.8163
vn 0.3436 -0.4816 -0.8062
vn 0.3691 -0.5043 -0.7807
vn 0.2523 -0.4326 -0.8656
vn 0.2748 -0.4355 -0.8572
vn 0.2977 -0.4573 -0.8380
vn 0.2742 -0.4546 -0.8474
vn 0.2960 -0.4367 -0.8495
vn 0.3191 -0.4590 -0.8291
vn 0.3390 -0.4596 -0.8209
vn 0.3154 -0.4372 -0.8422
vn 0.3638 -0.4822 -0.7969
vn 0.3898 -0.5049 -0.7702
vn 0.4857 0.0995 -0.8685
vn 0.4645 0.1113 -0.8785
vn 0.4889 0.1409 -0.8609
vn 0.5092 0.1118 -0.8534
vn 0.4351 0.1300 -0.8910
vn 0.4576 0.1656 -0.8736
vn 0.4902 0.2028 -0.8477
vn 0.5228 0.1694 -0.8355
vn 0.5468 0.1319 -0.8268
vn 0.3646 0.1651 -0.9164
vn 0.3834 0.2102 -0.8993
vn 0.4234 0.1888 -0.8860
vn 0.4013 0.1470 -0.9041
vn 0.4093 0.2578 -0.8752
vn 0.4518 0.2318 -0.8615
vn 0.4736 0.3531 -0.8069
vn 0.5229 0.3177 -0.7910
vn 0.4860 0.2751 -0.8295
vn 0.4398 0.3059 -0.8444
vn 0.5659 0.2755 -0.7771
vn 0.5266 0.2392 -0.8157
vn 0.6292 0.1755 -0.7572
vn 0.5863 0.1526 -0.7956
vn 0.5605 0.1983 -0.8041
vn 0.6015 0.2279 -0.7657
vn 0.3248 0.1810 -0.9283
vn 0.3409 0.2295 -0.9117
vn 0.2842 0.1960 -0.9385
vn 0.2953 0.2461 -0.9232
vn 0.3125 0.2995 -0.9015
vn 0.3619 0.2802 -0.8891
vn 0.1917 0.2215 -0.9561
vn 0.1928 0.2747 -0.9420
vn 0.2471 0.2613 -0.9331
vn 0.2400 0.2091 -0.9480
vn 0.1973 0.3315 -0.9226
vn 0.2580 0.3165 -0.9128
vn 0.2152 0.4532 -0.8650
vn 0.2906 0.4335 -0.8530
vn 0.2727 0.3742 -0.8863
vn 0.2049 0.3914 -0.8971
vn 0.3581 0.4101 -0.8388
vn 0.3335 0.3546 -0.8735
vn 0.3888 0.3321 -0.8594
vn 0.4186 0.3839 -0.8231
vn 0.2723 0.6964 -0.6640
vn 0.3761 0.6618 -0.6485
vn 0.3547 0.6084 -0.7100
vn 0.2572 0.6391 -0.7249
vn 0.4652 0.6204 -0.6315
vn 0.4393 0.5717 -0.6930
vn 0.4120 0.5199 -0.7483
vn 0.3322 0.5518 -0.7650
vn 0.2421 0.5785 -0.7789
vn 0.6077 0.5214 -0.5990
vn 0.5766 0.4828 -0.6591
vn 0.5128 0.5297 -0.6756
vn 0.5421 0.5735 -0.6142
vn 0.5433 0.4418 -0.7139
vn 0.4818 0.4833 -0.7310
vn 0.4500 0.4344 -0.7802
vn 0.5086 0.3985 -0.7633
vn 0.3842 0.4658 -0.7971
vn 0.2279 0.5161 -0.8257
vn 0.3109 0.4930 -0.8126
vn 0.6646 0.4645 -0.5852
vn 0.6319 0.4310 -0.6442
vn 0.7125 0.4024 -0.5747
vn 0.6795 0.3732 -0.6317
vn 0.6432 0.3426 -0.6848
vn 0.5970 0.3950 -0.6983
vn 0.7864 0.2607 -0.5600
vn 0.7505 0.2406 -0.6155
vn 0.7187 0.3102 -0.6223
vn 0.7535 0.3345 -0.5660
vn 0.7126 0.2199 -0.6662
vn 0.6820 0.2841 -0.6739
vn 0.6428 0.2570 -0.7216
vn 0.6723 0.1983 -0.7132
vn 0.6057 0.3104 -0.7326
vn 0.5605 0.3573 -0.7472
vn 0.2318 -0.4109 -0.8817
vn 0.2539 -0.4135 -0.8744
vn 0.2122 -0.3893 -0.8964
vn 0.2336 -0.3918 -0.8899
vn 0.2535 -0.3933 -0.8838
vn 0.2742 -0.4151 -0.8675
vn 0.1769 -0.3471 -0.9210
vn 0.1967 -0.3493 -0.9161
vn 0.2146 -0.3704 -0.9037
vn 0.1939 -0.3680 -0.9094
vn 0.2156 -0.3507 -0.9113
vn 0.2338 -0.3723 -0.8982
vn 0.2506 -0.3498 -0.9027
vn 0.2697 -0.3708 -0.8887
vn 0.2522 -0.3722 -0.8932
vn 0.2336 -0.3512 -0.9067
vn 0.2899 -0.3922 -0.8730
vn 0.2722 -0.3937 -0.8780
vn 0.2931 -0.4151 -0.8613
vn 0.3107 -0.4134 -0.8559
vn 0.1615 -0.3263 -0.9314
vn 0.1808 -0.3283 -0.9271
vn 0.1477 -0.3059 -0.9405
vn 0.1661 -0.3075 -0.9369
vn 0.1833 -0.3083 -0.9334
vn 0.1987 -0.3295 -0.9230
vn 0.1261 -0.2663 -0.9556
vn 0.1429 -0.2667 -0.9531
vn 0.1534 -0.2868 -0.9456
vn 0.1358 -0.2859 -0.9486
vn 0.1588 -0.2667 -0.9506
vn 0.1699 -0.2873 -0.9426
vn 0.1910 -0.2654 -0.9450
vn 0.2025 -0.2862 -0.9365
vn 0.1860 -0.2872 -0.9396
vn 0.1743 -0.2662 -0.9480
vn 0.2165 -0.3074 -0.9266
vn 0.1999 -0.3084 -0.9300
vn 0.2159 -0.3297 -0.9191
vn 0.2327 -0.3286 -0.9154
vn 0.2476 -0.2600 -0.9333
vn 0.2588 -0.2701 -0.9274
vn 0.2478 -0.2774 -0.9283
vn 0.2375 -0.2612 -0.9356
vn 0.2745 -0.2857 -0.9182
vn 0.2632 -0.2950 -0.9185
vn 0.2481 -0.3012 -0.9207
vn 0.2336 -0.2817 -0.9306
vn 0.2226 -0.2629 -0.9388
vn 0.3095 -0.3206 -0.8952
vn 0.2975 -0.3326 -0.8949
vn 0.2791 -0.3131 -0.9078
vn 0.2915 -0.3022 -0.9076
vn 0.2831 -0.3413 -0.8963
vn 0.2653 -0.3210 -0.9092
vn 0.2492 -0.3259 -0.9120
vn 0.2672 -0.3467 -0.8991
vn 0.2328 -0.3051 -0.9234
vn 0.2073 -0.2641 -0.9420
vn 0.2186 -0.2845 -0.9334
vn 0.3292 -0.3402 -0.8808
vn 0.3161 -0.3524 -0.8809
vn 0.3487 -0.3600 -0.8653
vn 0.3361 -0.3727 -0.8649
vn 0.3216 -0.3819 -0.8665
vn 0.3023 -0.3617 -0.8819
vn 0.3569 -0.3938 -0.8470
vn 0.3696 -0.3809 -0.8475
vn 0.3429 -0.4033 -0.8484
vn 0.3272 -0.4095 -0.8516
vn 0.3065 -0.3885 -0.8690
vn 0.2863 -0.3674 -0.8849
vn 0.0807 -0.0372 -0.9960
vn 0.0734 0.0009 -0.9973
vn 0.0844 0.0017 -0.9964
vn 0.0929 -0.0354 -0.9950
vn 0.0636 0.0376 -0.9973
vn 0.0746 0.0374 -0.9965
vn 0.0877 0.0360 -0.9955
vn 0.0986 0.0017 -0.9951
vn 0.1070 -0.0344 -0.9937
vn 0.0373 0.1105 -0.9932
vn 0.0475 0.1078 -0.9930
vn 0.0623 0.0725 -0.9954
vn 0.0524 0.0742 -0.9959
vn 0.0606 0.1041 -0.9927
vn 0.0756 0.0700 -0.9947
vn 0.0977 0.0948 -0.9907
vn 0.1115 0.0626 -0.9918
vn 0.0917 0.0666 -0.9936
vn 0.0780 0.1000 -0.9919
vn 0.1230 0.0307 -0.9919
vn 0.1042 0.0339 -0.9940
vn 0.1417 -0.0356 -0.9893
vn 0.1234 -0.0343 -0.9918
vn 0.1142 0.0005 -0.9935
vn 0.1335 -0.0015 -0.9910
vn 0.0200 0.1484 -0.9887
vn 0.0297 0.1441 -0.9891
vn -0.0016 0.1878 -0.9822
vn 0.0093 0.1826 -0.9832
vn 0.0243 0.1771 -0.9839
vn 0.0441 0.1396 -0.9892
vn -0.0551 0.2768 -0.9593
vn -0.0404 0.2705 -0.9619
vn -0.0141 0.2242 -0.9744
vn -0.0264 0.2302 -0.9728
vn -0.0214 0.2646 -0.9641
vn 0.0026 0.2182 -0.9759
vn 0.0296 0.2532 -0.9670
vn 0.0482 0.2061 -0.9773
vn 0.0233 0.2123 -0.9769
vn 0.0019 0.2589 -0.9659
vn 0.0660 0.1652 -0.9841
vn 0.0432 0.1713 -0.9843
vn 0.0612 0.1343 -0.9890
vn 0.0831 0.1287 -0.9882
vn 0.1941 0.1743 -0.9654
vn 0.1503 0.1839 -0.9714
vn 0.1431 0.2317 -0.9622
vn 0.1992 0.1339 -0.9708
vn 0.1596 0.1431 -0.9768
vn 0.1238 0.1513 -0.9807
vn 0.1116 0.1922 -0.9750
vn 0.0998 0.2400 -0.9656
vn 0.2139 0.0663 -0.9746
vn 0.1799 0.0750 -0.9808
vn 0.1692 0.1074 -0.9797
vn 0.2066 0.0985 -0.9735
vn 0.1485 0.0824 -0.9855
vn 0.1367 0.1153 -0.9839
vn 0.1075 0.1223 -0.9867
vn 0.1218 0.0891 -0.9885
vn 0.0928 0.1585 -0.9830
vn 0.0623 0.2471 -0.9670
vn 0.0776 0.1995 -0.9768
vn 0.2225 0.0362 -0.9743
vn 0.1892 0.0443 -0.9809
vn 0.2293 0.0064 -0.9733
vn 0.1988 0.0147 -0.9799
vn 0.1701 0.0211 -0.9852
vn 0.1604 0.0516 -0.9857
vn 0.2410 -0.0553 -0.9689
vn 0.2129 -0.0472 -0.9759
vn 0.2060 -0.0158 -0.9784
vn 0.2365 -0.0233 -0.9713
vn 0.1859 -0.0418 -0.9817
vn 0.1792 -0.0095 -0.9838
vn 0.1544 -0.0050 -0.9880
vn 0.1627 -0.0377 -0.9859
vn 0.1455 0.0266 -0.9890
vn 0.1339 0.0574 -0.9893
vn 0.4733 -0.1715 -0.8641
vn 0.4777 -0.1316 -0.8686
vn 0.5166 -0.1469 -0.8435
vn 0.5101 -0.1892 -0.8391
vn 0.4805 -0.0945 -0.8719
vn 0.5200 -0.1077 -0.8473
vn 0.5633 -0.1196 -0.8176
vn 0.5571 -0.1619 -0.8145
vn 0.5491 -0.2066 -0.8098
vn 0.4828 -0.0237 -0.8754
vn 0.5245 -0.0318 -0.8508
vn 0.5233 -0.0697 -0.8493
vn 0.4814 -0.0593 -0.8745
vn 0.5704 -0.0369 -0.8206
vn 0.5670 -0.0787 -0.8199
vn 0.6639 -0.0406 -0.7467
vn 0.6591 -0.0909 -0.7466
vn 0.6132 -0.0852 -0.7853
vn 0.6169 -0.0401 -0.7860
vn 0.6524 -0.1399 -0.7449
vn 0.6070 -0.1305 -0.7839
vn 0.6308 -0.2397 -0.7380
vn 0.5895 -0.2235 -0.7762
vn 0.5997 -0.1758 -0.7807
vn 0.6427 -0.1893 -0.7424
vn 0.4827 0.0108 -0.8757
vn 0.5254 0.0067 -0.8508
vn 0.4844 0.0446 -0.8737
vn 0.5239 0.0428 -0.8507
vn 0.5689 0.0478 -0.8210
vn 0.5704 0.0049 -0.8214
vn 0.5207 0.0802 -0.8499
vn 0.4837 0.0762 -0.8719
vn 0.5616 0.0909 -0.8224
vn 0.6487 0.1204 -0.7514
vn 0.6041 0.1046 -0.7900
vn 0.6602 0.0652 -0.7482
vn 0.6141 0.0554 -0.7873
vn 0.6179 0.0072 -0.7862
vn 0.6646 0.0109 -0.7471
vn 0.8110 0.1839 -0.5553
vn 0.7738 0.1686 -0.6106
vn 0.8266 0.1086 -0.5522
vn 0.7882 0.0975 -0.6077
vn 0.7478 0.0868 -0.6582
vn 0.7346 0.1529 -0.6611
vn 0.8350 -0.0344 -0.5492
vn 0.7957 -0.0368 -0.6045
vn 0.7951 0.0291 -0.6057
vn 0.8342 0.0356 -0.5503
vn 0.7536 -0.0387 -0.6562
vn 0.7536 0.0226 -0.6570
vn 0.7103 0.0167 -0.7037
vn 0.7094 -0.0403 -0.7036
vn 0.7053 0.0758 -0.7049
vn 0.6931 0.1367 -0.7078
vn 0.8303 -0.1022 -0.5479
vn 0.7911 -0.1003 -0.6033
vn 0.8207 -0.1672 -0.5464
vn 0.7820 -0.1620 -0.6018
vn 0.7403 -0.1555 -0.6541
vn 0.7488 -0.0981 -0.6555
vn 0.7870 -0.2930 -0.5430
vn 0.7510 -0.2819 -0.5971
vn 0.7685 -0.2220 -0.6001
vn 0.8062 -0.2307 -0.5448
vn 0.7124 -0.2692 -0.6481
vn 0.7283 -0.2125 -0.6514
vn 0.6862 -0.2015 -0.6990
vn 0.6718 -0.2552 -0.6953
vn 0.6967 -0.1484 -0.7018
vn 0.7049 -0.0948 -0.7030
vn 0.1381 0.2855 -0.9484
vn 0.0896 0.2937 -0.9517
vn 0.0819 0.3516 -0.9326
vn 0.1359 0.3430 -0.9294
vn 0.0110 0.3058 -0.9520
vn 0.0477 0.3004 -0.9526
vn -0.0072 0.3619 -0.9322
vn 0.0342 0.3575 -0.9333
vn -0.0415 0.4827 -0.8748
vn 0.0106 0.4805 -0.8769
vn 0.0219 0.4179 -0.9082
vn -0.0248 0.4212 -0.9066
vn 0.0709 0.4763 -0.8764
vn 0.0752 0.4124 -0.9079
vn 0.1366 0.4043 -0.9044
vn 0.1387 0.4675 -0.8731
vn -0.0204 0.3107 -0.9503
vn -0.0470 0.3155 -0.9477
vn -0.0733 0.3694 -0.9264
vn -0.0428 0.3653 -0.9299
vn -0.0865 0.3269 -0.9411
vn -0.0691 0.3208 -0.9446
vn -0.1206 0.3790 -0.9175
vn -0.0991 0.3737 -0.9223
vn -0.1913 0.4864 -0.8525
vn -0.1610 0.4844 -0.8599
vn -0.1299 0.4284 -0.8942
vn -0.1553 0.4321 -0.8884
vn -0.1265 0.4836 -0.8661
vn -0.0999 0.4256 -0.8994
vn -0.0651 0.4235 -0.9036
vn -0.0870 0.4833 -0.8711
vn -0.3251 0.6904 -0.6463
vn -0.2755 0.7000 -0.6588
vn -0.2495 0.6500 -0.7178
vn -0.2941 0.6428 -0.7073
vn -0.2225 0.7103 -0.6678
vn -0.2010 0.6570 -0.7266
vn -0.1775 0.6006 -0.7796
vn -0.2213 0.5961 -0.7718
vn -0.2614 0.5928 -0.7617
vn -0.0967 0.7274 -0.6794
vn -0.0853 0.6692 -0.7382
vn -0.1468 0.6639 -0.7333
vn -0.1636 0.7193 -0.6751
vn -0.0720 0.6083 -0.7905
vn -0.1282 0.6049 -0.7859
vn -0.1082 0.5442 -0.8320
vn -0.0575 0.5452 -0.8363
vn -0.1525 0.5423 -0.8262
vn -0.2265 0.5399 -0.8107
vn -0.1917 0.5407 -0.8191
vn -0.0204 0.7316 -0.6814
vn -0.0147 0.6721 -0.7403
vn 0.0666 0.7299 -0.6803
vn 0.0659 0.6697 -0.7397
vn 0.0662 0.6063 -0.7925
vn -0.0075 0.6093 -0.7929
vn 0.1569 0.6597 -0.7350
vn 0.1647 0.7193 -0.6748
vn 0.1495 0.5967 -0.7884
vn 0.1436 0.5323 -0.8343
vn 0.0678 0.5413 -0.8381
vn 0.0010 0.5450 -0.8384
vn 0.2380 0.1631 -0.9575
vn 0.2780 0.1509 -0.9487
vn 0.2765 0.1119 -0.9545
vn 0.2395 0.1234 -0.9630
vn 0.3525 0.1234 -0.9277
vn 0.3154 0.1378 -0.9389
vn 0.3464 0.0869 -0.9341
vn 0.3116 0.0996 -0.9450
vn 0.3451 0.0219 -0.9383
vn 0.3137 0.0341 -0.9489
vn 0.3114 0.0655 -0.9480
vn 0.3443 0.0533 -0.9373
vn 0.2821 0.0456 -0.9583
vn 0.2783 0.0773 -0.9574
vn 0.2436 0.0883 -0.9659
vn 0.2491 0.0564 -0.9668
vn 0.3878 0.1094 -0.9152
vn 0.4205 0.0948 -0.9023
vn 0.4139 0.0618 -0.9082
vn 0.3802 0.0738 -0.9219
vn 0.4542 0.0834 -0.8870
vn 0.4472 0.0510 -0.8930
vn 0.4438 -0.0138 -0.8960
vn 0.4453 0.0194 -0.8951
vn 0.4091 -0.0023 -0.9125
vn 0.4101 0.0295 -0.9115
vn 0.3772 0.0412 -0.9252
vn 0.3763 0.0096 -0.9265
vn 0.4395 -0.1538 -0.8850
vn 0.4429 -0.1157 -0.8891
vn 0.4090 -0.1368 -0.9022
vn 0.4110 -0.1002 -0.9061
vn 0.4108 -0.0665 -0.9093
vn 0.4439 -0.0806 -0.8924
vn 0.3534 -0.1049 -0.9296
vn 0.3532 -0.0704 -0.9329
vn 0.3813 -0.0851 -0.9205
vn 0.3811 -0.1201 -0.9167
vn 0.3504 -0.0389 -0.9358
vn 0.3799 -0.0525 -0.9235
vn 0.3779 -0.0214 -0.9256
vn 0.3475 -0.0085 -0.9377
vn 0.4097 -0.0344 -0.9116
vn 0.4440 -0.0472 -0.8948
vn 0.3270 -0.0901 -0.9407
vn 0.3246 -0.0570 -0.9441
vn 0.2989 -0.0771 -0.9512
vn 0.2966 -0.0443 -0.9540
vn 0.2918 -0.0140 -0.9564
vn 0.3217 -0.0258 -0.9465
vn 0.2668 -0.0338 -0.9632
vn 0.2711 -0.0651 -0.9604
vn 0.2617 -0.0030 -0.9651
vn 0.2553 0.0264 -0.9665
vn 0.2875 0.0158 -0.9577
vn 0.3173 0.0039 -0.9483
vn 0.7350 -0.6720 -0.0907
vn 0.7519 -0.6533 -0.0887
vn 0.7257 -0.6654 -0.1749
vn 0.7428 -0.6472 -0.1712
vn 0.7636 -0.6235 -0.1677
vn 0.7725 -0.6291 -0.0866
vn 0.6945 -0.6433 -0.3224
vn 0.7120 -0.6265 -0.3169
vn 0.7292 -0.6381 -0.2472
vn 0.7119 -0.6555 -0.2520
vn 0.7331 -0.6044 -0.3120
vn 0.7501 -0.6151 -0.2429
vn 0.7842 -0.5408 -0.3042
vn 0.8015 -0.5498 -0.2352
vn 0.7744 -0.5859 -0.2389
vn 0.7573 -0.5760 -0.3078
vn 0.8150 -0.5566 -0.1613
vn 0.7878 -0.5936 -0.1643
vn 0.7966 -0.5986 -0.0846
vn 0.8237 -0.5609 -0.0828
vn 0.6746 -0.6292 -0.3860
vn 0.6923 -0.6132 -0.3803
vn 0.6531 -0.6139 -0.4434
vn 0.6708 -0.5985 -0.4380
vn 0.6915 -0.5776 -0.4338
vn 0.7133 -0.5918 -0.3755
vn 0.6245 -0.5658 -0.5384
vn 0.6481 -0.5826 -0.4905
vn 0.6304 -0.5977 -0.4953
vn 0.6440 -0.5455 -0.5364
vn 0.6683 -0.5625 -0.4868
vn 0.6892 -0.4876 -0.5359
vn 0.7159 -0.5033 -0.4840
vn 0.6910 -0.5359 -0.4851
vn 0.6657 -0.5196 -0.5355
vn 0.7408 -0.5174 -0.4283
vn 0.7150 -0.5508 -0.4306
vn 0.7373 -0.5643 -0.3715
vn 0.7638 -0.5300 -0.3684
vn 0.8200 -0.3026 -0.4859
vn 0.7956 -0.3633 -0.4848
vn 0.7641 -0.3516 -0.5409
vn 0.8499 -0.3108 -0.4255
vn 0.8244 -0.3735 -0.4254
vn 0.7967 -0.4290 -0.4258
vn 0.7692 -0.4172 -0.4840
vn 0.7393 -0.4037 -0.5389
vn 0.8991 -0.3231 -0.2954
vn 0.8720 -0.3891 -0.2969
vn 0.8499 -0.3821 -0.3629
vn 0.8763 -0.3176 -0.3622
vn 0.8429 -0.4476 -0.2987
vn 0.8213 -0.4391 -0.3641
vn 0.7922 -0.4884 -0.3659
vn 0.8131 -0.4981 -0.3012
vn 0.7684 -0.4769 -0.4268
vn 0.7138 -0.4493 -0.5372
vn 0.7422 -0.4638 -0.4837
vn 0.9175 -0.3273 -0.2258
vn 0.8903 -0.3947 -0.2273
vn 0.9314 -0.3303 -0.1532
vn 0.9040 -0.3987 -0.1545
vn 0.8744 -0.4594 -0.1563
vn 0.8608 -0.4544 -0.2294
vn 0.9127 -0.4011 -0.0786
vn 0.9400 -0.3321 -0.0778
vn 0.8832 -0.4622 -0.0798
vn 0.8529 -0.5157 -0.0812
vn 0.8442 -0.5120 -0.1586
vn 0.8307 -0.5061 -0.2320
vn -0.0655 0.2839 -0.9566
vn -0.1005 0.3341 -0.9372
vn -0.0737 0.2910 -0.9539
vn -0.1094 0.3423 -0.9332
vn -0.1490 0.3942 -0.9069
vn -0.1375 0.3857 -0.9123
vn -0.0753 0.3067 -0.9488
vn -0.1099 0.3614 -0.9259
vn -0.1135 0.3514 -0.9293
vn -0.0768 0.2989 -0.9512
vn -0.1483 0.4161 -0.8972
vn -0.1534 0.4044 -0.9016
vn -0.2334 0.5218 -0.8205
vn -0.2403 0.5078 -0.8273
vn -0.1960 0.4568 -0.8677
vn -0.1898 0.4703 -0.8619
vn -0.2335 0.4974 -0.8355
vn -0.1903 0.4461 -0.8745
vn -0.1764 0.4381 -0.8815
vn -0.2161 0.4902 -0.8444
vn -0.0669 0.3147 -0.9468
vn -0.0975 0.3714 -0.9233
vn -0.0519 0.3209 -0.9457
vn -0.0754 0.3810 -0.9215
vn -0.1019 0.4400 -0.8922
vn -0.1320 0.4288 -0.8937
vn -0.0424 0.3868 -0.9212
vn -0.0293 0.3258 -0.9450
vn -0.0578 0.4496 -0.8913
vn -0.0930 0.5715 -0.8153
vn -0.0742 0.5101 -0.8569
vn -0.1626 0.5561 -0.8150
vn -0.1316 0.4996 -0.8562
vn -0.1691 0.4846 -0.8583
vn -0.2091 0.5389 -0.8160
vn -0.1730 0.7826 -0.5980
vn -0.1521 0.7350 -0.6608
vn -0.2960 0.7497 -0.5918
vn -0.2642 0.7088 -0.6541
vn -0.2295 0.6617 -0.7138
vn -0.1325 0.6848 -0.7165
vn -0.4065 0.6948 -0.5934
vn -0.3656 0.6582 -0.6581
vn -0.3320 0.6802 -0.6536
vn -0.3715 0.7181 -0.5885
vn -0.3224 0.6167 -0.7181
vn -0.2917 0.6376 -0.7130
vn -0.2500 0.5901 -0.7677
vn -0.2779 0.5710 -0.7724
vn -0.1964 0.6114 -0.7666
vn -0.1118 0.6286 -0.7696
vn -0.4131 0.6820 -0.6035
vn -0.3726 0.6444 -0.6677
vn -0.3984 0.6785 -0.6172
vn -0.3598 0.6381 -0.6807
vn -0.3191 0.5943 -0.7382
vn -0.3297 0.6024 -0.7269
vn -0.3327 0.6386 -0.6939
vn -0.3676 0.6818 -0.6325
vn -0.2950 0.5912 -0.7506
vn -0.2562 0.5419 -0.8005
vn -0.2763 0.5468 -0.7904
vn -0.2852 0.5566 -0.7803
vn 0.2263 -0.4293 -0.8744
vn 0.2072 -0.4077 -0.8893
vn 0.1984 -0.4259 -0.8828
vn 0.1800 -0.4039 -0.8969
vn 0.1632 -0.3826 -0.9094
vn 0.1884 -0.3861 -0.9030
vn 0.1344 -0.4193 -0.8978
vn 0.1210 -0.3971 -0.9098
vn 0.1514 -0.4004 -0.9037
vn 0.1673 -0.4225 -0.8908
vn 0.1087 -0.3757 -0.9204
vn 0.1365 -0.3790 -0.9153
vn 0.0871 -0.3350 -0.9382
vn 0.1098 -0.3378 -0.9348
vn 0.1227 -0.3581 -0.9256
vn 0.0974 -0.3550 -0.9298
vn 0.1332 -0.3410 -0.9306
vn 0.1472 -0.3615 -0.9207
vn 0.1715 -0.3649 -0.9151
vn 0.1556 -0.3442 -0.9259
vn 0.1003 -0.4166 -0.9035
vn 0.0901 -0.3943 -0.9146
vn 0.0658 -0.4146 -0.9076
vn 0.0588 -0.3920 -0.9181
vn 0.0528 -0.3708 -0.9272
vn 0.0803 -0.3726 -0.9245
vn 0.0287 -0.3909 -0.9200
vn 0.0320 -0.4133 -0.9100
vn 0.0256 -0.3695 -0.9289
vn 0.0204 -0.3296 -0.9439
vn 0.0228 -0.3491 -0.9368
vn 0.0420 -0.3307 -0.9428
vn 0.0471 -0.3503 -0.9355
vn 0.0721 -0.3523 -0.9331
vn 0.0640 -0.3324 -0.9410
vn 0.0134 -0.2610 -0.9652
vn 0.0146 -0.2769 -0.9608
vn 0.0275 -0.2613 -0.9649
vn 0.0297 -0.2774 -0.9603
vn 0.0334 -0.2944 -0.9551
vn 0.0162 -0.2936 -0.9558
vn 0.0581 -0.2626 -0.9632
vn 0.0634 -0.2796 -0.9580
vn 0.0464 -0.2783 -0.9594
vn 0.0424 -0.2618 -0.9642
vn 0.0701 -0.2973 -0.9522
vn 0.0515 -0.2956 -0.9539
vn 0.0574 -0.3137 -0.9478
vn 0.0780 -0.3158 -0.9456
vn 0.0374 -0.3121 -0.9493
vn 0.0182 -0.3111 -0.9502
vn 0.0740 -0.2635 -0.9618
vn 0.0811 -0.2811 -0.9562
vn 0.0911 -0.2645 -0.9601
vn 0.0988 -0.2827 -0.9541
vn 0.1089 -0.3017 -0.9472
vn 0.0893 -0.2994 -0.9499
vn 0.1176 -0.2844 -0.9515
vn 0.1082 -0.2655 -0.9580
vn 0.1281 -0.3039 -0.9440
vn 0.1411 -0.3239 -0.9355
vn 0.1200 -0.3210 -0.9394
vn 0.0991 -0.3183 -0.9428
vn 0.0698 -0.0398 -0.9968
vn 0.0631 -0.0009 -0.9980
vn 0.0592 -0.0428 -0.9973
vn 0.0534 -0.0033 -0.9986
vn 0.0459 0.0356 -0.9983
vn 0.0549 0.0371 -0.9978
vn 0.0389 -0.0494 -0.9980
vn 0.0351 -0.0091 -0.9993
vn 0.0441 -0.0061 -0.9990
vn 0.0492 -0.0462 -0.9977
vn 0.0298 0.0314 -0.9991
vn 0.0381 0.0336 -0.9987
vn 0.0115 0.1148 -0.9933
vn 0.0171 0.1147 -0.9933
vn 0.0287 0.0737 -0.9969
vn 0.0225 0.0725 -0.9971
vn 0.0229 0.1139 -0.9932
vn 0.0363 0.0745 -0.9966
vn 0.0436 0.0746 -0.9963
vn 0.0300 0.1128 -0.9932
vn 0.0289 -0.0525 -0.9982
vn 0.0262 -0.0119 -0.9996
vn 0.0191 -0.0550 -0.9983
vn 0.0176 -0.0146 -0.9997
vn 0.0146 0.0272 -0.9995
vn 0.0222 0.0291 -0.9993
vn 0.0086 -0.0160 -0.9998
vn 0.0094 -0.0567 -0.9983
vn 0.0072 0.0258 -0.9996
vn 0.0016 0.1141 -0.9935
vn 0.0049 0.0690 -0.9976
vn 0.0040 0.1144 -0.9934
vn 0.0107 0.0699 -0.9975
vn 0.0160 0.0712 -0.9973
vn 0.0078 0.1147 -0.9934
vn -0.0184 0.2666 -0.9636
vn -0.0323 0.2638 -0.9640
vn -0.0169 0.2107 -0.9774
vn -0.0098 0.2124 -0.9771
vn -0.0454 0.2543 -0.9661
vn -0.0414 0.2594 -0.9649
vn -0.0219 0.2049 -0.9785
vn -0.0206 0.2084 -0.9778
vn -0.0048 0.1602 -0.9871
vn -0.0025 0.1589 -0.9873
vn -0.0049 0.1612 -0.9869
vn -0.0032 0.1618 -0.9868
vn -0.0459 0.2483 -0.9676
vn -0.0417 0.2424 -0.9693
vn -0.0159 0.1971 -0.9803
vn -0.0195 0.2014 -0.9793
vn -0.0355 0.2363 -0.9710
vn -0.0091 0.1928 -0.9812
vn 0.0120 0.1517 -0.9883
vn 0.0055 0.1546 -0.9880
vn 0.0004 0.1569 -0.9876
vn 0.6012 -0.7908 -0.1148
vn 0.6255 -0.7723 -0.1105
vn 0.5668 -0.8151 -0.1197
vn 0.5526 -0.8003 -0.2326
vn 0.5881 -0.7775 -0.2226
vn 0.6131 -0.7604 -0.2143
vn 0.4524 -0.8820 -0.1323
vn 0.5182 -0.8460 -0.1257
vn 0.4385 -0.8614 -0.2564
vn 0.5046 -0.8282 -0.2437
vn 0.3937 -0.7938 -0.4635
vn 0.4578 -0.7704 -0.4437
vn 0.4834 -0.8022 -0.3504
vn 0.4183 -0.8307 -0.3674
vn 0.5065 -0.7502 -0.4250
vn 0.5324 -0.7775 -0.3346
vn 0.5708 -0.7207 -0.3935
vn 0.5943 -0.7426 -0.3089
vn 0.5683 -0.7577 -0.3207
vn 0.5439 -0.7334 -0.4079
vn 0.3648 -0.9206 -0.1390
vn 0.2557 -0.9558 -0.1453
vn 0.2463 -0.9277 -0.2804
vn 0.3529 -0.8961 -0.2691
vn 0.1302 -0.9801 -0.1495
vn 0.1251 -0.9492 -0.2887
vn 0.1084 -0.8524 -0.5115
vn 0.1175 -0.9047 -0.4095
vn 0.2157 -0.8387 -0.5000
vn 0.2324 -0.8867 -0.3996
vn 0.3344 -0.8605 -0.3844
vn 0.3126 -0.8179 -0.4830
vn 0.0729 -0.6539 -0.7530
vn 0.0811 -0.6984 -0.7111
vn 0.1487 -0.6513 -0.7441
vn 0.1638 -0.6932 -0.7019
vn 0.1807 -0.7396 -0.6484
vn 0.0896 -0.7463 -0.6596
vn 0.2864 -0.6403 -0.7127
vn 0.3122 -0.6763 -0.6672
vn 0.2426 -0.6858 -0.6862
vn 0.2206 -0.6462 -0.7306
vn 0.3392 -0.7146 -0.6118
vn 0.2652 -0.7280 -0.6322
vn 0.2891 -0.7728 -0.5650
vn 0.3667 -0.7543 -0.5446
vn 0.1980 -0.7884 -0.5825
vn 0.0991 -0.7988 -0.5933
vn 0.3428 -0.6340 -0.6932
vn 0.3710 -0.6666 -0.6465
vn 0.3896 -0.6281 -0.6736
vn 0.4190 -0.6580 -0.6257
vn 0.4489 -0.6887 -0.5694
vn 0.4002 -0.7010 -0.5903
vn 0.4873 -0.6458 -0.5879
vn 0.4572 -0.6510 -0.6059
vn 0.4278 -0.6239 -0.6540
vn 0.5161 -0.6712 -0.5322
vn 0.4869 -0.6788 -0.5498
vn 0.5160 -0.7066 -0.4842
vn 0.5445 -0.6965 -0.4674
vn 0.4786 -0.7198 -0.5028
vn 0.4293 -0.7358 -0.5237
vn 0.0123 -0.2446 -0.9696
vn 0.0115 -0.2262 -0.9740
vn 0.0237 -0.2260 -0.9738
vn 0.0251 -0.2447 -0.9693
vn 0.0105 -0.1828 -0.9831
vn 0.0109 -0.2058 -0.9785
vn 0.0217 -0.1820 -0.9831
vn 0.0224 -0.2052 -0.9785
vn 0.0457 -0.1791 -0.9828
vn 0.0478 -0.2035 -0.9779
vn 0.0348 -0.2045 -0.9783
vn 0.0334 -0.1807 -0.9830
vn 0.0504 -0.2253 -0.9730
vn 0.0368 -0.2257 -0.9735
vn 0.0393 -0.2448 -0.9688
vn 0.0539 -0.2450 -0.9680
vn 0.0103 -0.1569 -0.9876
vn 0.0101 -0.1276 -0.9918
vn 0.0207 -0.1263 -0.9918
vn 0.0211 -0.1558 -0.9876
vn 0.0099 -0.0944 -0.9955
vn 0.0202 -0.0928 -0.9955
vn 0.0413 -0.0876 -0.9953
vn 0.0307 -0.0905 -0.9954
vn 0.0429 -0.1215 -0.9917
vn 0.0317 -0.1241 -0.9918
vn 0.0325 -0.1541 -0.9875
vn 0.0442 -0.1519 -0.9874
vn 0.0868 -0.0746 -0.9934
vn 0.0749 -0.0776 -0.9942
vn 0.0916 -0.1093 -0.9898
vn 0.0788 -0.1123 -0.9905
vn 0.0665 -0.1154 -0.9911
vn 0.0634 -0.0809 -0.9947
vn 0.1001 -0.1710 -0.9802
vn 0.0858 -0.1731 -0.9812
vn 0.0822 -0.1441 -0.9861
vn 0.0958 -0.1414 -0.9853
vn 0.0720 -0.1753 -0.9819
vn 0.0692 -0.1468 -0.9867
vn 0.0565 -0.1495 -0.9872
vn 0.0586 -0.1773 -0.9824
vn 0.0545 -0.1186 -0.9914
vn 0.0522 -0.0843 -0.9951
vn 0.1047 -0.1981 -0.9746
vn 0.0899 -0.1996 -0.9757
vn 0.1109 -0.2231 -0.9685
vn 0.0951 -0.2238 -0.9700
vn 0.0797 -0.2244 -0.9712
vn 0.0750 -0.2010 -0.9767
vn 0.1014 -0.2458 -0.9640
vn 0.1180 -0.2459 -0.9621
vn 0.0846 -0.2455 -0.9657
vn 0.0691 -0.2453 -0.9670
vn 0.0647 -0.2249 -0.9722
vn 0.0613 -0.2023 -0.9774
vn 0.1342 -0.2456 -0.9600
vn 0.1262 -0.2221 -0.9668
vn 0.1415 -0.2209 -0.9650
vn 0.1496 -0.2450 -0.9579
vn 0.1141 -0.1686 -0.9791
vn 0.1200 -0.1965 -0.9731
vn 0.1292 -0.1666 -0.9775
vn 0.1348 -0.1947 -0.9715
vn 0.1614 -0.1635 -0.9732
vn 0.1663 -0.1918 -0.9672
vn 0.1500 -0.1932 -0.9696
vn 0.1445 -0.1647 -0.9757
vn 0.1731 -0.2189 -0.9603
vn 0.1565 -0.2196 -0.9630
vn 0.1652 -0.2442 -0.9556
vn 0.1815 -0.2435 -0.9528
vn 0.1098 -0.1388 -0.9842
vn 0.1050 -0.1066 -0.9887
vn 0.1194 -0.1044 -0.9873
vn 0.1243 -0.1365 -0.9828
vn 0.0997 -0.0721 -0.9924
vn 0.1137 -0.0703 -0.9910
vn 0.1479 -0.0696 -0.9865
vn 0.1298 -0.0694 -0.9891
vn 0.1530 -0.1023 -0.9829
vn 0.1355 -0.1028 -0.9854
vn 0.1399 -0.1346 -0.9810
vn 0.1572 -0.1336 -0.9785
vn 0.2453 -0.0871 -0.9655
vn 0.2170 -0.0797 -0.9729
vn 0.2473 -0.1183 -0.9617
vn 0.2207 -0.1102 -0.9691
vn 0.1953 -0.1057 -0.9750
vn 0.1917 -0.0742 -0.9787
vn 0.2494 -0.1769 -0.9521
vn 0.2244 -0.1690 -0.9597
vn 0.2226 -0.1404 -0.9648
vn 0.2492 -0.1476 -0.9571
vn 0.2011 -0.1652 -0.9655
vn 0.1983 -0.1355 -0.9707
vn 0.1765 -0.1338 -0.9752
vn 0.1799 -0.1632 -0.9700
vn 0.1729 -0.1031 -0.9795
vn 0.1683 -0.0711 -0.9832
vn 0.2497 -0.2034 -0.9467
vn 0.2260 -0.1972 -0.9540
vn 0.2489 -0.2277 -0.9414
vn 0.2280 -0.2213 -0.9482
vn 0.2085 -0.2192 -0.9531
vn 0.2042 -0.1932 -0.9597
vn 0.2315 -0.2437 -0.9418
vn 0.2485 -0.2471 -0.9366
vn 0.2143 -0.2427 -0.9461
vn 0.1981 -0.2430 -0.9496
vn 0.1904 -0.2185 -0.9571
vn 0.1846 -0.1919 -0.9639
vn 0.2653 -0.2572 -0.9292
vn 0.2708 -0.2377 -0.9328
vn 0.2908 -0.2520 -0.9230
vn 0.2843 -0.2714 -0.9195
vn 0.2755 -0.1876 -0.9428
vn 0.2729 -0.2146 -0.9378
vn 0.2992 -0.2018 -0.9326
vn 0.2963 -0.2283 -0.9274
vn 0.3439 -0.2347 -0.9092
vn 0.3387 -0.2617 -0.9038
vn 0.3170 -0.2443 -0.9164
vn 0.3229 -0.2173 -0.9212
vn 0.3300 -0.2853 -0.8998
vn 0.3111 -0.2678 -0.9119
vn 0.3013 -0.2873 -0.9092
vn 0.3210 -0.3051 -0.8966
vn 0.2753 -0.1590 -0.9481
vn 0.2754 -0.1286 -0.9527
vn 0.3010 -0.1421 -0.9430
vn 0.3016 -0.1723 -0.9377
vn 0.2731 -0.0979 -0.9570
vn 0.3009 -0.1099 -0.9473
vn 0.3529 -0.1397 -0.9252
vn 0.3266 -0.1244 -0.9369
vn 0.3506 -0.1734 -0.9203
vn 0.3269 -0.1567 -0.9320
vn 0.3249 -0.1881 -0.9269
vn 0.3487 -0.2049 -0.9146
vn 0.4662 -0.2119 -0.8589
vn 0.4341 -0.1926 -0.8801
vn 0.4583 -0.2495 -0.8531
vn 0.4281 -0.2288 -0.8743
vn 0.4004 -0.2094 -0.8921
vn 0.4057 -0.1739 -0.8973
vn 0.4398 -0.3154 -0.8409
vn 0.4127 -0.2932 -0.8624
vn 0.4206 -0.2625 -0.8684
vn 0.4494 -0.2841 -0.8470
vn 0.3879 -0.2725 -0.8805
vn 0.3952 -0.2423 -0.8861
vn 0.3710 -0.2232 -0.9014
vn 0.3661 -0.2531 -0.8955
vn 0.3755 -0.1907 -0.9070
vn 0.3783 -0.1565 -0.9123
vn 0.4296 -0.3435 -0.8352
vn 0.4031 -0.3206 -0.8572
vn 0.4180 -0.3673 -0.8309
vn 0.3931 -0.3446 -0.8525
vn 0.3705 -0.3235 -0.8706
vn 0.3804 -0.2998 -0.8749
vn 0.3816 -0.3647 -0.8493
vn 0.4062 -0.3876 -0.8275
vn 0.3604 -0.3438 -0.8671
vn 0.3403 -0.3242 -0.8827
vn 0.3508 -0.3041 -0.8857
vn 0.3589 -0.2804 -0.8903
vn 0.6144 -0.6088 -0.5018
vn 0.6373 -0.6256 -0.4500
vn 0.6222 -0.6350 -0.4579
vn 0.5988 -0.6176 -0.5098
vn 0.6793 -0.6562 -0.3285
vn 0.6591 -0.6415 -0.3926
vn 0.6652 -0.6672 -0.3352
vn 0.6446 -0.6517 -0.3997
vn 0.6379 -0.6856 -0.3508
vn 0.6158 -0.6679 -0.4180
vn 0.6302 -0.6604 -0.4083
vn 0.6515 -0.6769 -0.3426
vn 0.5920 -0.6492 -0.4776
vn 0.6072 -0.6427 -0.4672
vn 0.5832 -0.6246 -0.5194
vn 0.5672 -0.6300 -0.5304
vn 0.6971 -0.6692 -0.2573
vn 0.7113 -0.6798 -0.1787
vn 0.6981 -0.6923 -0.1827
vn 0.6834 -0.6811 -0.2629
vn 0.7208 -0.6869 -0.0927
vn 0.7079 -0.7000 -0.0947
vn 0.6836 -0.7231 -0.0991
vn 0.6956 -0.7119 -0.0969
vn 0.6732 -0.7143 -0.1913
vn 0.6857 -0.7035 -0.1868
vn 0.6703 -0.6916 -0.2688
vn 0.6575 -0.7014 -0.2753
vn 0.6435 -0.7579 -0.1071
vn 0.6317 -0.7470 -0.2073
vn 0.6470 -0.7354 -0.2013
vn 0.6583 -0.7455 -0.1041
vn 0.5917 -0.7107 -0.3806
vn 0.6136 -0.7309 -0.2987
vn 0.6087 -0.7020 -0.3697
vn 0.6300 -0.7204 -0.2901
vn 0.6442 -0.7108 -0.2823
vn 0.6240 -0.6938 -0.3595
vn 0.6606 -0.7247 -0.1961
vn 0.6714 -0.7341 -0.1015
vn 0.5661 -0.6885 -0.4533
vn 0.5393 -0.6654 -0.5162
vn 0.5586 -0.6601 -0.5022
vn 0.5845 -0.6816 -0.4403
vn 0.5113 -0.6418 -0.5715
vn 0.5319 -0.6383 -0.5564
vn 0.5503 -0.6345 -0.5428
vn 0.5760 -0.6549 -0.4893
vn 0.6007 -0.6751 -0.4283
vn 0.2867 0.7492 -0.5970
vn 0.3957 0.7109 -0.5814
vn 0.3000 0.7968 -0.5245
vn 0.4134 0.7550 -0.5090
vn 0.5093 0.7051 -0.4934
vn 0.4886 0.6651 -0.5647
vn 0.3222 0.8737 -0.3646
vn 0.4416 0.8255 -0.3516
vn 0.4286 0.7932 -0.4326
vn 0.3119 0.8387 -0.4464
vn 0.5414 0.7689 -0.3401
vn 0.5271 0.7398 -0.4182
vn 0.6969 0.6412 -0.3211
vn 0.6803 0.6173 -0.3952
vn 0.6098 0.6809 -0.4056
vn 0.6257 0.7072 -0.3293
vn 0.6597 0.5892 -0.4665
vn 0.5908 0.6495 -0.4787
vn 0.5679 0.6135 -0.5488
vn 0.6358 0.5572 -0.5342
vn 0.3307 0.9020 -0.2777
vn 0.4517 0.8510 -0.2679
vn 0.3369 0.9226 -0.1878
vn 0.4591 0.8699 -0.1802
vn 0.5610 0.8093 -0.1741
vn 0.5529 0.7923 -0.2580
vn 0.4636 0.8814 -0.0911
vn 0.3408 0.9353 -0.0949
vn 0.5659 0.8198 -0.0877
vn 0.7251 0.6836 -0.0834
vn 0.6519 0.7535 -0.0852
vn 0.7194 0.6747 -0.1649
vn 0.6466 0.7440 -0.1685
vn 0.6378 0.7283 -0.2505
vn 0.7100 0.6604 -0.2444
vn 0.9323 0.3527 -0.0799
vn 0.8914 0.4461 -0.0807
vn 0.9245 0.3472 -0.1573
vn 0.8841 0.4395 -0.1588
vn 0.8367 0.5237 -0.1603
vn 0.8433 0.5312 -0.0814
vn 0.8948 0.3272 -0.3037
vn 0.8563 0.4155 -0.3069
vn 0.8723 0.4292 -0.2344
vn 0.9118 0.3386 -0.2324
vn 0.8108 0.4963 -0.3104
vn 0.8258 0.5119 -0.2367
vn 0.7720 0.5886 -0.2399
vn 0.7580 0.5711 -0.3151
vn 0.7821 0.6017 -0.1621
vn 0.7882 0.6099 -0.0822
vn 0.8736 0.3134 -0.3722
vn 0.8363 0.3988 -0.3763
vn 0.8484 0.2976 -0.4378
vn 0.8127 0.3793 -0.4423
vn 0.7693 0.4550 -0.4486
vn 0.7921 0.4771 -0.3807
vn 0.7847 0.3581 -0.5060
vn 0.8193 0.2799 -0.5004
vn 0.7431 0.4298 -0.5128
vn 0.6934 0.4960 -0.5227
vn 0.7187 0.5245 -0.4564
vn 0.7403 0.5496 -0.3872
vn 0.8452 0.1987 -0.4961
vn 0.8756 0.2123 -0.4339
vn 0.8931 0.1289 -0.4311
vn 0.8617 0.1188 -0.4933
vn 0.9242 0.2354 -0.3008
vn 0.9020 0.2246 -0.3687
vn 0.9433 0.1457 -0.2983
vn 0.9203 0.1378 -0.3661
vn 0.9551 -0.0239 -0.2952
vn 0.9314 -0.0265 -0.3629
vn 0.9298 0.0540 -0.3642
vn 0.9532 0.0591 -0.2965
vn 0.9033 -0.0292 -0.4279
vn 0.9018 0.0482 -0.4294
vn 0.8701 0.0421 -0.4912
vn 0.8713 -0.0320 -0.4898
vn 0.9421 0.2442 -0.2296
vn 0.9554 0.2510 -0.1556
vn 0.9755 0.1572 -0.1541
vn 0.9618 0.1522 -0.2275
vn 0.9636 0.2553 -0.0790
vn 0.9839 0.1607 -0.0782
vn 0.9969 -0.0184 -0.0770
vn 0.9946 0.0689 -0.0775
vn 0.9882 -0.0197 -0.1521
vn 0.9860 0.0668 -0.1529
vn 0.9721 0.0634 -0.2259
vn 0.9741 -0.0216 -0.2249
vn 0.9630 -0.2582 -0.0772
vn 0.9543 -0.2571 -0.1523
vn 0.9716 -0.1813 -0.1518
vn 0.9804 -0.1813 -0.0769
vn 0.9216 -0.2524 -0.2950
vn 0.9404 -0.2552 -0.2249
vn 0.9387 -0.1793 -0.2946
vn 0.9576 -0.1805 -0.2244
vn 0.9691 -0.1028 -0.2244
vn 0.9500 -0.1033 -0.2946
vn 0.9831 -0.1023 -0.1517
vn 0.9918 -0.1019 -0.0768
vn 0.8985 -0.2486 -0.3619
vn 0.8712 -0.2439 -0.4261
vn 0.8875 -0.1749 -0.4263
vn 0.9151 -0.1775 -0.3621
vn 0.8404 -0.2379 -0.4869
vn 0.8559 -0.1715 -0.4879
vn 0.8663 -0.1030 -0.4888
vn 0.8983 -0.1035 -0.4270
vn 0.9263 -0.1035 -0.3622
vn -0.3529 0.7330 -0.5815
vn -0.2993 0.7468 -0.5939
vn -0.3784 0.7719 -0.5109
vn -0.3203 0.7888 -0.5245
vn -0.2587 0.8050 -0.5339
vn -0.2417 0.7594 -0.6040
vn -0.4196 0.8347 -0.3567
vn -0.3546 0.8589 -0.3695
vn -0.3389 0.8267 -0.4491
vn -0.4005 0.8056 -0.4365
vn -0.2859 0.8808 -0.3776
vn -0.2735 0.8455 -0.4586
vn -0.1262 0.9139 -0.3857
vn -0.1211 0.8752 -0.4683
vn -0.2017 0.8621 -0.4649
vn -0.2105 0.8994 -0.3831
vn -0.1146 0.8308 -0.5447
vn -0.1909 0.8193 -0.5407
vn -0.1782 0.7716 -0.6106
vn -0.1064 0.7813 -0.6151
vn -0.4350 0.8578 -0.2738
vn -0.3674 0.8858 -0.2836
vn -0.4463 0.8754 -0.1857
vn -0.3768 0.9059 -0.1933
vn -0.3031 0.9320 -0.1986
vn -0.2958 0.9097 -0.2914
vn -0.3827 0.9186 -0.0985
vn -0.4537 0.8861 -0.0946
vn -0.3076 0.9461 -0.1014
vn -0.1339 0.9856 -0.1035
vn -0.2255 0.9688 -0.1030
vn -0.1324 0.9702 -0.2029
vn -0.2224 0.9538 -0.2021
vn -0.2174 0.9303 -0.2953
vn -0.1299 0.9458 -0.2976
vn 0.2087 0.9730 -0.0982
vn 0.2061 0.9591 -0.1940
vn 0.0819 0.9765 -0.1992
vn 0.0836 0.9913 -0.1012
vn 0.1952 0.9065 -0.3745
vn 0.2011 0.9367 -0.2868
vn 0.0764 0.9210 -0.3819
vn 0.0794 0.9528 -0.2929
vn -0.0313 0.9546 -0.2964
vn -0.0309 0.9222 -0.3854
vn -0.0313 0.9789 -0.2020
vn -0.0311 0.9942 -0.1029
vn 0.1882 0.8687 -0.4582
vn 0.1807 0.8246 -0.5361
vn 0.0706 0.8368 -0.5429
vn 0.0734 0.8821 -0.4653
vn 0.1727 0.7746 -0.6084
vn 0.0682 0.7859 -0.6146
vn -0.0248 0.7869 -0.6166
vn -0.0278 0.8376 -0.5456
vn -0.0298 0.8830 -0.4685
vn 0.5996 -0.5474 -0.5838
vn 0.5733 -0.5275 -0.6270
vn 0.5911 -0.5073 -0.6271
vn 0.6184 -0.5274 -0.5827
vn 0.5177 -0.4835 -0.7058
vn 0.5457 -0.5059 -0.6680
vn 0.5332 -0.4629 -0.7080
vn 0.5626 -0.4860 -0.6688
vn 0.5661 -0.4079 -0.7163
vn 0.5985 -0.4304 -0.6757
vn 0.5802 -0.4604 -0.6719
vn 0.5495 -0.4378 -0.7116
vn 0.6304 -0.4508 -0.6319
vn 0.6102 -0.4818 -0.6289
vn 0.6389 -0.5017 -0.5832
vn 0.6608 -0.4701 -0.5851
vn 0.4890 -0.4597 -0.7413
vn 0.4609 -0.4360 -0.7730
vn 0.4744 -0.4154 -0.7762
vn 0.5037 -0.4394 -0.7438
vn 0.4331 -0.4116 -0.8019
vn 0.4459 -0.3914 -0.8050
vn 0.4698 -0.3385 -0.8153
vn 0.4580 -0.3668 -0.8097
vn 0.5013 -0.3619 -0.7860
vn 0.4880 -0.3907 -0.7805
vn 0.5188 -0.4142 -0.7478
vn 0.5335 -0.3851 -0.7530
vn 0.5014 -0.2315 -0.8337
vn 0.5384 -0.2510 -0.8044
vn 0.5267 -0.2918 -0.7984
vn 0.4916 -0.2706 -0.8277
vn 0.6159 -0.2888 -0.7330
vn 0.5767 -0.2702 -0.7709
vn 0.5997 -0.3334 -0.7275
vn 0.5629 -0.3128 -0.7651
vn 0.5483 -0.3512 -0.7590
vn 0.5830 -0.3731 -0.7217
vn 0.5142 -0.3289 -0.7921
vn 0.4810 -0.3064 -0.8215
vn 0.6550 -0.3066 -0.6906
vn 0.6933 -0.3231 -0.6442
vn 0.6726 -0.3712 -0.6401
vn 0.6366 -0.3531 -0.6856
vn 0.7299 -0.3382 -0.5940
vn 0.7071 -0.3885 -0.5908
vn 0.6837 -0.4325 -0.5878
vn 0.6514 -0.4142 -0.6358
vn 0.6176 -0.3942 -0.6806
vn -0.1916 0.8235 -0.5340
vn -0.2105 0.8606 -0.4637
vn -0.3558 0.8166 -0.4545
vn -0.3280 0.7862 -0.5237
vn -0.2411 0.9173 -0.3168
vn -0.2262 0.8913 -0.3929
vn -0.4026 0.8622 -0.3075
vn -0.3818 0.8420 -0.3811
vn -0.5320 0.7899 -0.3051
vn -0.5078 0.7733 -0.3796
vn -0.4686 0.7990 -0.3768
vn -0.4933 0.8157 -0.3020
vn -0.4781 0.7524 -0.4532
vn -0.4405 0.7773 -0.4493
vn -0.4072 0.7503 -0.5208
vn -0.4447 0.7261 -0.5244
vn -0.2520 0.9373 -0.2407
vn -0.2612 0.9517 -0.1612
vn -0.4326 0.8881 -0.1554
vn -0.4206 0.8773 -0.2312
vn -0.2660 0.9605 -0.0815
vn -0.4410 0.8941 -0.0777
vn -0.5748 0.8147 -0.0769
vn -0.5342 0.8420 -0.0761
vn -0.5655 0.8103 -0.1535
vn -0.5263 0.8367 -0.1518
vn -0.5118 0.8284 -0.2276
vn -0.5521 0.8017 -0.2293
vn -0.5142 0.8530 -0.0892
vn -0.5062 0.8442 -0.1763
vn -0.5485 0.8193 -0.1669
vn -0.5573 0.8260 -0.0842
vn -0.4760 0.8101 -0.3423
vn -0.4933 0.8299 -0.2607
vn -0.5162 0.7916 -0.3270
vn -0.5352 0.8075 -0.2480
vn -0.5559 0.7968 -0.2369
vn -0.5370 0.7830 -0.3139
vn -0.5703 0.8060 -0.1587
vn -0.5784 0.8119 -0.0797
vn -0.4543 0.7855 -0.4202
vn -0.4288 0.7555 -0.4954
vn -0.4653 0.7448 -0.4783
vn -0.4929 0.7706 -0.4040
vn -0.3999 0.7212 -0.5656
vn -0.4336 0.7138 -0.5500
vn -0.4503 0.7150 -0.5348
vn -0.4835 0.7425 -0.4635
vn -0.5124 0.7652 -0.3897
vn 0.0660 -0.6149 -0.7859
vn 0.0593 -0.5786 -0.8134
vn 0.1218 -0.5782 -0.8067
vn 0.1341 -0.6128 -0.7787
vn 0.0483 -0.5155 -0.8555
vn 0.0537 -0.5462 -0.8359
vn 0.0995 -0.5165 -0.8505
vn 0.1097 -0.5458 -0.8307
vn 0.1992 -0.5174 -0.8322
vn 0.2181 -0.5455 -0.8092
vn 0.1659 -0.5460 -0.8212
vn 0.1501 -0.5167 -0.8429
vn 0.2397 -0.5754 -0.7820
vn 0.1824 -0.5767 -0.7963
vn 0.2012 -0.6104 -0.7661
vn 0.2619 -0.6066 -0.7506
vn 0.0438 -0.4879 -0.8718
vn 0.0395 -0.4616 -0.8862
vn 0.0812 -0.4627 -0.8828
vn 0.0896 -0.4884 -0.8680
vn 0.0356 -0.4369 -0.8988
vn 0.0728 -0.4377 -0.8961
vn 0.1486 -0.4422 -0.8845
vn 0.1113 -0.4400 -0.8911
vn 0.1643 -0.4663 -0.8692
vn 0.1230 -0.4641 -0.8772
vn 0.1363 -0.4898 -0.8611
vn 0.1807 -0.4913 -0.8521
vn 0.2476 -0.4516 -0.8572
vn 0.2698 -0.4745 -0.8379
vn 0.2382 -0.4716 -0.8490
vn 0.2170 -0.4483 -0.8672
vn 0.3179 -0.5218 -0.7916
vn 0.2932 -0.4978 -0.8162
vn 0.2834 -0.5202 -0.8057
vn 0.2598 -0.4954 -0.8289
vn 0.2225 -0.4933 -0.8409
vn 0.2433 -0.5187 -0.8196
vn 0.2023 -0.4685 -0.8600
vn 0.1845 -0.4453 -0.8762
vn 0.3439 -0.5462 -0.7638
vn 0.3711 -0.5718 -0.7317
vn 0.3342 -0.5724 -0.7488
vn 0.3082 -0.5459 -0.7791
vn 0.3989 -0.5973 -0.6958
vn 0.3614 -0.5999 -0.7138
vn 0.3159 -0.6029 -0.7326
vn 0.2904 -0.5737 -0.7659
vn 0.2663 -0.5453 -0.7948
vt 0.102000 0.155900
vt 0.099300 0.151400
vt 0.110000 0.139700
vt 0.112200 0.144600
vt 0.096700 0.147300
vt 0.107800 0.135200
vt 0.119200 0.123500
vt 0.121100 0.128400
vt 0.122900 0.133700
vt 0.091700 0.140000
vt 0.103500 0.127300
vt 0.105600 0.131100
vt 0.094200 0.143500
vt 0.115700 0.114800
vt 0.117500 0.118900
vt 0.140400 0.091000
vt 0.141500 0.095900
vt 0.129500 0.107200
vt 0.128100 0.102700
vt 0.142600 0.101200
vt 0.130900 0.112100
vt 0.144600 0.113200
vt 0.133700 0.123100
vt 0.132300 0.117400
vt 0.143600 0.107000
vt 0.089400 0.136900
vt 0.101500 0.123900
vt 0.087000 0.134000
vt 0.099400 0.120700
vt 0.112300 0.107500
vt 0.114000 0.111000
vt 0.081200 0.128700
vt 0.095000 0.114700
vt 0.097300 0.117600
vt 0.084500 0.131300
vt 0.108900 0.100700
vt 0.110600 0.104100
vt 0.136500 0.072800
vt 0.137200 0.077900
vt 0.124000 0.090700
vt 0.122700 0.086800
vt 0.138200 0.082200
vt 0.125300 0.094600
vt 0.126600 0.098500
vt 0.139300 0.086500
vt 0.187800 0.027800
vt 0.186200 0.035300
vt 0.174900 0.044500
vt 0.175000 0.039000
vt 0.185800 0.041200
vt 0.174900 0.049900
vt 0.163200 0.059800
vt 0.162700 0.055000
vt 0.162200 0.050300
vt 0.186100 0.052700
vt 0.175600 0.060700
vt 0.175200 0.055200
vt 0.185900 0.046900
vt 0.164400 0.069900
vt 0.163800 0.064700
vt 0.151700 0.075200
vt 0.152600 0.080100
vt 0.150900 0.070600
vt 0.149400 0.061500
vt 0.150100 0.066100
vt 0.186200 0.058900
vt 0.175900 0.066700
vt 0.186200 0.065700
vt 0.176100 0.073200
vt 0.165400 0.081700
vt 0.164900 0.075600
vt 0.186000 0.080600
vt 0.176300 0.087500
vt 0.176200 0.080100
vt 0.186100 0.072900
vt 0.166100 0.095200
vt 0.165800 0.088200
vt 0.154800 0.097200
vt 0.155500 0.103800
vt 0.154100 0.091100
vt 0.153400 0.085300
vt 0.034000 0.347500
vt 0.037600 0.351700
vt 0.035300 0.357500
vt 0.031100 0.349700
vt 0.043000 0.357200
vt 0.040800 0.364600
vt 0.038000 0.370900
vt 0.031900 0.362200
vt 0.027100 0.352800
vt 0.057200 0.368600
vt 0.055400 0.377900
vt 0.047600 0.371500
vt 0.049600 0.363000
vt 0.053200 0.386100
vt 0.045100 0.378900
vt 0.048100 0.400000
vt 0.039200 0.391000
vt 0.042200 0.385300
vt 0.050700 0.393400
vt 0.031000 0.381300
vt 0.034600 0.376400
vt 0.015400 0.360800
vt 0.022200 0.356200
vt 0.027700 0.366800
vt 0.023400 0.371000
vt 0.065600 0.373700
vt 0.064000 0.383600
vt 0.074600 0.378100
vt 0.073400 0.388500
vt 0.071900 0.398000
vt 0.062200 0.392500
vt 0.094200 0.384100
vt 0.093600 0.395200
vt 0.083300 0.392400
vt 0.084200 0.381600
vt 0.092800 0.405500
vt 0.082100 0.402400
vt 0.090700 0.423600
vt 0.079200 0.419800
vt 0.080700 0.411500
vt 0.091800 0.414900
vt 0.068200 0.414500
vt 0.070100 0.406600
vt 0.060000 0.400600
vt 0.057800 0.407800
vt 0.085000 0.457500
vt 0.072400 0.449200
vt 0.074300 0.441800
vt 0.086800 0.447200
vt 0.059900 0.440900
vt 0.062100 0.434600
vt 0.064200 0.428100
vt 0.076000 0.434500
vt 0.088200 0.439200
vt 0.034800 0.424300
vt 0.039200 0.417100
vt 0.050200 0.426500
vt 0.047400 0.432600
vt 0.042500 0.411400
vt 0.053000 0.420500
vt 0.055500 0.414300
vt 0.045400 0.405800
vt 0.066300 0.421500
vt 0.089500 0.431500
vt 0.077700 0.427300
vt 0.026100 0.410700
vt 0.029600 0.405800
vt 0.017400 0.397200
vt 0.020900 0.393400
vt 0.024300 0.389600
vt 0.033000 0.401000
vt 0.000000 0.370000
vt 0.003900 0.367700
vt 0.012300 0.380600
vt 0.008700 0.383600
vt 0.007700 0.365400
vt 0.015900 0.377600
vt 0.019500 0.374500
vt 0.011600 0.363100
vt 0.027600 0.385600
vt 0.036200 0.396100
vt 0.185800 0.088800
vt 0.176300 0.095300
vt 0.185500 0.097500
vt 0.176200 0.103600
vt 0.166500 0.110600
vt 0.166400 0.102700
vt 0.184500 0.116200
vt 0.175600 0.121700
vt 0.176000 0.112400
vt 0.185000 0.106600
vt 0.166400 0.127900
vt 0.166600 0.119000
vt 0.147900 0.142100
vt 0.147300 0.134300
vt 0.157000 0.126300
vt 0.157200 0.134700
vt 0.146500 0.126800
vt 0.156600 0.118400
vt 0.156100 0.110900
vt 0.145600 0.119800
vt 0.183800 0.126200
vt 0.175100 0.131400
vt 0.183000 0.136800
vt 0.174400 0.141600
vt 0.165700 0.147000
vt 0.166200 0.137200
vt 0.181000 0.159200
vt 0.172500 0.163500
vt 0.173500 0.152300
vt 0.182100 0.147700
vt 0.164000 0.168100
vt 0.164900 0.157300
vt 0.147500 0.177700
vt 0.148200 0.168100
vt 0.156400 0.162600
vt 0.155600 0.172900
vt 0.148400 0.159000
vt 0.157000 0.152800
vt 0.157200 0.143600
vt 0.148300 0.150300
vt 0.122400 0.193800
vt 0.120600 0.190700
vt 0.126400 0.184600
vt 0.126600 0.191000
vt 0.118300 0.186500
vt 0.125000 0.178900
vt 0.132300 0.171900
vt 0.132900 0.179200
vt 0.132700 0.187000
vt 0.113000 0.176500
vt 0.121100 0.167100
vt 0.123200 0.173000
vt 0.115700 0.181600
vt 0.129800 0.158300
vt 0.131200 0.165000
vt 0.139600 0.157400
vt 0.138700 0.150000
vt 0.140200 0.165300
vt 0.139800 0.182500
vt 0.140300 0.173600
vt 0.110200 0.171200
vt 0.119000 0.161200
vt 0.107500 0.165900
vt 0.116800 0.155500
vt 0.126500 0.145400
vt 0.128200 0.151800
vt 0.114500 0.149900
vt 0.104700 0.160800
vt 0.124700 0.139400
vt 0.135100 0.129300
vt 0.136400 0.135900
vt 0.137600 0.142800
vt 0.171900 0.264300
vt 0.171600 0.278500
vt 0.162000 0.281100
vt 0.162400 0.267000
vt 0.171700 0.292700
vt 0.162000 0.295400
vt 0.152300 0.298000
vt 0.152400 0.283700
vt 0.152900 0.269600
vt 0.172600 0.320600
vt 0.162900 0.323600
vt 0.162300 0.309600
vt 0.172000 0.306800
vt 0.153000 0.326300
vt 0.152600 0.312200
vt 0.133300 0.330700
vt 0.133000 0.316600
vt 0.142800 0.314600
vt 0.143200 0.328700
vt 0.133000 0.302300
vt 0.142600 0.300300
vt 0.134000 0.274100
vt 0.143400 0.272000
vt 0.142800 0.286100
vt 0.133300 0.288100
vt 0.173300 0.334100
vt 0.163600 0.337300
vt 0.174300 0.347200
vt 0.164500 0.350500
vt 0.154600 0.353500
vt 0.153700 0.340100
vt 0.176600 0.371500
vt 0.166800 0.375100
vt 0.165600 0.363200
vt 0.175400 0.359700
vt 0.156600 0.378400
vt 0.155600 0.366300
vt 0.135900 0.383500
vt 0.135200 0.371200
vt 0.145400 0.369000
vt 0.146300 0.381200
vt 0.134500 0.358200
vt 0.144600 0.356100
vt 0.143800 0.342600
vt 0.133800 0.344600
vt 0.094600 0.372100
vt 0.104500 0.373200
vt 0.104500 0.385400
vt 0.094700 0.359300
vt 0.104400 0.360300
vt 0.114300 0.360400
vt 0.114600 0.373400
vt 0.114900 0.385700
vt 0.095000 0.332300
vt 0.104300 0.333100
vt 0.104300 0.346900
vt 0.094900 0.346000
vt 0.113800 0.333000
vt 0.114000 0.346900
vt 0.123900 0.346100
vt 0.123500 0.332200
vt 0.124400 0.359600
vt 0.125400 0.385000
vt 0.124900 0.372700
vt 0.095400 0.318400
vt 0.104500 0.319100
vt 0.096000 0.304500
vt 0.104900 0.305000
vt 0.114100 0.304800
vt 0.113800 0.318900
vt 0.098500 0.277100
vt 0.107000 0.277400
vt 0.105700 0.291100
vt 0.097000 0.290600
vt 0.115700 0.277000
vt 0.114700 0.290700
vt 0.123900 0.289700
vt 0.124800 0.275800
vt 0.123500 0.303800
vt 0.123400 0.318000
vt 0.043000 0.255100
vt 0.039300 0.268700
vt 0.033500 0.266300
vt 0.037500 0.252500
vt 0.036400 0.282400
vt 0.030500 0.280100
vt 0.024800 0.278200
vt 0.027900 0.264100
vt 0.032000 0.250200
vt 0.033200 0.308600
vt 0.027200 0.306800
vt 0.028400 0.293700
vt 0.034400 0.295700
vt 0.021300 0.305700
vt 0.022500 0.292100
vt 0.007500 0.304900
vt 0.010400 0.290000
vt 0.016500 0.291000
vt 0.015100 0.305000
vt 0.013400 0.275100
vt 0.019100 0.276600
vt 0.019300 0.245400
vt 0.026300 0.247900
vt 0.022200 0.262200
vt 0.016400 0.260300
vt 0.032700 0.320700
vt 0.026800 0.319200
vt 0.032800 0.331600
vt 0.027300 0.330600
vt 0.022100 0.330800
vt 0.021100 0.318600
vt 0.028600 0.340800
vt 0.033300 0.341000
vt 0.023900 0.342200
vt 0.013500 0.346800
vt 0.018800 0.344400
vt 0.011500 0.332900
vt 0.016800 0.331600
vt 0.015300 0.318600
vt 0.009500 0.318900
vt 0.484900 0.585300
vt 0.501000 0.584500
vt 0.502700 0.589400
vt 0.487200 0.590000
vt 0.516900 0.583900
vt 0.518200 0.588900
vt 0.519500 0.593700
vt 0.504500 0.594200
vt 0.489600 0.594800
vt 0.548700 0.583100
vt 0.549200 0.588000
vt 0.533600 0.588400
vt 0.532700 0.583500
vt 0.549700 0.592800
vt 0.534500 0.593200
vt 0.550100 0.601900
vt 0.536100 0.602400
vt 0.535300 0.597800
vt 0.550000 0.597400
vt 0.522100 0.603000
vt 0.520800 0.598400
vt 0.494200 0.604200
vt 0.491900 0.599500
vt 0.506300 0.598900
vt 0.508100 0.603600
vt 0.564700 0.582800
vt 0.564900 0.587700
vt 0.580700 0.582600
vt 0.580600 0.587500
vt 0.580400 0.592200
vt 0.565000 0.592500
vt 0.612100 0.582200
vt 0.611400 0.587000
vt 0.596100 0.587300
vt 0.596500 0.582400
vt 0.610600 0.591800
vt 0.595600 0.592000
vt 0.609600 0.601100
vt 0.594700 0.601300
vt 0.595200 0.596700
vt 0.610000 0.596400
vt 0.579800 0.601500
vt 0.580100 0.596900
vt 0.565000 0.597100
vt 0.565000 0.601700
vt 0.104200 0.396700
vt 0.114900 0.397100
vt 0.114800 0.407700
vt 0.103700 0.407200
vt 0.136500 0.394900
vt 0.125700 0.396500
vt 0.137100 0.405600
vt 0.125900 0.407100
vt 0.138000 0.424500
vt 0.126200 0.426100
vt 0.126100 0.417000
vt 0.137600 0.415400
vt 0.114300 0.426600
vt 0.114600 0.417600
vt 0.103100 0.416900
vt 0.102400 0.425800
vt 0.147200 0.392600
vt 0.157700 0.389700
vt 0.158800 0.400100
vt 0.148000 0.403200
vt 0.177900 0.382400
vt 0.168000 0.386200
vt 0.179200 0.392500
vt 0.169200 0.396500
vt 0.181900 0.410600
vt 0.171700 0.414900
vt 0.170500 0.406100
vt 0.180600 0.401900
vt 0.160900 0.418700
vt 0.159900 0.409800
vt 0.148800 0.413000
vt 0.149600 0.422000
vt 0.189500 0.440500
vt 0.177200 0.444900
vt 0.175600 0.437800
vt 0.186500 0.433200
vt 0.164900 0.449400
vt 0.163800 0.442100
vt 0.162800 0.434700
vt 0.174100 0.430500
vt 0.184700 0.426000
vt 0.140200 0.458200
vt 0.139300 0.449000
vt 0.151700 0.446000
vt 0.152500 0.453800
vt 0.138800 0.440900
vt 0.151000 0.438200
vt 0.150300 0.430300
vt 0.138400 0.432900
vt 0.161800 0.426900
vt 0.183200 0.418500
vt 0.172900 0.423000
vt 0.126400 0.458000
vt 0.126300 0.450200
vt 0.112600 0.457900
vt 0.113000 0.450300
vt 0.113500 0.442700
vt 0.126200 0.442400
vt 0.099800 0.449700
vt 0.098800 0.457700
vt 0.100800 0.441700
vt 0.101600 0.433900
vt 0.113900 0.434900
vt 0.126200 0.434500
vt 0.084900 0.369800
vt 0.075500 0.366600
vt 0.076200 0.354400
vt 0.085300 0.357300
vt 0.058400 0.358200
vt 0.066700 0.362700
vt 0.059400 0.346700
vt 0.067500 0.350800
vt 0.061000 0.321700
vt 0.068900 0.325100
vt 0.068200 0.338200
vt 0.060100 0.334500
vt 0.077300 0.328200
vt 0.076700 0.341500
vt 0.085600 0.344200
vt 0.086000 0.330600
vt 0.050900 0.353200
vt 0.044200 0.348300
vt 0.044900 0.338100
vt 0.051800 0.342400
vt 0.038400 0.343900
vt 0.038600 0.334300
vt 0.039500 0.311300
vt 0.038900 0.323300
vt 0.046300 0.314500
vt 0.045500 0.326700
vt 0.052600 0.330600
vt 0.053400 0.318100
vt 0.048800 0.258200
vt 0.045300 0.271600
vt 0.054900 0.261400
vt 0.051700 0.274800
vt 0.049300 0.288300
vt 0.042700 0.285200
vt 0.068100 0.268100
vt 0.065500 0.281500
vt 0.058400 0.278200
vt 0.061400 0.264800
vt 0.063500 0.295000
vt 0.056200 0.291700
vt 0.054600 0.305000
vt 0.062000 0.308500
vt 0.047500 0.301600
vt 0.040800 0.298400
vt 0.075200 0.271200
vt 0.072900 0.284500
vt 0.082600 0.273800
vt 0.080600 0.287200
vt 0.079100 0.300800
vt 0.071100 0.298100
vt 0.088600 0.289300
vt 0.090400 0.275800
vt 0.087400 0.303000
vt 0.086600 0.316900
vt 0.078000 0.314500
vt 0.069900 0.311700
vt 0.735400 0.539100
vt 0.735300 0.544200
vt 0.720700 0.544300
vt 0.720900 0.539100
vt 0.734800 0.549300
vt 0.720300 0.549500
vt 0.705800 0.549700
vt 0.706200 0.544400
vt 0.706300 0.539100
vt 0.733500 0.559700
vt 0.718700 0.559800
vt 0.719700 0.554700
vt 0.734200 0.554500
vt 0.704200 0.560100
vt 0.705100 0.554900
vt 0.675100 0.560600
vt 0.675800 0.555300
vt 0.690500 0.555100
vt 0.689700 0.560400
vt 0.676300 0.550000
vt 0.691100 0.549800
vt 0.676800 0.539100
vt 0.691600 0.539100
vt 0.691500 0.544500
vt 0.676600 0.544600
vt 0.731700 0.564500
vt 0.717400 0.564800
vt 0.729900 0.569300
vt 0.715800 0.569800
vt 0.701700 0.570200
vt 0.703100 0.565200
vt 0.726300 0.579000
vt 0.712600 0.579600
vt 0.714200 0.574700
vt 0.728100 0.574200
vt 0.698900 0.580200
vt 0.700300 0.575200
vt 0.671400 0.581400
vt 0.672200 0.576200
vt 0.686400 0.575700
vt 0.685100 0.580800
vt 0.673200 0.571000
vt 0.687600 0.570600
vt 0.688700 0.565500
vt 0.674200 0.565900
vt 0.612700 0.577200
vt 0.628000 0.577000
vt 0.627200 0.581900
vt 0.613100 0.572100
vt 0.628700 0.571800
vt 0.643800 0.571600
vt 0.643000 0.576700
vt 0.642000 0.581700
vt 0.613800 0.561400
vt 0.629700 0.561200
vt 0.629200 0.566600
vt 0.613500 0.566800
vt 0.645200 0.561100
vt 0.644600 0.566400
vt 0.659500 0.566100
vt 0.660300 0.560900
vt 0.658700 0.571300
vt 0.656600 0.581400
vt 0.657700 0.576500
vt 0.614000 0.555900
vt 0.630000 0.555800
vt 0.614100 0.550300
vt 0.630300 0.550300
vt 0.646000 0.550200
vt 0.645600 0.555700
vt 0.614200 0.539100
vt 0.630400 0.539100
vt 0.630400 0.544700
vt 0.614200 0.544800
vt 0.646200 0.539100
vt 0.646200 0.544700
vt 0.661600 0.544600
vt 0.661600 0.539100
vt 0.661300 0.550100
vt 0.660900 0.555500
vt 0.186100 0.367500
vt 0.187400 0.378300
vt 0.195200 0.363600
vt 0.196500 0.374200
vt 0.197800 0.384000
vt 0.188700 0.388300
vt 0.212800 0.356200
vt 0.213700 0.366400
vt 0.205200 0.370100
vt 0.204100 0.359700
vt 0.214700 0.375900
vt 0.206400 0.379800
vt 0.216800 0.392800
vt 0.208800 0.396900
vt 0.207600 0.388700
vt 0.215700 0.384700
vt 0.200400 0.401400
vt 0.199100 0.393000
vt 0.190100 0.397500
vt 0.191500 0.406000
vt 0.221200 0.353100
vt 0.222000 0.363200
vt 0.229600 0.350700
vt 0.230100 0.360600
vt 0.230600 0.369900
vt 0.222800 0.372500
vt 0.246000 0.348500
vt 0.246000 0.358300
vt 0.238100 0.358900
vt 0.237800 0.349000
vt 0.246000 0.367500
vt 0.238400 0.368100
vt 0.246000 0.383900
vt 0.238900 0.384600
vt 0.238600 0.376700
vt 0.246000 0.376000
vt 0.231800 0.386400
vt 0.231200 0.378500
vt 0.223600 0.381200
vt 0.224400 0.389300
vt 0.246000 0.407000
vt 0.240000 0.410000
vt 0.239800 0.404400
vt 0.246000 0.403300
vt 0.234000 0.412900
vt 0.233400 0.406800
vt 0.232800 0.400500
vt 0.239500 0.398500
vt 0.246000 0.397700
vt 0.222000 0.418800
vt 0.220100 0.413400
vt 0.227000 0.409800
vt 0.228000 0.415900
vt 0.218900 0.407100
vt 0.226000 0.403500
vt 0.225200 0.396600
vt 0.217800 0.400300
vt 0.232300 0.393800
vt 0.246000 0.391200
vt 0.239200 0.391900
vt 0.213900 0.424300
vt 0.212500 0.418000
vt 0.205700 0.429700
vt 0.204300 0.423100
vt 0.203000 0.416300
vt 0.211200 0.411500
vt 0.195900 0.428200
vt 0.197600 0.435100
vt 0.194200 0.421200
vt 0.192800 0.413800
vt 0.201700 0.409100
vt 0.210000 0.404500
vt 0.195000 0.074800
vt 0.194600 0.083300
vt 0.203400 0.070000
vt 0.203000 0.078700
vt 0.202500 0.087800
vt 0.194200 0.092200
vt 0.218800 0.063100
vt 0.218300 0.072000
vt 0.210900 0.074900
vt 0.211300 0.066100
vt 0.217900 0.081300
vt 0.210300 0.084100
vt 0.216800 0.101300
vt 0.209100 0.104000
vt 0.209800 0.093800
vt 0.217400 0.091100
vt 0.201200 0.107400
vt 0.201900 0.097300
vt 0.193700 0.101600
vt 0.193000 0.111400
vt 0.225900 0.060800
vt 0.225500 0.069700
vt 0.232700 0.059300
vt 0.232500 0.068200
vt 0.232200 0.077700
vt 0.225100 0.079100
vt 0.246000 0.058100
vt 0.246000 0.067100
vt 0.239300 0.067400
vt 0.239400 0.058400
vt 0.246000 0.076600
vt 0.239200 0.076800
vt 0.246000 0.096800
vt 0.238800 0.097000
vt 0.239000 0.086700
vt 0.246000 0.086400
vt 0.231600 0.097900
vt 0.231900 0.087500
vt 0.224700 0.089000
vt 0.224300 0.099300
vt 0.246000 0.142700
vt 0.238100 0.143000
vt 0.238300 0.130800
vt 0.246000 0.130500
vt 0.230100 0.143800
vt 0.230500 0.131600
vt 0.230900 0.119900
vt 0.238500 0.119100
vt 0.246000 0.118800
vt 0.214000 0.146900
vt 0.214800 0.134800
vt 0.222700 0.133000
vt 0.222100 0.145100
vt 0.215500 0.123200
vt 0.223200 0.121300
vt 0.223800 0.110000
vt 0.216100 0.112000
vt 0.231200 0.108600
vt 0.246000 0.107600
vt 0.238700 0.107800
vt 0.205900 0.149300
vt 0.206800 0.137300
vt 0.197700 0.152100
vt 0.198700 0.140200
vt 0.199600 0.128800
vt 0.207600 0.125700
vt 0.190500 0.143700
vt 0.189400 0.155400
vt 0.191400 0.132500
vt 0.192300 0.121700
vt 0.200400 0.117800
vt 0.208400 0.114600
vt 0.181300 0.261700
vt 0.181100 0.275800
vt 0.190700 0.259200
vt 0.190500 0.273200
vt 0.190600 0.287200
vt 0.181200 0.289900
vt 0.209200 0.254800
vt 0.209200 0.268700
vt 0.199900 0.270800
vt 0.200000 0.256900
vt 0.209300 0.282300
vt 0.200000 0.284600
vt 0.209900 0.308800
vt 0.200800 0.311500
vt 0.200300 0.298200
vt 0.209500 0.295700
vt 0.191500 0.314400
vt 0.191000 0.301000
vt 0.181500 0.303800
vt 0.182100 0.317500
vt 0.218500 0.253100
vt 0.218400 0.266800
vt 0.227700 0.251800
vt 0.227600 0.265400
vt 0.227700 0.278800
vt 0.218500 0.280400
vt 0.246000 0.250700
vt 0.246000 0.264200
vt 0.236800 0.264500
vt 0.236900 0.251000
vt 0.246000 0.277500
vt 0.236900 0.277800
vt 0.246000 0.303000
vt 0.237100 0.303400
vt 0.236900 0.290800
vt 0.246000 0.290400
vt 0.228100 0.304600
vt 0.227800 0.291900
vt 0.218700 0.293600
vt 0.219000 0.306500
vt 0.237600 0.338500
vt 0.246000 0.337900
vt 0.229100 0.340000
vt 0.228700 0.328800
vt 0.237400 0.327300
vt 0.246000 0.326800
vt 0.211900 0.345200
vt 0.220600 0.342300
vt 0.211100 0.333600
vt 0.220000 0.330900
vt 0.219400 0.318900
vt 0.210500 0.321500
vt 0.228300 0.316900
vt 0.246000 0.315200
vt 0.237200 0.315600
vt 0.203100 0.348600
vt 0.194100 0.352200
vt 0.193100 0.340200
vt 0.202200 0.336800
vt 0.184900 0.356000
vt 0.183800 0.343700
vt 0.182800 0.330900
vt 0.192200 0.327600
vt 0.201400 0.324400
vt 0.107200 0.813300
vt 0.117800 0.813300
vt 0.117900 0.817400
vt 0.107300 0.817500
vt 0.127300 0.813300
vt 0.127400 0.817400
vt 0.127600 0.821400
vt 0.118100 0.821600
vt 0.107500 0.821700
vt 0.144000 0.813300
vt 0.144000 0.817300
vt 0.136100 0.817300
vt 0.136000 0.813300
vt 0.144100 0.821300
vt 0.136200 0.821400
vt 0.144500 0.829300
vt 0.136700 0.829400
vt 0.136400 0.825400
vt 0.144300 0.825300
vt 0.128100 0.829600
vt 0.127800 0.825500
vt 0.108300 0.830100
vt 0.107900 0.825900
vt 0.118400 0.825700
vt 0.118700 0.829800
vt 0.151400 0.813300
vt 0.151400 0.817300
vt 0.158300 0.813300
vt 0.158300 0.817300
vt 0.158400 0.821200
vt 0.151500 0.821300
vt 0.171500 0.813300
vt 0.171500 0.817300
vt 0.165000 0.817300
vt 0.165000 0.813300
vt 0.171500 0.821200
vt 0.165000 0.821200
vt 0.171500 0.829200
vt 0.165100 0.829200
vt 0.165100 0.825200
vt 0.171500 0.825200
vt 0.158600 0.829200
vt 0.158500 0.825200
vt 0.151600 0.825200
vt 0.151800 0.829200
vt 0.171500 0.845200
vt 0.165300 0.845200
vt 0.165300 0.841200
vt 0.171500 0.841200
vt 0.159100 0.845300
vt 0.159000 0.841200
vt 0.158800 0.837200
vt 0.165200 0.837200
vt 0.171500 0.837200
vt 0.146800 0.845300
vt 0.145600 0.841400
vt 0.152500 0.841300
vt 0.153000 0.845300
vt 0.145100 0.837400
vt 0.152200 0.837300
vt 0.151900 0.833300
vt 0.144700 0.833400
vt 0.158700 0.833200
vt 0.171500 0.833200
vt 0.165200 0.833200
vt 0.138400 0.845700
vt 0.137800 0.841600
vt 0.130000 0.846000
vt 0.129400 0.841900
vt 0.128900 0.837800
vt 0.137300 0.837600
vt 0.113300 0.846600
vt 0.110800 0.842600
vt 0.120600 0.842200
vt 0.121700 0.846300
vt 0.109600 0.838500
vt 0.119700 0.838100
vt 0.119200 0.834000
vt 0.108800 0.834300
vt 0.128500 0.833700
vt 0.137000 0.833500
vt 0.246000 0.155400
vt 0.237900 0.155700
vt 0.246000 0.168500
vt 0.237700 0.168800
vt 0.229300 0.169500
vt 0.229700 0.156500
vt 0.246000 0.195600
vt 0.237300 0.195800
vt 0.237500 0.182200
vt 0.246000 0.181900
vt 0.228600 0.196600
vt 0.228900 0.182900
vt 0.211000 0.199400
vt 0.211700 0.185800
vt 0.220300 0.184100
vt 0.219800 0.197700
vt 0.212500 0.172500
vt 0.220900 0.170800
vt 0.221500 0.157700
vt 0.213300 0.159500
vt 0.246000 0.209300
vt 0.237100 0.209600
vt 0.246000 0.223200
vt 0.237000 0.223400
vt 0.228000 0.224200
vt 0.228200 0.210300
vt 0.236900 0.237300
vt 0.246000 0.237000
vt 0.227800 0.238100
vt 0.209500 0.240900
vt 0.218700 0.239300
vt 0.209900 0.227000
vt 0.218900 0.225400
vt 0.219300 0.211500
vt 0.210400 0.213100
vt 0.172500 0.250200
vt 0.181800 0.247600
vt 0.173400 0.236400
vt 0.182600 0.233700
vt 0.191700 0.231200
vt 0.191100 0.245100
vt 0.175700 0.209300
vt 0.184600 0.206400
vt 0.183500 0.219900
vt 0.174500 0.222700
vt 0.193400 0.203700
vt 0.192500 0.217400
vt 0.201500 0.215100
vt 0.202300 0.201400
vt 0.200800 0.228900
vt 0.200300 0.242900
vt 0.177100 0.196200
vt 0.185800 0.193100
vt 0.178400 0.183500
vt 0.187000 0.180200
vt 0.195600 0.177200
vt 0.194500 0.190300
vt 0.188300 0.167600
vt 0.179800 0.171100
vt 0.196700 0.164400
vt 0.205000 0.161700
vt 0.204100 0.174600
vt 0.203100 0.187900
vt 0.171200 0.175100
vt 0.169800 0.187200
vt 0.161200 0.191100
vt 0.162700 0.179300
vt 0.166800 0.212500
vt 0.168300 0.199700
vt 0.157900 0.215800
vt 0.159600 0.203200
vt 0.140600 0.222100
vt 0.142600 0.210200
vt 0.151000 0.206800
vt 0.149100 0.219100
vt 0.144500 0.198800
vt 0.152700 0.195000
vt 0.154300 0.183700
vt 0.146200 0.188000
vt 0.165400 0.225700
vt 0.164100 0.239200
vt 0.154900 0.242100
vt 0.156300 0.228800
vt 0.163100 0.253000
vt 0.153700 0.255700
vt 0.135200 0.260500
vt 0.144400 0.258200
vt 0.136800 0.247300
vt 0.145800 0.244800
vt 0.147400 0.231700
vt 0.138600 0.234400
vt 0.100600 0.264000
vt 0.108800 0.264200
vt 0.103200 0.251400
vt 0.111100 0.251500
vt 0.119400 0.250800
vt 0.117300 0.263600
vt 0.109500 0.228100
vt 0.116700 0.227900
vt 0.113800 0.239400
vt 0.106200 0.239400
vt 0.124200 0.226700
vt 0.121700 0.238400
vt 0.130000 0.236700
vt 0.132200 0.224700
vt 0.127900 0.249300
vt 0.126200 0.262300
vt 0.113000 0.217500
vt 0.119700 0.217200
vt 0.116600 0.208000
vt 0.122600 0.207300
vt 0.129300 0.205300
vt 0.126900 0.215600
vt 0.125200 0.198600
vt 0.119900 0.199700
vt 0.131400 0.195700
vt 0.138500 0.192100
vt 0.136700 0.202300
vt 0.134500 0.213200
vt 0.115700 0.198200
vt 0.111300 0.206800
vt 0.106700 0.204200
vt 0.112200 0.194900
vt 0.102900 0.227100
vt 0.107000 0.216500
vt 0.096800 0.225000
vt 0.101500 0.214200
vt 0.085700 0.218700
vt 0.091700 0.207400
vt 0.096500 0.211100
vt 0.091100 0.222100
vt 0.098200 0.196600
vt 0.102300 0.200700
vt 0.108700 0.190900
vt 0.105300 0.186300
vt 0.099100 0.238300
vt 0.095700 0.250300
vt 0.088600 0.248300
vt 0.092500 0.236400
vt 0.092800 0.262800
vt 0.085300 0.260800
vt 0.071500 0.255200
vt 0.078200 0.258200
vt 0.075600 0.242600
vt 0.081900 0.245700
vt 0.086300 0.233700
vt 0.080400 0.230400
vt 0.047700 0.241800
vt 0.053200 0.245000
vt 0.053200 0.228700
vt 0.058400 0.232100
vt 0.063800 0.235600
vt 0.059000 0.248400
vt 0.066700 0.203400
vt 0.071100 0.207200
vt 0.064400 0.219500
vt 0.059600 0.216000
vt 0.075800 0.211000
vt 0.069400 0.223200
vt 0.074800 0.226900
vt 0.080600 0.215000
vt 0.069600 0.239200
vt 0.065100 0.251800
vt 0.074600 0.191200
vt 0.078600 0.195100
vt 0.083100 0.179200
vt 0.086700 0.183400
vt 0.090400 0.187800
vt 0.082800 0.199300
vt 0.095400 0.171900
vt 0.092200 0.167400
vt 0.098700 0.176700
vt 0.102000 0.181500
vt 0.094300 0.192300
vt 0.087100 0.203400
vt 0.006700 0.853200
vt 0.005000 0.848300
vt 0.019000 0.847600
vt 0.020500 0.852300
vt 0.003300 0.843500
vt 0.017500 0.842800
vt 0.031500 0.842100
vt 0.032900 0.846800
vt 0.034300 0.851400
vt 0.000000 0.833800
vt 0.014400 0.833300
vt 0.015900 0.838100
vt 0.001700 0.838700
vt 0.028900 0.832800
vt 0.030200 0.837500
vt 0.057700 0.831800
vt 0.058300 0.836300
vt 0.044400 0.836900
vt 0.043300 0.832300
vt 0.059300 0.840800
vt 0.045500 0.841400
vt 0.062000 0.849700
vt 0.048200 0.850600
vt 0.046800 0.846000
vt 0.060500 0.845300
vt 0.748700 0.554100
vt 0.748000 0.559100
vt 0.749400 0.549100
vt 0.764000 0.548900
vt 0.763300 0.553800
vt 0.762600 0.558600
vt 0.750000 0.539100
vt 0.749800 0.544100
vt 0.764700 0.539100
vt 0.764500 0.544000
vt 0.794900 0.539100
vt 0.794100 0.543800
vt 0.779200 0.543900
vt 0.779500 0.539100
vt 0.793300 0.548400
vt 0.778600 0.548600
vt 0.791700 0.557600
vt 0.777100 0.558100
vt 0.777900 0.553400
vt 0.792500 0.553000
vt 0.095600 0.817600
vt 0.095500 0.813300
vt 0.095900 0.821900
vt 0.083300 0.822100
vt 0.083000 0.817700
vt 0.082800 0.813300
vt 0.096800 0.830400
vt 0.096300 0.826200
vt 0.084300 0.830800
vt 0.083700 0.826500
vt 0.057200 0.827200
vt 0.070600 0.826800
vt 0.071200 0.831300
vt 0.056700 0.822500
vt 0.070100 0.822300
vt 0.055600 0.813300
vt 0.069500 0.813300
vt 0.069700 0.817800
vt 0.056100 0.817900
vt 0.097300 0.834700
vt 0.098100 0.839000
vt 0.085700 0.839500
vt 0.085000 0.835200
vt 0.100500 0.847400
vt 0.099200 0.843200
vt 0.087600 0.848100
vt 0.086700 0.843800
vt 0.073700 0.844500
vt 0.074800 0.848900
vt 0.072800 0.840100
vt 0.071900 0.835700
vt 0.058300 0.639600
vt 0.058200 0.646700
vt 0.045000 0.647700
vt 0.045800 0.641000
vt 0.057700 0.653600
vt 0.044300 0.654500
vt 0.031100 0.655500
vt 0.032200 0.648900
vt 0.033200 0.642400
vt 0.056700 0.667600
vt 0.042900 0.668200
vt 0.043600 0.661300
vt 0.057200 0.660500
vt 0.029300 0.668800
vt 0.030200 0.662100
vt 0.001900 0.670000
vt 0.003500 0.663800
vt 0.016800 0.662900
vt 0.015700 0.669500
vt 0.005000 0.657600
vt 0.018000 0.656500
vt 0.008100 0.645200
vt 0.020700 0.643800
vt 0.019400 0.650200
vt 0.006600 0.651400
vt 0.056400 0.674700
vt 0.042500 0.675200
vt 0.056100 0.682100
vt 0.042100 0.682400
vt 0.028300 0.682700
vt 0.028700 0.675700
vt 0.055900 0.696900
vt 0.041900 0.696900
vt 0.041900 0.689600
vt 0.056000 0.689500
vt 0.028000 0.696900
vt 0.028100 0.689800
vt 0.000000 0.696900
vt 0.000500 0.690200
vt 0.014200 0.690000
vt 0.014100 0.696900
vt 0.000900 0.683400
vt 0.014600 0.683100
vt 0.015100 0.676200
vt 0.001400 0.676700
vt 0.476900 0.539100
vt 0.477100 0.545200
vt 0.461100 0.545300
vt 0.460800 0.539100
vt 0.477600 0.551200
vt 0.461700 0.551500
vt 0.446200 0.551800
vt 0.445400 0.545500
vt 0.445100 0.539100
vt 0.479700 0.563100
vt 0.464100 0.563600
vt 0.462700 0.557600
vt 0.478500 0.557200
vt 0.448800 0.564300
vt 0.447300 0.558100
vt 0.418000 0.566100
vt 0.416800 0.559300
vt 0.432000 0.558700
vt 0.433600 0.565100
vt 0.415600 0.552600
vt 0.430900 0.552200
vt 0.413300 0.539100
vt 0.429500 0.539100
vt 0.429900 0.545700
vt 0.414500 0.545900
vt 0.481100 0.568900
vt 0.465800 0.569600
vt 0.482700 0.574500
vt 0.467600 0.575400
vt 0.453000 0.576300
vt 0.450800 0.570400
vt 0.471400 0.586700
vt 0.469500 0.581000
vt 0.484100 0.580000
vt 0.457800 0.588000
vt 0.455400 0.582200
vt 0.430700 0.590800
vt 0.427500 0.584600
vt 0.441400 0.583400
vt 0.444300 0.589400
vt 0.424300 0.578400
vt 0.438600 0.577400
vt 0.435900 0.571300
vt 0.421100 0.572200
vt 0.499600 0.579300
vt 0.498400 0.573900
vt 0.514500 0.573400
vt 0.515700 0.578700
vt 0.495900 0.562700
vt 0.497100 0.568300
vt 0.512500 0.562300
vt 0.513500 0.567900
vt 0.546500 0.561900
vt 0.547000 0.567400
vt 0.530100 0.567600
vt 0.529400 0.562100
vt 0.547500 0.572800
vt 0.531000 0.573000
vt 0.531800 0.578300
vt 0.548100 0.578000
vt 0.494900 0.556900
vt 0.494100 0.551000
vt 0.511000 0.550800
vt 0.511700 0.556600
vt 0.493500 0.539100
vt 0.493600 0.545100
vt 0.510500 0.539100
vt 0.510600 0.545000
vt 0.545300 0.539100
vt 0.545400 0.544900
vt 0.528000 0.544900
vt 0.527800 0.539100
vt 0.545700 0.550600
vt 0.528300 0.550700
vt 0.528800 0.556400
vt 0.546000 0.556300
vt 0.597400 0.544800
vt 0.597400 0.539100
vt 0.597400 0.550400
vt 0.580400 0.550500
vt 0.580300 0.544800
vt 0.580300 0.539100
vt 0.597400 0.561500
vt 0.597400 0.556000
vt 0.580600 0.561600
vt 0.580500 0.556100
vt 0.563300 0.556100
vt 0.563600 0.561700
vt 0.563100 0.550500
vt 0.562800 0.539100
vt 0.562900 0.544800
vt 0.597300 0.566900
vt 0.597100 0.572200
vt 0.580800 0.572400
vt 0.580700 0.567000
vt 0.596900 0.577400
vt 0.580800 0.577600
vt 0.564500 0.577800
vt 0.564200 0.572600
vt 0.563900 0.567200
vt 0.162800 0.636400
vt 0.161400 0.643600
vt 0.150400 0.643700
vt 0.150500 0.636500
vt 0.161300 0.650900
vt 0.150300 0.651000
vt 0.138500 0.651100
vt 0.138300 0.643900
vt 0.138200 0.636700
vt 0.161700 0.665700
vt 0.150800 0.665800
vt 0.150500 0.658300
vt 0.161400 0.658200
vt 0.138900 0.665800
vt 0.138700 0.658400
vt 0.112800 0.666100
vt 0.112800 0.658800
vt 0.126000 0.658500
vt 0.126100 0.665900
vt 0.112800 0.651500
vt 0.125900 0.651300
vt 0.113500 0.637000
vt 0.125900 0.636900
vt 0.125900 0.644100
vt 0.112900 0.644300
vt 0.161900 0.673400
vt 0.150900 0.673400
vt 0.162000 0.681100
vt 0.151000 0.681100
vt 0.139000 0.681200
vt 0.139000 0.673400
vt 0.162000 0.696900
vt 0.151100 0.696900
vt 0.151100 0.689000
vt 0.162000 0.689000
vt 0.139100 0.696900
vt 0.139100 0.689000
vt 0.112800 0.696900
vt 0.112800 0.689100
vt 0.126200 0.689000
vt 0.126200 0.696900
vt 0.112800 0.681300
vt 0.126200 0.681200
vt 0.126200 0.673500
vt 0.112800 0.673700
vt 0.070200 0.689300
vt 0.070200 0.696900
vt 0.070300 0.681800
vt 0.084700 0.681600
vt 0.084600 0.689200
vt 0.084600 0.696900
vt 0.070800 0.667100
vt 0.070500 0.674400
vt 0.084900 0.666700
vt 0.084800 0.674100
vt 0.098900 0.673800
vt 0.099000 0.666400
vt 0.098900 0.681400
vt 0.098800 0.696900
vt 0.098800 0.689100
vt 0.071100 0.659900
vt 0.071500 0.652900
vt 0.085400 0.652300
vt 0.085100 0.659400
vt 0.072100 0.638900
vt 0.071800 0.645900
vt 0.085900 0.638300
vt 0.085600 0.645300
vt 0.099400 0.644800
vt 0.099700 0.637700
vt 0.099200 0.651900
vt 0.099100 0.659100
vt 0.072500 0.144800
vt 0.069800 0.142400
vt 0.075200 0.147300
vt 0.063900 0.160600
vt 0.061100 0.158300
vt 0.058300 0.156100
vt 0.080500 0.152800
vt 0.077900 0.149900
vt 0.069700 0.165600
vt 0.066700 0.163000
vt 0.048200 0.190800
vt 0.045000 0.189000
vt 0.055800 0.176000
vt 0.059100 0.178400
vt 0.041800 0.187200
vt 0.052800 0.173900
vt 0.035500 0.183600
vt 0.046900 0.169900
vt 0.049800 0.171900
vt 0.038600 0.185400
vt 0.083300 0.156000
vt 0.086200 0.159400
vt 0.076200 0.171800
vt 0.072900 0.168500
vt 0.089200 0.163200
vt 0.079600 0.175300
vt 0.062400 0.200100
vt 0.070700 0.187600
vt 0.058100 0.197000
vt 0.066800 0.184300
vt 0.062800 0.181200
vt 0.053700 0.194000
vt 0.042400 0.239000
vt 0.037200 0.236500
vt 0.043400 0.223100
vt 0.048200 0.225800
vt 0.026600 0.231700
vt 0.031900 0.234100
vt 0.033800 0.218100
vt 0.038600 0.220600
vt 0.045700 0.207100
vt 0.041000 0.204400
vt 0.050400 0.209900
vt 0.054900 0.212800
vt 0.624200 0.596000
vt 0.623200 0.600600
vt 0.625200 0.591400
vt 0.639500 0.591000
vt 0.638200 0.595600
vt 0.636900 0.600100
vt 0.626200 0.586700
vt 0.640800 0.586400
vt 0.669600 0.585800
vt 0.655200 0.586100
vt 0.667800 0.590200
vt 0.653700 0.590600
vt 0.664200 0.599100
vt 0.650500 0.599600
vt 0.652100 0.595100
vt 0.666000 0.594700
vt 0.219400 0.636300
vt 0.219400 0.643600
vt 0.213400 0.643600
vt 0.213400 0.636300
vt 0.219400 0.650900
vt 0.213500 0.650900
vt 0.207600 0.650900
vt 0.207500 0.643600
vt 0.207300 0.636300
vt 0.219400 0.665800
vt 0.213700 0.665800
vt 0.213600 0.658300
vt 0.219400 0.658300
vt 0.207900 0.665800
vt 0.207700 0.658300
vt 0.195200 0.665700
vt 0.195000 0.658200
vt 0.201600 0.658300
vt 0.201800 0.665800
vt 0.194800 0.650900
vt 0.201400 0.650900
vt 0.195300 0.636200
vt 0.201300 0.636300
vt 0.201300 0.643600
vt 0.194700 0.643500
vt 0.219400 0.673500
vt 0.213700 0.673500
vt 0.219400 0.681200
vt 0.213800 0.681200
vt 0.208000 0.681200
vt 0.207900 0.673400
vt 0.219400 0.696900
vt 0.213800 0.696900
vt 0.213800 0.689000
vt 0.219400 0.689000
vt 0.208000 0.696900
vt 0.208000 0.689000
vt 0.195500 0.696900
vt 0.195500 0.689000
vt 0.202000 0.689000
vt 0.202000 0.696900
vt 0.195400 0.681200
vt 0.201900 0.681200
vt 0.201900 0.673400
vt 0.195400 0.673400
vt 0.171800 0.689000
vt 0.171800 0.696900
vt 0.171800 0.681100
vt 0.180500 0.681100
vt 0.180500 0.689000
vt 0.180500 0.696900
vt 0.171500 0.665700
vt 0.171700 0.673300
vt 0.180200 0.665700
vt 0.180400 0.673400
vt 0.188200 0.673400
vt 0.188100 0.665700
vt 0.188300 0.681100
vt 0.188400 0.696900
vt 0.188400 0.689000
vt 0.171200 0.658200
vt 0.170900 0.650900
vt 0.179600 0.650800
vt 0.179900 0.658200
vt 0.171000 0.636300
vt 0.170900 0.643600
vt 0.179100 0.636300
vt 0.179300 0.643600
vt 0.187300 0.643500
vt 0.187200 0.636300
vt 0.187500 0.650800
vt 0.187800 0.658200
vt 0.246000 0.000000
vt 0.246000 0.007100
vt 0.239800 0.007600
vt 0.239900 0.001400
vt 0.246000 0.013500
vt 0.239800 0.013900
vt 0.233500 0.015000
vt 0.233600 0.008800
vt 0.233700 0.002700
vt 0.246000 0.026600
vt 0.239800 0.026900
vt 0.239800 0.020300
vt 0.246000 0.019900
vt 0.233400 0.027900
vt 0.233400 0.021300
vt 0.219800 0.032200
vt 0.219900 0.025700
vt 0.226900 0.023100
vt 0.226800 0.029600
vt 0.220000 0.019400
vt 0.227000 0.016800
vt 0.221400 0.005500
vt 0.227500 0.004100
vt 0.227200 0.010400
vt 0.220400 0.013000
vt 0.246000 0.033800
vt 0.239700 0.034100
vt 0.246000 0.041400
vt 0.239600 0.041700
vt 0.233100 0.042600
vt 0.233300 0.035000
vt 0.239500 0.049800
vt 0.246000 0.049600
vt 0.232900 0.050700
vt 0.219100 0.054600
vt 0.226200 0.052300
vt 0.219400 0.046700
vt 0.226400 0.044300
vt 0.226600 0.036700
vt 0.219600 0.039200
vt 0.195300 0.066900
vt 0.195500 0.059400
vt 0.204000 0.054200
vt 0.203800 0.061900
vt 0.195600 0.045900
vt 0.195600 0.052400
vt 0.204300 0.040200
vt 0.204200 0.047000
vt 0.212200 0.042600
vt 0.212300 0.035700
vt 0.212000 0.049900
vt 0.211700 0.057800
vt 0.195500 0.039900
vt 0.195600 0.034100
vt 0.204400 0.028200
vt 0.204400 0.034000
vt 0.196200 0.022200
vt 0.195800 0.028200
vt 0.204600 0.016600
vt 0.204500 0.022400
vt 0.212700 0.017200
vt 0.213000 0.011100
vt 0.212500 0.023300
vt 0.212400 0.029400
vt 0.390100 0.155900
vt 0.379800 0.144600
vt 0.382100 0.139700
vt 0.392700 0.151400
vt 0.369200 0.133700
vt 0.371000 0.128400
vt 0.372800 0.123500
vt 0.384300 0.135200
vt 0.395300 0.147300
vt 0.347400 0.113200
vt 0.348400 0.107000
vt 0.359700 0.117400
vt 0.358300 0.123100
vt 0.349500 0.101200
vt 0.361200 0.112100
vt 0.351600 0.091000
vt 0.364000 0.102700
vt 0.362600 0.107200
vt 0.350500 0.095900
vt 0.376300 0.114800
vt 0.374600 0.118900
vt 0.400300 0.140000
vt 0.397900 0.143500
vt 0.386400 0.131100
vt 0.388500 0.127300
vt 0.336600 0.103800
vt 0.337200 0.097200
vt 0.326000 0.095200
vt 0.326300 0.088200
vt 0.326700 0.081700
vt 0.337900 0.091100
vt 0.306000 0.080600
vt 0.305900 0.072900
vt 0.315800 0.080100
vt 0.315700 0.087500
vt 0.305900 0.065700
vt 0.316000 0.073200
vt 0.306000 0.052700
vt 0.316500 0.060700
vt 0.316200 0.066700
vt 0.305900 0.058900
vt 0.327700 0.069900
vt 0.327200 0.075600
vt 0.338700 0.085300
vt 0.339500 0.080100
vt 0.304200 0.027800
vt 0.317100 0.039000
vt 0.317100 0.044500
vt 0.305900 0.035300
vt 0.329900 0.050300
vt 0.329400 0.055000
vt 0.328900 0.059800
vt 0.317100 0.049900
vt 0.306200 0.041200
vt 0.355500 0.072800
vt 0.354800 0.077900
vt 0.341900 0.066100
vt 0.342700 0.061500
vt 0.353800 0.082200
vt 0.341100 0.070600
vt 0.340300 0.075200
vt 0.352800 0.086500
vt 0.328300 0.064700
vt 0.306200 0.046900
vt 0.316800 0.055200
vt 0.369300 0.086800
vt 0.368100 0.090700
vt 0.383200 0.100700
vt 0.381500 0.104100
vt 0.379800 0.107500
vt 0.366800 0.094600
vt 0.410900 0.128700
vt 0.407600 0.131300
vt 0.394800 0.117600
vt 0.397000 0.114700
vt 0.405000 0.134000
vt 0.392600 0.120700
vt 0.390500 0.123900
vt 0.402700 0.136900
vt 0.378100 0.111000
vt 0.365400 0.098500
vt 0.458100 0.347500
vt 0.460900 0.349700
vt 0.456800 0.357500
vt 0.454500 0.351700
vt 0.465000 0.352800
vt 0.460200 0.362200
vt 0.454100 0.370900
vt 0.451200 0.364600
vt 0.449000 0.357200
vt 0.476600 0.360800
vt 0.468700 0.371000
vt 0.464400 0.366800
vt 0.469900 0.356200
vt 0.461000 0.381300
vt 0.457500 0.376400
vt 0.444000 0.400000
vt 0.441400 0.393400
vt 0.449800 0.385300
vt 0.452800 0.391000
vt 0.438900 0.386100
vt 0.447000 0.378900
vt 0.434900 0.368600
vt 0.442500 0.363000
vt 0.444500 0.371500
vt 0.436700 0.377900
vt 0.480500 0.363100
vt 0.472500 0.374500
vt 0.484300 0.365400
vt 0.476200 0.377600
vt 0.467800 0.389600
vt 0.464400 0.385600
vt 0.492100 0.370000
vt 0.483400 0.383600
vt 0.479800 0.380600
vt 0.488200 0.367700
vt 0.474700 0.397200
vt 0.471200 0.393400
vt 0.457200 0.424300
vt 0.452800 0.417100
vt 0.462400 0.405800
vt 0.465900 0.410700
vt 0.449600 0.411400
vt 0.459000 0.401000
vt 0.455900 0.396100
vt 0.446700 0.405800
vt 0.407100 0.457500
vt 0.405300 0.447200
vt 0.417800 0.441800
vt 0.419600 0.449200
vt 0.403800 0.439200
vt 0.416000 0.434500
vt 0.427800 0.428100
vt 0.430000 0.434600
vt 0.432200 0.440900
vt 0.401400 0.423600
vt 0.412800 0.419800
vt 0.414400 0.427300
vt 0.402600 0.431500
vt 0.423800 0.414500
vt 0.425800 0.421500
vt 0.436600 0.414300
vt 0.434300 0.407800
vt 0.439100 0.420500
vt 0.444700 0.432600
vt 0.441800 0.426500
vt 0.400300 0.414900
vt 0.411300 0.411500
vt 0.399300 0.405500
vt 0.409900 0.402400
vt 0.420200 0.398000
vt 0.421900 0.406600
vt 0.397800 0.384100
vt 0.407800 0.381600
vt 0.408700 0.392400
vt 0.398400 0.395200
vt 0.417400 0.378100
vt 0.418700 0.388500
vt 0.428000 0.383600
vt 0.426500 0.373700
vt 0.429900 0.392500
vt 0.432000 0.400600
vt 0.315800 0.095300
vt 0.306300 0.088800
vt 0.325700 0.102700
vt 0.325500 0.110600
vt 0.315900 0.103600
vt 0.306600 0.097500
vt 0.346400 0.119800
vt 0.336000 0.110900
vt 0.345600 0.126800
vt 0.335500 0.118400
vt 0.344200 0.142100
vt 0.334900 0.134700
vt 0.335100 0.126300
vt 0.344800 0.134300
vt 0.325600 0.127900
vt 0.325500 0.119000
vt 0.307600 0.116200
vt 0.307000 0.106600
vt 0.316100 0.112400
vt 0.316500 0.121700
vt 0.357000 0.129300
vt 0.367400 0.139400
vt 0.365600 0.145400
vt 0.355600 0.135900
vt 0.387400 0.160800
vt 0.377600 0.149900
vt 0.384600 0.165900
vt 0.375300 0.155500
vt 0.379100 0.176500
vt 0.370900 0.167100
vt 0.373100 0.161200
vt 0.381800 0.171200
vt 0.362300 0.158300
vt 0.363900 0.151800
vt 0.354400 0.142800
vt 0.353300 0.150000
vt 0.369700 0.193800
vt 0.365400 0.191000
vt 0.365700 0.184600
vt 0.371400 0.190700
vt 0.359300 0.187000
vt 0.359100 0.179200
vt 0.359700 0.171900
vt 0.367100 0.178900
vt 0.373800 0.186500
vt 0.344600 0.177700
vt 0.343900 0.168100
vt 0.351800 0.173600
vt 0.352300 0.182500
vt 0.343600 0.159000
vt 0.351900 0.165300
vt 0.352500 0.157400
vt 0.343800 0.150300
vt 0.360900 0.165000
vt 0.376400 0.181600
vt 0.368900 0.173000
vt 0.336500 0.172900
vt 0.335600 0.162600
vt 0.328100 0.168100
vt 0.327100 0.157300
vt 0.326400 0.147000
vt 0.335100 0.152800
vt 0.311000 0.159200
vt 0.310000 0.147700
vt 0.318500 0.152300
vt 0.319600 0.163500
vt 0.309000 0.136800
vt 0.317700 0.141600
vt 0.317000 0.131400
vt 0.308200 0.126200
vt 0.325900 0.137200
vt 0.334900 0.143600
vt 0.320200 0.264300
vt 0.329700 0.267000
vt 0.330000 0.281100
vt 0.320400 0.278500
vt 0.339200 0.269600
vt 0.339600 0.283700
vt 0.339700 0.298000
vt 0.330000 0.295400
vt 0.320400 0.292700
vt 0.358000 0.274100
vt 0.358700 0.288100
vt 0.349200 0.286100
vt 0.348600 0.272000
vt 0.359100 0.302300
vt 0.349400 0.300300
vt 0.358700 0.330700
vt 0.348900 0.328700
vt 0.349300 0.314600
vt 0.359000 0.316600
vt 0.339000 0.326300
vt 0.339500 0.312200
vt 0.319500 0.320600
vt 0.320100 0.306800
vt 0.329700 0.309600
vt 0.329200 0.323600
vt 0.367300 0.275800
vt 0.368100 0.289700
vt 0.376300 0.277000
vt 0.377400 0.290700
vt 0.378000 0.304800
vt 0.368600 0.303800
vt 0.393600 0.277100
vt 0.395100 0.290600
vt 0.386400 0.291100
vt 0.385100 0.277400
vt 0.396100 0.304500
vt 0.387200 0.305000
vt 0.397000 0.332300
vt 0.387700 0.333100
vt 0.387600 0.319100
vt 0.396700 0.318400
vt 0.378200 0.333000
vt 0.378200 0.318900
vt 0.368700 0.318000
vt 0.368500 0.332200
vt 0.387600 0.385400
vt 0.387500 0.373200
vt 0.397500 0.372100
vt 0.377200 0.385700
vt 0.377400 0.373400
vt 0.377700 0.360400
vt 0.387600 0.360300
vt 0.397300 0.359300
vt 0.356200 0.383500
vt 0.356900 0.371200
vt 0.367200 0.372700
vt 0.366700 0.385000
vt 0.357600 0.358200
vt 0.367700 0.359600
vt 0.368200 0.346100
vt 0.358200 0.344600
vt 0.378000 0.346900
vt 0.397200 0.346000
vt 0.387700 0.346900
vt 0.345700 0.381200
vt 0.346600 0.369000
vt 0.335400 0.378400
vt 0.336500 0.366300
vt 0.337400 0.353500
vt 0.347500 0.356100
vt 0.315500 0.371500
vt 0.316700 0.359700
vt 0.326500 0.363200
vt 0.325300 0.375100
vt 0.317800 0.347200
vt 0.327500 0.350500
vt 0.328500 0.337300
vt 0.318700 0.334100
vt 0.338300 0.340100
vt 0.348300 0.342600
vt 0.449100 0.255100
vt 0.454600 0.252500
vt 0.458500 0.266300
vt 0.452800 0.268700
vt 0.460100 0.250200
vt 0.464200 0.264100
vt 0.467300 0.278200
vt 0.461600 0.280100
vt 0.455600 0.282400
vt 0.472700 0.245400
vt 0.475700 0.260300
vt 0.469900 0.262200
vt 0.465800 0.247900
vt 0.478700 0.275100
vt 0.473000 0.276600
vt 0.484600 0.304900
vt 0.477000 0.305000
vt 0.475500 0.291000
vt 0.481600 0.290000
vt 0.470800 0.305700
vt 0.469500 0.292100
vt 0.458900 0.308600
vt 0.457700 0.295700
vt 0.463700 0.293700
vt 0.464900 0.306800
vt 0.196300 0.475800
vt 0.196600 0.480800
vt 0.181800 0.480500
vt 0.181400 0.475800
vt 0.197300 0.485600
vt 0.182300 0.485300
vt 0.167000 0.485200
vt 0.166800 0.480400
vt 0.166500 0.475700
vt 0.198800 0.495400
vt 0.183200 0.495200
vt 0.182800 0.490200
vt 0.198000 0.490400
vt 0.167400 0.495000
vt 0.167200 0.490100
vt 0.135400 0.494700
vt 0.135900 0.489800
vt 0.151600 0.489900
vt 0.151400 0.494900
vt 0.136300 0.484900
vt 0.151700 0.485100
vt 0.136800 0.475600
vt 0.151600 0.475700
vt 0.151700 0.480300
vt 0.136700 0.480200
vt 0.071600 0.493100
vt 0.073900 0.488300
vt 0.089400 0.488800
vt 0.087700 0.493700
vt 0.076200 0.483600
vt 0.091200 0.484000
vt 0.106200 0.484300
vt 0.104800 0.489200
vt 0.103500 0.494200
vt 0.080800 0.474100
vt 0.094800 0.474500
vt 0.093000 0.479200
vt 0.078500 0.478800
vt 0.108800 0.474800
vt 0.107500 0.479600
vt 0.122000 0.479900
vt 0.122800 0.475200
vt 0.121200 0.484700
vt 0.119400 0.494500
vt 0.120300 0.489500
vt 0.473200 0.344400
vt 0.478600 0.346800
vt 0.468100 0.342200
vt 0.470000 0.330800
vt 0.475300 0.331600
vt 0.480600 0.332900
vt 0.458800 0.341000
vt 0.463400 0.340800
vt 0.459300 0.331600
vt 0.464700 0.330600
vt 0.465200 0.319200
vt 0.459400 0.320700
vt 0.470900 0.318600
vt 0.482600 0.318900
vt 0.476700 0.318600
vt 0.387900 0.396700
vt 0.388300 0.407200
vt 0.377300 0.407700
vt 0.377200 0.397100
vt 0.389700 0.425800
vt 0.389000 0.416900
vt 0.377800 0.426600
vt 0.377500 0.417600
vt 0.354100 0.424500
vt 0.354500 0.415400
vt 0.366000 0.417000
vt 0.365900 0.426100
vt 0.355000 0.405600
vt 0.366100 0.407100
vt 0.366400 0.396500
vt 0.355600 0.394900
vt 0.390400 0.433900
vt 0.391300 0.441700
vt 0.378600 0.442700
vt 0.378200 0.434900
vt 0.393300 0.457700
vt 0.392300 0.449700
vt 0.379500 0.457900
vt 0.379000 0.450300
vt 0.351900 0.458200
vt 0.352800 0.449000
vt 0.365800 0.450200
vt 0.365700 0.458000
vt 0.353300 0.440900
vt 0.365800 0.442400
vt 0.365900 0.434500
vt 0.353700 0.432900
vt 0.302500 0.440500
vt 0.305600 0.433200
vt 0.316500 0.437800
vt 0.314900 0.444900
vt 0.307400 0.426000
vt 0.318000 0.430500
vt 0.329300 0.434700
vt 0.328200 0.442100
vt 0.327200 0.449400
vt 0.310100 0.410600
vt 0.320400 0.414900
vt 0.319200 0.423000
vt 0.308800 0.418500
vt 0.331200 0.418700
vt 0.330200 0.426900
vt 0.341800 0.430300
vt 0.342500 0.422000
vt 0.341100 0.438200
vt 0.339500 0.453800
vt 0.340300 0.446000
vt 0.311500 0.401900
vt 0.321600 0.406100
vt 0.312800 0.392500
vt 0.322800 0.396500
vt 0.333300 0.400100
vt 0.332200 0.409800
vt 0.324100 0.386200
vt 0.314200 0.382400
vt 0.334300 0.389700
vt 0.344900 0.392600
vt 0.344000 0.403200
vt 0.343200 0.413000
vt 0.407200 0.369800
vt 0.406800 0.357300
vt 0.415900 0.354400
vt 0.416500 0.366600
vt 0.406100 0.330600
vt 0.406400 0.344200
vt 0.414800 0.328200
vt 0.415300 0.341500
vt 0.431100 0.321700
vt 0.431900 0.334500
vt 0.423900 0.338200
vt 0.423100 0.325100
vt 0.432700 0.346700
vt 0.424600 0.350800
vt 0.425400 0.362700
vt 0.433600 0.358200
vt 0.405500 0.316900
vt 0.404700 0.303000
vt 0.413000 0.300800
vt 0.414000 0.314500
vt 0.401700 0.275800
vt 0.403400 0.289300
vt 0.409500 0.273800
vt 0.411500 0.287200
vt 0.423900 0.268100
vt 0.426600 0.281500
vt 0.419200 0.284500
vt 0.416900 0.271200
vt 0.428500 0.295000
vt 0.420900 0.298100
vt 0.422200 0.311700
vt 0.430000 0.308500
vt 0.446700 0.271600
vt 0.443200 0.258200
vt 0.449400 0.285200
vt 0.442800 0.288300
vt 0.440300 0.274800
vt 0.437100 0.261400
vt 0.452500 0.311300
vt 0.451300 0.298400
vt 0.445800 0.314500
vt 0.444600 0.301600
vt 0.437500 0.305000
vt 0.438700 0.318100
vt 0.435800 0.291700
vt 0.430700 0.264800
vt 0.433600 0.278200
vt 0.453200 0.323300
vt 0.453500 0.334300
vt 0.447100 0.338100
vt 0.446600 0.326700
vt 0.453600 0.343900
vt 0.447800 0.348300
vt 0.441100 0.353200
vt 0.440200 0.342400
vt 0.439500 0.330600
vt 0.322100 0.539400
vt 0.307600 0.539400
vt 0.307400 0.534100
vt 0.321900 0.534300
vt 0.293000 0.539300
vt 0.292800 0.534000
vt 0.292400 0.528700
vt 0.307000 0.528900
vt 0.321500 0.529100
vt 0.263400 0.539300
vt 0.263300 0.533800
vt 0.278200 0.533900
vt 0.278300 0.539300
vt 0.263000 0.528400
vt 0.277800 0.528500
vt 0.261800 0.517500
vt 0.276400 0.517900
vt 0.277200 0.523200
vt 0.262500 0.522900
vt 0.290900 0.518200
vt 0.291800 0.523400
vt 0.320100 0.518800
vt 0.320900 0.524000
vt 0.306300 0.523700
vt 0.305400 0.518500
vt 0.248300 0.539300
vt 0.248200 0.533700
vt 0.232900 0.539300
vt 0.232800 0.533700
vt 0.232600 0.528100
vt 0.248000 0.528200
vt 0.200900 0.539300
vt 0.200800 0.533600
vt 0.217100 0.533600
vt 0.217100 0.539300
vt 0.200800 0.527900
vt 0.216900 0.528000
vt 0.200400 0.516700
vt 0.216400 0.516800
vt 0.216700 0.522400
vt 0.200600 0.522300
vt 0.231800 0.517000
vt 0.232300 0.522500
vt 0.247600 0.522700
vt 0.247000 0.517300
vt 0.213900 0.495700
vt 0.214700 0.500800
vt 0.199300 0.500500
vt 0.228700 0.496000
vt 0.229700 0.501100
vt 0.230500 0.506300
vt 0.215400 0.506000
vt 0.199800 0.505800
vt 0.258100 0.496500
vt 0.258900 0.501800
vt 0.244400 0.501400
vt 0.243300 0.496300
vt 0.259900 0.507000
vt 0.245300 0.506600
vt 0.246200 0.511900
vt 0.260900 0.512300
vt 0.231200 0.511600
vt 0.200200 0.511200
vt 0.215900 0.511400
vt 0.271800 0.497200
vt 0.273000 0.502300
vt 0.285500 0.497900
vt 0.287000 0.502900
vt 0.288400 0.508000
vt 0.274200 0.507500
vt 0.313000 0.499400
vt 0.314800 0.504200
vt 0.300900 0.503600
vt 0.299300 0.498600
vt 0.316600 0.509100
vt 0.302500 0.508500
vt 0.304000 0.513500
vt 0.318300 0.513900
vt 0.289700 0.513100
vt 0.275400 0.512700
vt 0.304700 0.378300
vt 0.306000 0.367500
vt 0.303300 0.388300
vt 0.294300 0.384000
vt 0.295600 0.374200
vt 0.296800 0.363600
vt 0.300600 0.406000
vt 0.302000 0.397500
vt 0.291700 0.401400
vt 0.293000 0.393000
vt 0.275300 0.392800
vt 0.276300 0.384700
vt 0.284500 0.388700
vt 0.283200 0.396900
vt 0.277300 0.375900
vt 0.285700 0.379800
vt 0.279300 0.356200
vt 0.288000 0.359700
vt 0.286800 0.370100
vt 0.278400 0.366400
vt 0.299300 0.413800
vt 0.297800 0.421200
vt 0.289100 0.416300
vt 0.290400 0.409100
vt 0.294400 0.435100
vt 0.296200 0.428200
vt 0.286300 0.429700
vt 0.287700 0.423100
vt 0.270100 0.418800
vt 0.271900 0.413400
vt 0.279600 0.418000
vt 0.278200 0.424300
vt 0.273200 0.407100
vt 0.280900 0.411500
vt 0.282100 0.404500
vt 0.274300 0.400300
vt 0.252300 0.404400
vt 0.252000 0.410000
vt 0.252600 0.398500
vt 0.259200 0.400500
vt 0.258600 0.406800
vt 0.258100 0.412900
vt 0.253100 0.384600
vt 0.252800 0.391900
vt 0.260300 0.386400
vt 0.259800 0.393800
vt 0.266900 0.396600
vt 0.267700 0.389300
vt 0.266000 0.403500
vt 0.264100 0.415900
vt 0.265100 0.409800
vt 0.253400 0.376700
vt 0.253700 0.368100
vt 0.261400 0.369900
vt 0.260900 0.378500
vt 0.254200 0.349000
vt 0.254000 0.358900
vt 0.262500 0.350700
vt 0.262000 0.360600
vt 0.270100 0.363200
vt 0.270800 0.353100
vt 0.269300 0.372500
vt 0.268500 0.381200
vt 0.297400 0.083300
vt 0.297000 0.074800
vt 0.297900 0.092200
vt 0.289600 0.087800
vt 0.289100 0.078700
vt 0.288600 0.070000
vt 0.299000 0.111400
vt 0.298400 0.101600
vt 0.290900 0.107400
vt 0.290200 0.097300
vt 0.275300 0.101300
vt 0.274700 0.091100
vt 0.282300 0.093800
vt 0.283000 0.104000
vt 0.274200 0.081300
vt 0.281700 0.084100
vt 0.273300 0.063100
vt 0.280800 0.066100
vt 0.281200 0.074900
vt 0.273700 0.072000
vt 0.299800 0.121700
vt 0.300600 0.132500
vt 0.292400 0.128800
vt 0.291600 0.117800
vt 0.302600 0.155400
vt 0.301600 0.143700
vt 0.294300 0.152100
vt 0.293400 0.140200
vt 0.278000 0.146900
vt 0.277300 0.134800
vt 0.285300 0.137300
vt 0.286100 0.149300
vt 0.276600 0.123200
vt 0.284400 0.125700
vt 0.283700 0.114600
vt 0.275900 0.112000
vt 0.253800 0.130800
vt 0.254000 0.143000
vt 0.253600 0.119100
vt 0.261200 0.119900
vt 0.261600 0.131600
vt 0.262000 0.143800
vt 0.253200 0.097000
vt 0.253400 0.107800
vt 0.260500 0.097900
vt 0.260800 0.108600
vt 0.268300 0.110000
vt 0.267800 0.099300
vt 0.268800 0.121300
vt 0.270000 0.145100
vt 0.269400 0.133000
vt 0.253100 0.086700
vt 0.252900 0.076800
vt 0.259800 0.077700
vt 0.260100 0.087500
vt 0.252600 0.058400
vt 0.252800 0.067400
vt 0.259300 0.059300
vt 0.259600 0.068200
vt 0.266500 0.069700
vt 0.266200 0.060800
vt 0.266900 0.079100
vt 0.267300 0.089000
vt 0.310900 0.275800
vt 0.310700 0.261700
vt 0.310900 0.289900
vt 0.301400 0.287200
vt 0.301500 0.273200
vt 0.301400 0.259200
vt 0.310000 0.317500
vt 0.310500 0.303800
vt 0.300600 0.314400
vt 0.301100 0.301000
vt 0.282100 0.308800
vt 0.282500 0.295700
vt 0.291800 0.298200
vt 0.291300 0.311500
vt 0.282800 0.282300
vt 0.292100 0.284600
vt 0.282800 0.254800
vt 0.292100 0.256900
vt 0.292200 0.270800
vt 0.282900 0.268700
vt 0.309200 0.330900
vt 0.308300 0.343700
vt 0.299000 0.340200
vt 0.299900 0.327600
vt 0.307200 0.356000
vt 0.298000 0.352200
vt 0.280200 0.345200
vt 0.289000 0.348600
vt 0.280900 0.333600
vt 0.289900 0.336800
vt 0.290700 0.324400
vt 0.281600 0.321500
vt 0.254500 0.338500
vt 0.254700 0.327300
vt 0.263400 0.328800
vt 0.262900 0.340000
vt 0.255000 0.303400
vt 0.254900 0.315600
vt 0.264000 0.304600
vt 0.263700 0.316900
vt 0.272600 0.318900
vt 0.273000 0.306500
vt 0.272100 0.330900
vt 0.271500 0.342300
vt 0.255100 0.290800
vt 0.255200 0.277800
vt 0.264300 0.278800
vt 0.264200 0.291900
vt 0.255200 0.251000
vt 0.255200 0.264500
vt 0.264400 0.251800
vt 0.264400 0.265400
vt 0.273600 0.266800
vt 0.273600 0.253100
vt 0.273500 0.280400
vt 0.273300 0.293600
vt 0.235800 0.813300
vt 0.235700 0.817500
vt 0.225100 0.817400
vt 0.225200 0.813300
vt 0.235400 0.821700
vt 0.224900 0.821600
vt 0.215400 0.821400
vt 0.215600 0.817400
vt 0.215600 0.813300
vt 0.234600 0.830100
vt 0.224200 0.829800
vt 0.224600 0.825700
vt 0.235100 0.825900
vt 0.214800 0.829600
vt 0.215100 0.825500
vt 0.198500 0.829300
vt 0.198700 0.825300
vt 0.206500 0.825400
vt 0.206300 0.829400
vt 0.198800 0.821300
vt 0.206800 0.821400
vt 0.199000 0.813300
vt 0.207000 0.813300
vt 0.206900 0.817300
vt 0.198900 0.817300
vt 0.234100 0.834300
vt 0.223800 0.834000
vt 0.233400 0.838500
vt 0.223200 0.838100
vt 0.214100 0.837800
vt 0.214500 0.833700
vt 0.229700 0.846600
vt 0.221300 0.846300
vt 0.222300 0.842200
vt 0.232200 0.842600
vt 0.212900 0.846000
vt 0.213500 0.841900
vt 0.196200 0.845300
vt 0.197400 0.841400
vt 0.205100 0.841600
vt 0.204500 0.845700
vt 0.197900 0.837400
vt 0.205600 0.837600
vt 0.206000 0.833500
vt 0.198200 0.833400
vt 0.177700 0.841200
vt 0.177700 0.845200
vt 0.177800 0.837200
vt 0.184200 0.837200
vt 0.184000 0.841200
vt 0.183800 0.845300
vt 0.177900 0.829200
vt 0.177800 0.833200
vt 0.184400 0.829200
vt 0.184300 0.833200
vt 0.191100 0.833300
vt 0.191200 0.829200
vt 0.190800 0.837300
vt 0.190000 0.845300
vt 0.190400 0.841300
vt 0.177900 0.825200
vt 0.178000 0.821200
vt 0.184600 0.821200
vt 0.184500 0.825200
vt 0.178000 0.813300
vt 0.178000 0.817300
vt 0.184700 0.813300
vt 0.184600 0.817300
vt 0.191600 0.817300
vt 0.191600 0.813300
vt 0.191500 0.821300
vt 0.191400 0.825200
vt 0.254200 0.155700
vt 0.262400 0.156500
vt 0.262800 0.169500
vt 0.254400 0.168800
vt 0.278800 0.159500
vt 0.270600 0.157700
vt 0.279600 0.172500
vt 0.271100 0.170800
vt 0.281000 0.199400
vt 0.272200 0.197700
vt 0.271700 0.184100
vt 0.280300 0.185800
vt 0.263500 0.196600
vt 0.263100 0.182900
vt 0.254600 0.182200
vt 0.254800 0.195800
vt 0.287100 0.161700
vt 0.295400 0.164400
vt 0.296500 0.177200
vt 0.288000 0.174600
vt 0.312300 0.171100
vt 0.303800 0.167600
vt 0.313600 0.183500
vt 0.305000 0.180200
vt 0.316300 0.209300
vt 0.307500 0.206400
vt 0.306300 0.193100
vt 0.315000 0.196200
vt 0.298600 0.203700
vt 0.297600 0.190300
vt 0.288900 0.187900
vt 0.289800 0.201400
vt 0.310200 0.247600
vt 0.319600 0.250200
vt 0.301000 0.245100
vt 0.300400 0.231200
vt 0.309500 0.233700
vt 0.318700 0.236400
vt 0.282600 0.240900
vt 0.291800 0.242900
vt 0.282200 0.227000
vt 0.291200 0.228900
vt 0.290600 0.215100
vt 0.281600 0.213100
vt 0.299500 0.217400
vt 0.317600 0.222700
vt 0.308500 0.219900
vt 0.273400 0.239300
vt 0.264300 0.238100
vt 0.264100 0.224200
vt 0.273100 0.225400
vt 0.255100 0.237300
vt 0.255000 0.223400
vt 0.254900 0.209600
vt 0.263800 0.210300
vt 0.272700 0.211500
vt 0.320900 0.175100
vt 0.329400 0.179300
vt 0.330900 0.191100
vt 0.322300 0.187200
vt 0.345900 0.188000
vt 0.337800 0.183700
vt 0.347500 0.198800
vt 0.339300 0.195000
vt 0.351500 0.222100
vt 0.342900 0.219100
vt 0.341100 0.206800
vt 0.349500 0.210200
vt 0.334100 0.215800
vt 0.332500 0.203200
vt 0.323800 0.199700
vt 0.325300 0.212500
vt 0.353600 0.192100
vt 0.360600 0.195700
vt 0.362700 0.205300
vt 0.355400 0.202300
vt 0.372200 0.199700
vt 0.366900 0.198600
vt 0.375500 0.208000
vt 0.369500 0.207300
vt 0.382500 0.228100
vt 0.375400 0.227900
vt 0.372400 0.217200
vt 0.379000 0.217500
vt 0.367800 0.226700
vt 0.365200 0.215600
vt 0.357500 0.213200
vt 0.359800 0.224700
vt 0.383300 0.264200
vt 0.391500 0.264000
vt 0.374700 0.263600
vt 0.372700 0.250800
vt 0.381000 0.251500
vt 0.388900 0.251400
vt 0.356800 0.260500
vt 0.365900 0.262300
vt 0.355300 0.247300
vt 0.364100 0.249300
vt 0.362100 0.236700
vt 0.353500 0.234400
vt 0.370400 0.238400
vt 0.385800 0.239400
vt 0.378300 0.239400
vt 0.347600 0.258200
vt 0.338300 0.255700
vt 0.337100 0.242100
vt 0.346300 0.244800
vt 0.328900 0.253000
vt 0.327900 0.239200
vt 0.326700 0.225700
vt 0.335700 0.228800
vt 0.344700 0.231700
vt 0.376300 0.198200
vt 0.379900 0.194900
vt 0.385400 0.204200
vt 0.380700 0.206800
vt 0.386700 0.186300
vt 0.383300 0.190900
vt 0.393800 0.196600
vt 0.389700 0.200700
vt 0.406300 0.218700
vt 0.400900 0.222100
vt 0.395600 0.211100
vt 0.400300 0.207400
vt 0.395200 0.225000
vt 0.390500 0.214200
vt 0.385000 0.216500
vt 0.389100 0.227100
vt 0.390100 0.181500
vt 0.393400 0.176700
vt 0.401600 0.187800
vt 0.397800 0.192300
vt 0.399800 0.167400
vt 0.396600 0.171900
vt 0.409000 0.179200
vt 0.405400 0.183400
vt 0.425400 0.203400
vt 0.420900 0.207200
vt 0.413500 0.195100
vt 0.417500 0.191200
vt 0.416300 0.211000
vt 0.409300 0.199300
vt 0.404900 0.203400
vt 0.411400 0.215000
vt 0.438900 0.245000
vt 0.444400 0.241800
vt 0.433100 0.248400
vt 0.428200 0.235600
vt 0.433700 0.232100
vt 0.438900 0.228700
vt 0.420600 0.255200
vt 0.427000 0.251800
vt 0.416500 0.242600
vt 0.422500 0.239200
vt 0.417300 0.226900
vt 0.411700 0.230400
vt 0.422600 0.223200
vt 0.432500 0.216000
vt 0.427700 0.219500
vt 0.413800 0.258200
vt 0.406700 0.260800
vt 0.403400 0.248300
vt 0.410100 0.245700
vt 0.399300 0.262800
vt 0.396300 0.250300
vt 0.392900 0.238300
vt 0.399500 0.236400
vt 0.405800 0.233700
vt 0.336300 0.853400
vt 0.322500 0.852400
vt 0.324000 0.847700
vt 0.338000 0.848500
vt 0.308600 0.851500
vt 0.310000 0.846900
vt 0.311400 0.842200
vt 0.325500 0.842900
vt 0.339600 0.843600
vt 0.281000 0.849700
vt 0.282500 0.845300
vt 0.296200 0.846100
vt 0.294800 0.850600
vt 0.283700 0.840800
vt 0.297400 0.841500
vt 0.285300 0.831800
vt 0.299700 0.832300
vt 0.298600 0.836900
vt 0.284600 0.836300
vt 0.314100 0.832800
vt 0.312800 0.837500
vt 0.343000 0.833900
vt 0.341300 0.838800
vt 0.327000 0.838100
vt 0.328500 0.833400
vt 0.268200 0.848900
vt 0.269200 0.844500
vt 0.255300 0.848100
vt 0.256300 0.843800
vt 0.257200 0.839500
vt 0.270200 0.840100
vt 0.243800 0.843200
vt 0.242500 0.847400
vt 0.244800 0.839000
vt 0.246200 0.830400
vt 0.245600 0.834700
vt 0.258700 0.830800
vt 0.258000 0.835200
vt 0.271100 0.835700
vt 0.271800 0.831300
vt 0.247500 0.813300
vt 0.247400 0.817600
vt 0.260100 0.813300
vt 0.260000 0.817700
vt 0.259700 0.822100
vt 0.247100 0.821900
vt 0.287400 0.813300
vt 0.286800 0.817900
vt 0.273300 0.817800
vt 0.273400 0.813300
vt 0.286300 0.822500
vt 0.272800 0.822300
vt 0.272400 0.826800
vt 0.285800 0.827200
vt 0.259200 0.826500
vt 0.246700 0.826200
vt 0.381600 0.539400
vt 0.366200 0.539400
vt 0.365900 0.534700
vt 0.380700 0.534800
vt 0.351400 0.539400
vt 0.351200 0.534500
vt 0.350600 0.529600
vt 0.365300 0.529900
vt 0.379900 0.530200
vt 0.336500 0.534400
vt 0.336700 0.539400
vt 0.336100 0.529400
vt 0.334700 0.519300
vt 0.335400 0.524400
vt 0.349200 0.519900
vt 0.350000 0.524800
vt 0.378300 0.520900
vt 0.379100 0.525500
vt 0.364600 0.525100
vt 0.363800 0.520400
vt 0.380400 0.639600
vt 0.393000 0.641000
vt 0.393700 0.647700
vt 0.380500 0.646700
vt 0.405500 0.642400
vt 0.406600 0.648900
vt 0.407600 0.655500
vt 0.394400 0.654500
vt 0.381000 0.653600
vt 0.430600 0.645200
vt 0.432100 0.651400
vt 0.419400 0.650200
vt 0.418000 0.643800
vt 0.433700 0.657600
vt 0.420700 0.656500
vt 0.436800 0.670000
vt 0.423000 0.669500
vt 0.421900 0.662900
vt 0.435300 0.663800
vt 0.409400 0.668800
vt 0.408600 0.662100
vt 0.382000 0.667600
vt 0.381500 0.660500
vt 0.395100 0.661300
vt 0.395800 0.668200
vt 0.017400 0.487800
vt 0.030900 0.489100
vt 0.028100 0.495100
vt 0.014200 0.493900
vt 0.044500 0.490400
vt 0.042100 0.496300
vt 0.039700 0.502200
vt 0.025300 0.501200
vt 0.011000 0.500100
vt 0.070800 0.498300
vt 0.056200 0.497400
vt 0.058100 0.491700
vt 0.069400 0.503800
vt 0.054300 0.503100
vt 0.066400 0.515300
vt 0.050800 0.514800
vt 0.052400 0.508900
vt 0.067800 0.509500
vt 0.035500 0.514200
vt 0.037400 0.508100
vt 0.004600 0.512500
vt 0.007800 0.506300
vt 0.022600 0.507200
vt 0.020300 0.513400
vt 0.063500 0.539400
vt 0.047500 0.539400
vt 0.047700 0.533200
vt 0.063700 0.533300
vt 0.031800 0.539400
vt 0.032100 0.533000
vt 0.032800 0.526700
vt 0.048400 0.527000
vt 0.064300 0.527300
vt 0.000000 0.539400
vt 0.001200 0.532700
vt 0.016600 0.532900
vt 0.016200 0.539400
vt 0.002300 0.525900
vt 0.017500 0.526300
vt 0.018700 0.519800
vt 0.003500 0.519200
vt 0.034000 0.520400
vt 0.065200 0.521300
vt 0.049400 0.520900
vt 0.438700 0.696900
vt 0.424600 0.696900
vt 0.424500 0.690000
vt 0.438300 0.690200
vt 0.410800 0.696900
vt 0.410700 0.689800
vt 0.410400 0.682700
vt 0.424100 0.683100
vt 0.437800 0.683400
vt 0.382800 0.696900
vt 0.382800 0.689500
vt 0.396800 0.689600
vt 0.396900 0.696900
vt 0.382600 0.682100
vt 0.396600 0.682400
vt 0.396300 0.675200
vt 0.382400 0.674700
vt 0.410000 0.675700
vt 0.437300 0.676700
vt 0.423700 0.676200
vt 0.086300 0.499000
vt 0.102300 0.499400
vt 0.101200 0.504800
vt 0.085100 0.504400
vt 0.134800 0.499900
vt 0.118500 0.499700
vt 0.134200 0.505300
vt 0.117600 0.505100
vt 0.133100 0.516300
vt 0.116100 0.516200
vt 0.116800 0.510600
vt 0.133700 0.510700
vt 0.099200 0.516000
vt 0.100100 0.510300
vt 0.083800 0.510000
vt 0.082500 0.515700
vt 0.151200 0.500100
vt 0.167400 0.500200
vt 0.167400 0.505500
vt 0.150900 0.505400
vt 0.183600 0.500300
vt 0.183800 0.505600
vt 0.184000 0.516600
vt 0.183900 0.511000
vt 0.167300 0.516500
vt 0.167400 0.510900
vt 0.150600 0.510900
vt 0.150200 0.516400
vt 0.184100 0.539300
vt 0.184100 0.533500
vt 0.166900 0.539300
vt 0.167000 0.533500
vt 0.167000 0.527800
vt 0.184100 0.527800
vt 0.132000 0.539300
vt 0.132100 0.533500
vt 0.149600 0.533500
vt 0.149500 0.539300
vt 0.132300 0.527700
vt 0.149700 0.527800
vt 0.150000 0.522100
vt 0.132700 0.522000
vt 0.167100 0.522100
vt 0.184100 0.522200
vt 0.114500 0.539300
vt 0.114600 0.533500
vt 0.097200 0.539300
vt 0.097300 0.533400
vt 0.097700 0.527600
vt 0.114900 0.527700
vt 0.080300 0.533400
vt 0.080100 0.539400
vt 0.080800 0.527400
vt 0.081500 0.521500
vt 0.098300 0.521800
vt 0.115400 0.521900
vt 0.275900 0.636400
vt 0.288200 0.636500
vt 0.288300 0.643700
vt 0.277300 0.643600
vt 0.300500 0.636700
vt 0.300400 0.643900
vt 0.300300 0.651100
vt 0.288400 0.651000
vt 0.277500 0.650900
vt 0.325200 0.637000
vt 0.325800 0.644300
vt 0.312900 0.644100
vt 0.312900 0.636900
vt 0.325900 0.651500
vt 0.312800 0.651300
vt 0.325900 0.666100
vt 0.312600 0.665900
vt 0.312700 0.658500
vt 0.326000 0.658800
vt 0.299900 0.665800
vt 0.300100 0.658400
vt 0.277000 0.665700
vt 0.277300 0.658200
vt 0.288200 0.658300
vt 0.287900 0.665800
vt 0.339000 0.637700
vt 0.339300 0.644800
vt 0.352800 0.638300
vt 0.353100 0.645300
vt 0.353400 0.652300
vt 0.339500 0.651900
vt 0.366900 0.645900
vt 0.366600 0.638900
vt 0.367200 0.652900
vt 0.367900 0.667100
vt 0.367600 0.659900
vt 0.353800 0.666700
vt 0.353600 0.659400
vt 0.339700 0.659100
vt 0.339700 0.666400
vt 0.368500 0.696900
vt 0.368500 0.689300
vt 0.354200 0.696900
vt 0.354100 0.689200
vt 0.354100 0.681600
vt 0.368400 0.681800
vt 0.326000 0.696900
vt 0.326000 0.689100
vt 0.339900 0.689100
vt 0.339900 0.696900
vt 0.325900 0.681300
vt 0.339900 0.681400
vt 0.339800 0.673800
vt 0.325900 0.673700
vt 0.354000 0.674100
vt 0.368200 0.674400
vt 0.312500 0.696900
vt 0.312500 0.689000
vt 0.299700 0.696900
vt 0.299700 0.689000
vt 0.299700 0.681200
vt 0.312500 0.681200
vt 0.276700 0.696900
vt 0.276700 0.689000
vt 0.287700 0.689000
vt 0.287700 0.696900
vt 0.276700 0.681100
vt 0.287700 0.681100
vt 0.287800 0.673400
vt 0.276800 0.673400
vt 0.299700 0.673400
vt 0.312500 0.673500
vt 0.422300 0.142400
vt 0.419500 0.144800
vt 0.433700 0.156100
vt 0.430900 0.158300
vt 0.428200 0.160600
vt 0.416800 0.147300
vt 0.456600 0.183600
vt 0.453400 0.185400
vt 0.442200 0.171900
vt 0.445200 0.169900
vt 0.450200 0.187200
vt 0.439200 0.173900
vt 0.443800 0.190800
vt 0.433000 0.178400
vt 0.436200 0.176000
vt 0.447000 0.189000
vt 0.422400 0.165600
vt 0.425300 0.163000
vt 0.414200 0.149900
vt 0.411500 0.152800
vt 0.241900 0.491500
vt 0.256300 0.491900
vt 0.227500 0.491100
vt 0.226200 0.486400
vt 0.240400 0.486900
vt 0.254500 0.487400
vt 0.212900 0.490700
vt 0.211900 0.485900
vt 0.209900 0.476500
vt 0.210900 0.481200
vt 0.223600 0.477100
vt 0.224900 0.481700
vt 0.250900 0.478400
vt 0.252700 0.482900
vt 0.238800 0.482300
vt 0.237200 0.477700
vt 0.449600 0.239000
vt 0.443800 0.225800
vt 0.448600 0.223100
vt 0.454800 0.236500
vt 0.429600 0.200100
vt 0.437100 0.212800
vt 0.433900 0.197000
vt 0.441700 0.209900
vt 0.451100 0.204400
vt 0.446300 0.207100
vt 0.438400 0.194000
vt 0.458300 0.218100
vt 0.453500 0.220600
vt 0.460100 0.234100
vt 0.465500 0.231700
vt 0.421400 0.187600
vt 0.412500 0.175300
vt 0.415900 0.171800
vt 0.425300 0.184300
vt 0.402900 0.163200
vt 0.405900 0.159400
vt 0.408800 0.156000
vt 0.419200 0.168500
vt 0.429200 0.181200
vt 0.225400 0.636300
vt 0.225300 0.643600
vt 0.231400 0.636300
vt 0.231300 0.643600
vt 0.231100 0.650900
vt 0.225200 0.650900
vt 0.243400 0.636200
vt 0.244000 0.643500
vt 0.237400 0.643600
vt 0.237400 0.636300
vt 0.243900 0.650900
vt 0.237300 0.650900
vt 0.243500 0.665700
vt 0.237000 0.665800
vt 0.237200 0.658300
vt 0.243800 0.658200
vt 0.230900 0.665800
vt 0.231000 0.658300
vt 0.225100 0.658300
vt 0.225000 0.665800
vt 0.251500 0.636300
vt 0.251400 0.643500
vt 0.259600 0.636300
vt 0.259400 0.643600
vt 0.259100 0.650800
vt 0.251200 0.650800
vt 0.267800 0.643600
vt 0.267800 0.636300
vt 0.267800 0.650900
vt 0.267300 0.665700
vt 0.267600 0.658200
vt 0.258500 0.665700
vt 0.258800 0.658200
vt 0.250900 0.658200
vt 0.250700 0.665700
vt 0.266900 0.696900
vt 0.266900 0.689000
vt 0.258200 0.696900
vt 0.258200 0.689000
vt 0.258200 0.681100
vt 0.267000 0.681100
vt 0.243200 0.696900
vt 0.243300 0.689000
vt 0.250300 0.689000
vt 0.250300 0.696900
vt 0.243300 0.681200
vt 0.250400 0.681100
vt 0.250500 0.673400
vt 0.243400 0.673400
vt 0.258300 0.673400
vt 0.267100 0.673300
vt 0.236800 0.696900
vt 0.236800 0.689000
vt 0.230700 0.696900
vt 0.230700 0.689000
vt 0.230700 0.681200
vt 0.236800 0.681200
vt 0.225000 0.689000
vt 0.225000 0.696900
vt 0.225000 0.681200
vt 0.225000 0.673500
vt 0.230800 0.673400
vt 0.236900 0.673400
vt 0.252200 0.001400
vt 0.252200 0.007600
vt 0.258400 0.002700
vt 0.258500 0.008800
vt 0.258500 0.015000
vt 0.252200 0.013900
vt 0.270700 0.005500
vt 0.271700 0.013000
vt 0.264800 0.010400
vt 0.264500 0.004100
vt 0.272000 0.019400
vt 0.265100 0.016800
vt 0.272300 0.032200
vt 0.265300 0.029600
vt 0.265200 0.023100
vt 0.272200 0.025700
vt 0.258700 0.027900
vt 0.258600 0.021300
vt 0.252300 0.020300
vt 0.252300 0.026900
vt 0.279100 0.011100
vt 0.279300 0.017200
vt 0.287500 0.016600
vt 0.287600 0.022400
vt 0.287700 0.028200
vt 0.279500 0.023300
vt 0.296200 0.028200
vt 0.295900 0.022200
vt 0.296500 0.034100
vt 0.296500 0.045900
vt 0.296500 0.039900
vt 0.287700 0.040200
vt 0.287700 0.034000
vt 0.279600 0.029400
vt 0.279700 0.035700
vt 0.296800 0.066900
vt 0.288300 0.061900
vt 0.288000 0.054200
vt 0.296600 0.059400
vt 0.272900 0.054600
vt 0.280400 0.057800
vt 0.272700 0.046700
vt 0.280100 0.049900
vt 0.279900 0.042600
vt 0.272400 0.039200
vt 0.287800 0.047000
vt 0.296500 0.052400
vt 0.265900 0.052300
vt 0.259100 0.050700
vt 0.258900 0.042600
vt 0.265600 0.044300
vt 0.252500 0.049800
vt 0.252400 0.041700
vt 0.252400 0.034100
vt 0.258800 0.035000
vt 0.265400 0.036700
vt 0.898000 0.155900
vt 0.887800 0.144600
vt 0.890000 0.139700
vt 0.900700 0.151400
vt 0.877100 0.133700
vt 0.878900 0.128400
vt 0.880800 0.123500
vt 0.892200 0.135200
vt 0.903300 0.147300
vt 0.855400 0.113200
vt 0.856400 0.107000
vt 0.867700 0.117400
vt 0.866300 0.123100
vt 0.857400 0.101200
vt 0.869100 0.112100
vt 0.859600 0.091000
vt 0.871900 0.102700
vt 0.870500 0.107200
vt 0.858500 0.095900
vt 0.884300 0.114800
vt 0.882500 0.118900
vt 0.908300 0.140000
vt 0.905800 0.143500
vt 0.894400 0.131100
vt 0.896500 0.127300
vt 0.844500 0.103800
vt 0.845200 0.097200
vt 0.833900 0.095200
vt 0.834200 0.088200
vt 0.834600 0.081700
vt 0.845900 0.091100
vt 0.814000 0.080600
vt 0.813900 0.072900
vt 0.823800 0.080100
vt 0.823700 0.087500
vt 0.813800 0.065700
vt 0.823900 0.073200
vt 0.813900 0.052700
vt 0.824400 0.060700
vt 0.824100 0.066700
vt 0.813800 0.058900
vt 0.835600 0.069900
vt 0.835100 0.075600
vt 0.846600 0.085300
vt 0.847400 0.080100
vt 0.812200 0.027800
vt 0.825000 0.039000
vt 0.825100 0.044500
vt 0.813800 0.035300
vt 0.837800 0.050300
vt 0.837300 0.055000
vt 0.836800 0.059800
vt 0.825100 0.049900
vt 0.814200 0.041200
vt 0.863500 0.072800
vt 0.862800 0.077900
vt 0.849900 0.066100
vt 0.850600 0.061500
vt 0.861800 0.082200
vt 0.849100 0.070600
vt 0.848300 0.075200
vt 0.860700 0.086500
vt 0.836200 0.064700
vt 0.814100 0.046900
vt 0.824800 0.055200
vt 0.877300 0.086800
vt 0.876000 0.090700
vt 0.891100 0.100700
vt 0.889400 0.104100
vt 0.887700 0.107500
vt 0.874700 0.094600
vt 0.918800 0.128700
vt 0.915500 0.131300
vt 0.902700 0.117600
vt 0.905000 0.114700
vt 0.913000 0.134000
vt 0.900600 0.120700
vt 0.898500 0.123900
vt 0.910600 0.136900
vt 0.886000 0.111000
vt 0.873400 0.098500
vt 0.966000 0.347500
vt 0.968900 0.349700
vt 0.964700 0.357500
vt 0.962400 0.351700
vt 0.972900 0.352800
vt 0.968100 0.362200
vt 0.962000 0.370900
vt 0.959200 0.364600
vt 0.957000 0.357200
vt 0.984600 0.360800
vt 0.976600 0.371000
vt 0.972300 0.366800
vt 0.977800 0.356200
vt 0.969000 0.381300
vt 0.965400 0.376400
vt 0.951900 0.400000
vt 0.949300 0.393400
vt 0.957800 0.385300
vt 0.960800 0.391000
vt 0.946800 0.386100
vt 0.954900 0.378900
vt 0.942800 0.368600
vt 0.950400 0.363000
vt 0.952400 0.371500
vt 0.944600 0.377900
vt 0.988400 0.363100
vt 0.980500 0.374500
vt 0.992300 0.365400
vt 0.984100 0.377600
vt 0.975700 0.389600
vt 0.972400 0.385600
vt 1.000000 0.370000
vt 0.991300 0.383600
vt 0.987700 0.380600
vt 0.996100 0.367700
vt 0.982600 0.397200
vt 0.979100 0.393400
vt 0.965200 0.424300
vt 0.960800 0.417100
vt 0.970400 0.405800
vt 0.973900 0.410700
vt 0.957500 0.411400
vt 0.967000 0.401000
vt 0.963800 0.396100
vt 0.954600 0.405800
vt 0.915000 0.457500
vt 0.913200 0.447200
vt 0.925700 0.441800
vt 0.927600 0.449200
vt 0.911800 0.439200
vt 0.924000 0.434500
vt 0.935800 0.428100
vt 0.937900 0.434600
vt 0.940100 0.440900
vt 0.909300 0.423600
vt 0.920800 0.419800
vt 0.922300 0.427300
vt 0.910500 0.431500
vt 0.931800 0.414500
vt 0.933700 0.421500
vt 0.944500 0.414300
vt 0.942200 0.407800
vt 0.947000 0.420500
vt 0.952600 0.432600
vt 0.949800 0.426500
vt 0.908200 0.414900
vt 0.919300 0.411500
vt 0.907200 0.405500
vt 0.917900 0.402400
vt 0.928100 0.398000
vt 0.929900 0.406600
vt 0.905800 0.384100
vt 0.915800 0.381600
vt 0.916700 0.392400
vt 0.906400 0.395200
vt 0.925400 0.378100
vt 0.926600 0.388500
vt 0.936000 0.383600
vt 0.934400 0.373700
vt 0.937800 0.392500
vt 0.940000 0.400600
vt 0.823700 0.095300
vt 0.814200 0.088800
vt 0.833600 0.102700
vt 0.833500 0.110600
vt 0.823800 0.103600
vt 0.814500 0.097500
vt 0.854400 0.119800
vt 0.843900 0.110900
vt 0.853500 0.126800
vt 0.843400 0.118400
vt 0.852100 0.142100
vt 0.842800 0.134700
vt 0.843000 0.126300
vt 0.852700 0.134300
vt 0.833600 0.127900
vt 0.833400 0.119000
vt 0.815500 0.116200
vt 0.815000 0.106600
vt 0.824000 0.112400
vt 0.824400 0.121700
vt 0.864900 0.129300
vt 0.875300 0.139400
vt 0.873500 0.145400
vt 0.863600 0.135900
vt 0.895300 0.160800
vt 0.885500 0.149900
vt 0.892500 0.165900
vt 0.883200 0.155500
vt 0.887000 0.176500
vt 0.878900 0.167100
vt 0.881000 0.161200
vt 0.889800 0.171200
vt 0.870200 0.158300
vt 0.871800 0.151800
vt 0.862400 0.142800
vt 0.861300 0.150000
vt 0.877600 0.193800
vt 0.873400 0.191000
vt 0.873600 0.184600
vt 0.879400 0.190700
vt 0.867300 0.187000
vt 0.867100 0.179200
vt 0.867700 0.171900
vt 0.875000 0.178900
vt 0.881700 0.186500
vt 0.852500 0.177700
vt 0.851800 0.168100
vt 0.859700 0.173600
vt 0.860200 0.182500
vt 0.851600 0.159000
vt 0.859800 0.165300
vt 0.860400 0.157400
vt 0.851700 0.150300
vt 0.868800 0.165000
vt 0.884300 0.181600
vt 0.876800 0.173000
vt 0.844400 0.172900
vt 0.843600 0.162600
vt 0.836000 0.168100
vt 0.835100 0.157300
vt 0.834300 0.147000
vt 0.843000 0.152800
vt 0.819000 0.159200
vt 0.817900 0.147700
vt 0.826500 0.152300
vt 0.827500 0.163500
vt 0.817000 0.136800
vt 0.825600 0.141600
vt 0.824900 0.131400
vt 0.816200 0.126200
vt 0.833800 0.137200
vt 0.842800 0.143600
vt 0.828100 0.264300
vt 0.837600 0.267000
vt 0.838000 0.281100
vt 0.828400 0.278500
vt 0.847100 0.269600
vt 0.847600 0.283700
vt 0.847700 0.298000
vt 0.838000 0.295400
vt 0.828300 0.292700
vt 0.866000 0.274100
vt 0.866700 0.288100
vt 0.857200 0.286100
vt 0.856600 0.272000
vt 0.867000 0.302300
vt 0.857400 0.300300
vt 0.866700 0.330700
vt 0.856800 0.328700
vt 0.857200 0.314600
vt 0.867000 0.316600
vt 0.847000 0.326300
vt 0.847400 0.312200
vt 0.827400 0.320600
vt 0.828000 0.306800
vt 0.837700 0.309600
vt 0.837100 0.323600
vt 0.875200 0.275800
vt 0.876100 0.289700
vt 0.884300 0.277000
vt 0.885300 0.290700
vt 0.885900 0.304800
vt 0.876500 0.303800
vt 0.901500 0.277100
vt 0.903000 0.290600
vt 0.894300 0.291100
vt 0.893000 0.277400
vt 0.904000 0.304500
vt 0.895100 0.305000
vt 0.905000 0.332300
vt 0.895700 0.333100
vt 0.895500 0.319100
vt 0.904600 0.318400
vt 0.886200 0.333000
vt 0.886200 0.318900
vt 0.876600 0.318000
vt 0.876500 0.332200
vt 0.895500 0.385400
vt 0.895500 0.373200
vt 0.905400 0.372100
vt 0.885100 0.385700
vt 0.885400 0.373400
vt 0.885700 0.360400
vt 0.895600 0.360300
vt 0.905300 0.359300
vt 0.864100 0.383500
vt 0.864800 0.371200
vt 0.875100 0.372700
vt 0.874600 0.385000
vt 0.865500 0.358200
vt 0.875600 0.359600
vt 0.876100 0.346100
vt 0.866200 0.344600
vt 0.886000 0.346900
vt 0.905100 0.346000
vt 0.895700 0.346900
vt 0.853700 0.381200
vt 0.854600 0.369000
vt 0.843400 0.378400
vt 0.844400 0.366300
vt 0.845400 0.353500
vt 0.855400 0.356100
vt 0.823400 0.371500
vt 0.824600 0.359700
vt 0.834400 0.363200
vt 0.833200 0.375100
vt 0.825700 0.347200
vt 0.835500 0.350500
vt 0.836400 0.337300
vt 0.826700 0.334100
vt 0.846300 0.340100
vt 0.856200 0.342600
vt 0.957000 0.255100
vt 0.962500 0.252500
vt 0.966500 0.266300
vt 0.960700 0.268700
vt 0.968000 0.250200
vt 0.972100 0.264100
vt 0.975200 0.278200
vt 0.969500 0.280100
vt 0.963600 0.282400
vt 0.980700 0.245400
vt 0.983600 0.260300
vt 0.977800 0.262200
vt 0.973700 0.247900
vt 0.986600 0.275100
vt 0.980900 0.276600
vt 0.992500 0.304900
vt 0.984900 0.305000
vt 0.983500 0.291000
vt 0.989600 0.290000
vt 0.978700 0.305700
vt 0.977500 0.292100
vt 0.966800 0.308600
vt 0.965600 0.295700
vt 0.971600 0.293700
vt 0.972800 0.306800
vt 0.609600 0.477200
vt 0.610000 0.481900
vt 0.595200 0.481600
vt 0.594700 0.477000
vt 0.610600 0.486500
vt 0.595600 0.486300
vt 0.580400 0.486000
vt 0.580100 0.481400
vt 0.579800 0.476800
vt 0.612100 0.496100
vt 0.596500 0.495900
vt 0.596100 0.491000
vt 0.611400 0.491200
vt 0.580700 0.495600
vt 0.580600 0.490800
vt 0.548700 0.495200
vt 0.549200 0.490300
vt 0.564900 0.490500
vt 0.564700 0.495400
vt 0.549700 0.485500
vt 0.565000 0.485800
vt 0.550100 0.476400
vt 0.565000 0.476600
vt 0.565000 0.481200
vt 0.550000 0.480900
vt 0.484900 0.493000
vt 0.487200 0.488300
vt 0.502700 0.488900
vt 0.501000 0.493800
vt 0.489600 0.483500
vt 0.504500 0.484100
vt 0.519500 0.484600
vt 0.518200 0.489400
vt 0.516900 0.494400
vt 0.494200 0.474100
vt 0.508100 0.474700
vt 0.506300 0.479400
vt 0.491900 0.478800
vt 0.522100 0.475300
vt 0.520800 0.479900
vt 0.535300 0.480400
vt 0.536100 0.475800
vt 0.534500 0.485100
vt 0.532700 0.494800
vt 0.533600 0.489900
vt 0.981200 0.344400
vt 0.986500 0.346800
vt 0.976100 0.342200
vt 0.977900 0.330800
vt 0.983200 0.331600
vt 0.988500 0.332900
vt 0.966700 0.341000
vt 0.971400 0.340800
vt 0.967200 0.331600
vt 0.972700 0.330600
vt 0.973200 0.319200
vt 0.967300 0.320700
vt 0.978900 0.318600
vt 0.990500 0.318900
vt 0.984700 0.318600
vt 0.895800 0.396700
vt 0.896300 0.407200
vt 0.885200 0.407700
vt 0.885100 0.397100
vt 0.897600 0.425800
vt 0.896900 0.416900
vt 0.885700 0.426600
vt 0.885400 0.417600
vt 0.862000 0.424500
vt 0.862400 0.415400
vt 0.873900 0.417000
vt 0.873800 0.426100
vt 0.862900 0.405600
vt 0.874100 0.407100
vt 0.874300 0.396500
vt 0.863500 0.394900
vt 0.898400 0.433900
vt 0.899200 0.441700
vt 0.886500 0.442700
vt 0.886100 0.434900
vt 0.901200 0.457700
vt 0.900200 0.449700
vt 0.887400 0.457900
vt 0.887000 0.450300
vt 0.859800 0.458200
vt 0.860700 0.449000
vt 0.873700 0.450200
vt 0.873600 0.458000
vt 0.861200 0.440900
vt 0.873800 0.442400
vt 0.873800 0.434500
vt 0.861600 0.432900
vt 0.810500 0.440500
vt 0.813500 0.433200
vt 0.824400 0.437800
vt 0.822800 0.444900
vt 0.815300 0.426000
vt 0.825900 0.430500
vt 0.837200 0.434700
vt 0.836200 0.442100
vt 0.835100 0.449400
vt 0.818100 0.410600
vt 0.828300 0.414900
vt 0.827100 0.423000
vt 0.816800 0.418500
vt 0.839100 0.418700
vt 0.838200 0.426900
vt 0.849700 0.430300
vt 0.850400 0.422000
vt 0.849000 0.438200
vt 0.847500 0.453800
vt 0.848300 0.446000
vt 0.819400 0.401900
vt 0.829500 0.406100
vt 0.820800 0.392500
vt 0.830800 0.396500
vt 0.841200 0.400100
vt 0.840100 0.409800
vt 0.832000 0.386200
vt 0.822100 0.382400
vt 0.842300 0.389700
vt 0.852800 0.392600
vt 0.852000 0.403200
vt 0.851200 0.413000
vt 0.915100 0.369800
vt 0.914700 0.357300
vt 0.923800 0.354400
vt 0.924500 0.366600
vt 0.914000 0.330600
vt 0.914400 0.344200
vt 0.922700 0.328200
vt 0.923300 0.341500
vt 0.939000 0.321700
vt 0.939900 0.334500
vt 0.931800 0.338200
vt 0.931100 0.325100
vt 0.940600 0.346700
vt 0.932500 0.350800
vt 0.933300 0.362700
vt 0.941600 0.358200
vt 0.913400 0.316900
vt 0.912600 0.303000
vt 0.920900 0.300800
vt 0.922000 0.314500
vt 0.909600 0.275800
vt 0.911400 0.289300
vt 0.917400 0.273800
vt 0.919400 0.287200
vt 0.931900 0.268100
vt 0.934500 0.281500
vt 0.927100 0.284500
vt 0.924800 0.271200
vt 0.936500 0.295000
vt 0.928900 0.298100
vt 0.930100 0.311700
vt 0.938000 0.308500
vt 0.954700 0.271600
vt 0.951200 0.258200
vt 0.957300 0.285200
vt 0.950700 0.288300
vt 0.948300 0.274800
vt 0.945100 0.261400
vt 0.960500 0.311300
vt 0.959200 0.298400
vt 0.953700 0.314500
vt 0.952500 0.301600
vt 0.945400 0.305000
vt 0.946600 0.318100
vt 0.943800 0.291700
vt 0.938600 0.264800
vt 0.941600 0.278200
vt 0.961100 0.323300
vt 0.961400 0.334300
vt 0.955100 0.338100
vt 0.954500 0.326700
vt 0.961600 0.343900
vt 0.955800 0.348300
vt 0.949100 0.353200
vt 0.948200 0.342400
vt 0.947400 0.330600
vt 0.720700 0.533900
vt 0.735300 0.534000
vt 0.706200 0.533900
vt 0.705800 0.528600
vt 0.720300 0.528800
vt 0.734800 0.528900
vt 0.676600 0.533700
vt 0.691500 0.533800
vt 0.676300 0.528300
vt 0.691100 0.528400
vt 0.675100 0.517600
vt 0.689700 0.517900
vt 0.690500 0.523100
vt 0.675800 0.522900
vt 0.704200 0.518200
vt 0.705100 0.523400
vt 0.733500 0.518600
vt 0.734200 0.523800
vt 0.719700 0.523600
vt 0.718700 0.518400
vt 0.661600 0.533700
vt 0.646200 0.533600
vt 0.646000 0.528100
vt 0.661300 0.528200
vt 0.614200 0.533500
vt 0.630400 0.533600
vt 0.614100 0.527900
vt 0.630300 0.528000
vt 0.613800 0.516900
vt 0.629700 0.517000
vt 0.630000 0.522500
vt 0.614000 0.522400
vt 0.645200 0.517200
vt 0.645600 0.522600
vt 0.660900 0.522800
vt 0.660300 0.517400
vt 0.627200 0.496300
vt 0.628000 0.501300
vt 0.612700 0.501100
vt 0.642000 0.496600
vt 0.643000 0.501600
vt 0.643800 0.506700
vt 0.628700 0.506400
vt 0.613100 0.506200
vt 0.671400 0.496900
vt 0.672200 0.502100
vt 0.657700 0.501800
vt 0.656600 0.496900
vt 0.673200 0.507300
vt 0.658700 0.506900
vt 0.659500 0.512100
vt 0.674200 0.512400
vt 0.644600 0.511900
vt 0.613500 0.511500
vt 0.629200 0.511700
vt 0.685100 0.497500
vt 0.686400 0.502600
vt 0.698900 0.498100
vt 0.700300 0.503100
vt 0.701700 0.508100
vt 0.687600 0.507600
vt 0.726300 0.499300
vt 0.728100 0.504100
vt 0.714200 0.503600
vt 0.712600 0.498700
vt 0.729900 0.508900
vt 0.715800 0.508500
vt 0.717400 0.513400
vt 0.731700 0.513800
vt 0.703100 0.513100
vt 0.688700 0.512700
vt 0.812600 0.378300
vt 0.813900 0.367500
vt 0.811300 0.388300
vt 0.802200 0.384000
vt 0.803500 0.374200
vt 0.804800 0.363600
vt 0.808500 0.406000
vt 0.809900 0.397500
vt 0.799600 0.401400
vt 0.800900 0.393000
vt 0.783200 0.392800
vt 0.784300 0.384700
vt 0.792400 0.388700
vt 0.791200 0.396900
vt 0.785300 0.375900
vt 0.793600 0.379800
vt 0.787200 0.356200
vt 0.795900 0.359700
vt 0.794800 0.370100
vt 0.786300 0.366400
vt 0.807200 0.413800
vt 0.805800 0.421200
vt 0.797000 0.416300
vt 0.798300 0.409100
vt 0.802400 0.435100
vt 0.804100 0.428200
vt 0.794300 0.429700
vt 0.795700 0.423100
vt 0.778000 0.418800
vt 0.779900 0.413400
vt 0.787500 0.418000
vt 0.786100 0.424300
vt 0.781100 0.407100
vt 0.788800 0.411500
vt 0.790000 0.404500
vt 0.782200 0.400300
vt 0.754000 0.407000
vt 0.754000 0.403300
vt 0.760200 0.404400
vt 0.760000 0.410000
vt 0.754000 0.397700
vt 0.760500 0.398500
vt 0.767200 0.400500
vt 0.766600 0.406800
vt 0.766000 0.412900
vt 0.754000 0.383900
vt 0.761100 0.384600
vt 0.760800 0.391900
vt 0.754000 0.391200
vt 0.768200 0.386400
vt 0.767700 0.393800
vt 0.774800 0.396600
vt 0.775600 0.389300
vt 0.774000 0.403500
vt 0.772000 0.415900
vt 0.773000 0.409800
vt 0.754000 0.376000
vt 0.761400 0.376700
vt 0.754000 0.367500
vt 0.761600 0.368100
vt 0.769400 0.369900
vt 0.768800 0.378500
vt 0.754000 0.348500
vt 0.762200 0.349000
vt 0.761900 0.358900
vt 0.754000 0.358300
vt 0.770400 0.350700
vt 0.769900 0.360600
vt 0.778000 0.363200
vt 0.778800 0.353100
vt 0.777200 0.372500
vt 0.776400 0.381200
vt 0.805400 0.083300
vt 0.805000 0.074800
vt 0.805800 0.092200
vt 0.797500 0.087800
vt 0.797000 0.078700
vt 0.796600 0.070000
vt 0.807000 0.111400
vt 0.806300 0.101600
vt 0.798800 0.107400
vt 0.798100 0.097300
vt 0.783200 0.101300
vt 0.782600 0.091100
vt 0.790200 0.093800
vt 0.790900 0.104000
vt 0.782100 0.081300
vt 0.789700 0.084100
vt 0.781200 0.063100
vt 0.788700 0.066100
vt 0.789100 0.074900
vt 0.781700 0.072000
vt 0.807700 0.121700
vt 0.808600 0.132500
vt 0.800400 0.128800
vt 0.799600 0.117800
vt 0.810600 0.155400
vt 0.809500 0.143700
vt 0.802300 0.152100
vt 0.801300 0.140200
vt 0.786000 0.146900
vt 0.785200 0.134800
vt 0.793200 0.137300
vt 0.794100 0.149300
vt 0.784500 0.123200
vt 0.792400 0.125700
vt 0.791600 0.114600
vt 0.783900 0.112000
vt 0.754000 0.142700
vt 0.754000 0.130500
vt 0.761700 0.130800
vt 0.761900 0.143000
vt 0.754000 0.118800
vt 0.761500 0.119100
vt 0.769100 0.119900
vt 0.769500 0.131600
vt 0.769900 0.143800
vt 0.754000 0.096800
vt 0.761200 0.097000
vt 0.761300 0.107800
vt 0.754000 0.107600
vt 0.768400 0.097900
vt 0.768800 0.108600
vt 0.776200 0.110000
vt 0.775700 0.099300
vt 0.776800 0.121300
vt 0.777900 0.145100
vt 0.777300 0.133000
vt 0.754000 0.086400
vt 0.761000 0.086700
vt 0.754000 0.076600
vt 0.760800 0.076800
vt 0.767800 0.077700
vt 0.768100 0.087500
vt 0.754000 0.058100
vt 0.760600 0.058400
vt 0.760700 0.067400
vt 0.754000 0.067100
vt 0.767300 0.059300
vt 0.767500 0.068200
vt 0.774500 0.069700
vt 0.774100 0.060800
vt 0.774900 0.079100
vt 0.775300 0.089000
vt 0.818900 0.275800
vt 0.818700 0.261700
vt 0.818800 0.289900
vt 0.809400 0.287200
vt 0.809500 0.273200
vt 0.809300 0.259200
vt 0.817900 0.317500
vt 0.818500 0.303800
vt 0.808500 0.314400
vt 0.809000 0.301000
vt 0.790100 0.308800
vt 0.790500 0.295700
vt 0.799700 0.298200
vt 0.799200 0.311500
vt 0.790700 0.282300
vt 0.800000 0.284600
vt 0.790800 0.254800
vt 0.800000 0.256900
vt 0.800100 0.270800
vt 0.790800 0.268700
vt 0.817200 0.330900
vt 0.816200 0.343700
vt 0.806900 0.340200
vt 0.807800 0.327600
vt 0.815100 0.356000
vt 0.805900 0.352200
vt 0.788100 0.345200
vt 0.796900 0.348600
vt 0.788900 0.333600
vt 0.797800 0.336800
vt 0.798600 0.324400
vt 0.789500 0.321500
vt 0.754000 0.337900
vt 0.762400 0.338500
vt 0.754000 0.326800
vt 0.762600 0.327300
vt 0.771300 0.328800
vt 0.770900 0.340000
vt 0.754000 0.303000
vt 0.762900 0.303400
vt 0.762800 0.315600
vt 0.754000 0.315200
vt 0.771900 0.304600
vt 0.771700 0.316900
vt 0.780600 0.318900
vt 0.781000 0.306500
vt 0.780000 0.330900
vt 0.779400 0.342300
vt 0.754000 0.290400
vt 0.763100 0.290800
vt 0.754000 0.277500
vt 0.763100 0.277800
vt 0.772300 0.278800
vt 0.772200 0.291900
vt 0.754000 0.250700
vt 0.763100 0.251000
vt 0.763200 0.264500
vt 0.754000 0.264200
vt 0.772300 0.251800
vt 0.772400 0.265400
vt 0.781600 0.266800
vt 0.781500 0.253100
vt 0.781500 0.280400
vt 0.781300 0.293600
vt 0.107300 0.809100
vt 0.117900 0.809200
vt 0.107500 0.804900
vt 0.118100 0.805000
vt 0.127600 0.805200
vt 0.127400 0.809200
vt 0.108300 0.796500
vt 0.118700 0.796800
vt 0.118400 0.800900
vt 0.107900 0.800700
vt 0.128100 0.797000
vt 0.127800 0.801100
vt 0.144500 0.797300
vt 0.144300 0.801300
vt 0.136400 0.801200
vt 0.136700 0.797200
vt 0.144100 0.805300
vt 0.136200 0.805200
vt 0.136100 0.809300
vt 0.144000 0.809300
vt 0.108800 0.792300
vt 0.119200 0.792600
vt 0.109600 0.788100
vt 0.119700 0.788500
vt 0.128900 0.788800
vt 0.128500 0.792900
vt 0.113300 0.780000
vt 0.121700 0.780300
vt 0.120600 0.784400
vt 0.110800 0.784000
vt 0.130000 0.780600
vt 0.129400 0.784700
vt 0.146800 0.781300
vt 0.145600 0.785200
vt 0.137800 0.785000
vt 0.138400 0.780900
vt 0.145100 0.789200
vt 0.137300 0.789000
vt 0.137000 0.793100
vt 0.144700 0.793200
vt 0.171500 0.781400
vt 0.171500 0.785400
vt 0.165300 0.785400
vt 0.165300 0.781400
vt 0.171500 0.789400
vt 0.165200 0.789400
vt 0.158800 0.789400
vt 0.159000 0.785400
vt 0.159100 0.781300
vt 0.171500 0.797400
vt 0.165100 0.797400
vt 0.165200 0.793400
vt 0.171500 0.793400
vt 0.158600 0.797400
vt 0.158700 0.793400
vt 0.151900 0.793300
vt 0.151800 0.797400
vt 0.152200 0.789300
vt 0.153000 0.781300
vt 0.152500 0.785300
vt 0.171500 0.801400
vt 0.165100 0.801400
vt 0.171500 0.805400
vt 0.165000 0.805400
vt 0.158400 0.805400
vt 0.158500 0.801400
vt 0.165000 0.809300
vt 0.171500 0.809400
vt 0.158300 0.809300
vt 0.151400 0.809300
vt 0.151500 0.805400
vt 0.151600 0.801400
vt 0.762100 0.155700
vt 0.754000 0.155400
vt 0.770300 0.156500
vt 0.770700 0.169500
vt 0.762300 0.168800
vt 0.754000 0.168500
vt 0.786700 0.159500
vt 0.778500 0.157700
vt 0.787500 0.172500
vt 0.779100 0.170800
vt 0.789000 0.199400
vt 0.780200 0.197700
vt 0.779700 0.184100
vt 0.788300 0.185800
vt 0.771400 0.196600
vt 0.771100 0.182900
vt 0.754000 0.195600
vt 0.754000 0.181900
vt 0.762500 0.182200
vt 0.762700 0.195800
vt 0.795000 0.161700
vt 0.803300 0.164400
vt 0.804400 0.177200
vt 0.795900 0.174600
vt 0.820200 0.171100
vt 0.811700 0.167600
vt 0.821600 0.183500
vt 0.813000 0.180200
vt 0.824300 0.209300
vt 0.815400 0.206400
vt 0.814200 0.193100
vt 0.822900 0.196200
vt 0.806600 0.203700
vt 0.805500 0.190300
vt 0.796900 0.187900
vt 0.797700 0.201400
vt 0.818200 0.247600
vt 0.827500 0.250200
vt 0.808900 0.245100
vt 0.808300 0.231200
vt 0.817400 0.233700
vt 0.826600 0.236400
vt 0.790500 0.240900
vt 0.799700 0.242900
vt 0.790100 0.227000
vt 0.799200 0.228900
vt 0.798500 0.215100
vt 0.789600 0.213100
vt 0.807500 0.217400
vt 0.825500 0.222700
vt 0.816500 0.219900
vt 0.781300 0.239300
vt 0.772200 0.238100
vt 0.772000 0.224200
vt 0.781100 0.225400
vt 0.754000 0.237000
vt 0.763100 0.237300
vt 0.754000 0.223200
vt 0.763000 0.223400
vt 0.762900 0.209600
vt 0.754000 0.209300
vt 0.771800 0.210300
vt 0.780700 0.211500
vt 0.828800 0.175100
vt 0.837300 0.179300
vt 0.838800 0.191100
vt 0.830200 0.187200
vt 0.853800 0.188000
vt 0.845700 0.183700
vt 0.855500 0.198800
vt 0.847300 0.195000
vt 0.859400 0.222100
vt 0.850900 0.219100
vt 0.849000 0.206800
vt 0.857400 0.210200
vt 0.842100 0.215800
vt 0.840400 0.203200
vt 0.831700 0.199700
vt 0.833200 0.212500
vt 0.861500 0.192100
vt 0.868600 0.195700
vt 0.870700 0.205300
vt 0.863300 0.202300
vt 0.880100 0.199700
vt 0.874800 0.198600
vt 0.883400 0.208000
vt 0.877400 0.207300
vt 0.890500 0.228100
vt 0.883300 0.227900
vt 0.880300 0.217200
vt 0.887000 0.217500
vt 0.875800 0.226700
vt 0.873100 0.215600
vt 0.865500 0.213200
vt 0.867800 0.224700
vt 0.891200 0.264200
vt 0.899400 0.264000
vt 0.882700 0.263600
vt 0.880600 0.250800
vt 0.888900 0.251500
vt 0.896800 0.251400
vt 0.864800 0.260500
vt 0.873800 0.262300
vt 0.863200 0.247300
vt 0.872100 0.249300
vt 0.870000 0.236700
vt 0.861400 0.234400
vt 0.878300 0.238400
vt 0.893800 0.239400
vt 0.886200 0.239400
vt 0.855600 0.258200
vt 0.846300 0.255700
vt 0.845100 0.242100
vt 0.854200 0.244800
vt 0.836900 0.253000
vt 0.835900 0.239200
vt 0.834600 0.225700
vt 0.843700 0.228800
vt 0.852600 0.231700
vt 0.884300 0.198200
vt 0.887800 0.194900
vt 0.893300 0.204200
vt 0.888700 0.206800
vt 0.894700 0.186300
vt 0.891300 0.190900
vt 0.901800 0.196600
vt 0.897700 0.200700
vt 0.914300 0.218700
vt 0.908900 0.222100
vt 0.903500 0.211100
vt 0.908300 0.207400
vt 0.903200 0.225000
vt 0.898500 0.214200
vt 0.893000 0.216500
vt 0.897100 0.227100
vt 0.898000 0.181500
vt 0.901300 0.176700
vt 0.909600 0.187800
vt 0.905700 0.192300
vt 0.907800 0.167400
vt 0.904600 0.171900
vt 0.916900 0.179200
vt 0.913300 0.183400
vt 0.933300 0.203400
vt 0.928900 0.207200
vt 0.921400 0.195100
vt 0.925400 0.191200
vt 0.924200 0.211000
vt 0.917200 0.199300
vt 0.912900 0.203400
vt 0.919400 0.215000
vt 0.946800 0.245000
vt 0.952300 0.241800
vt 0.941000 0.248400
vt 0.936200 0.235600
vt 0.941600 0.232100
vt 0.946800 0.228700
vt 0.928500 0.255200
vt 0.934900 0.251800
vt 0.924400 0.242600
vt 0.930400 0.239200
vt 0.925200 0.226900
vt 0.919600 0.230400
vt 0.930600 0.223200
vt 0.940400 0.216000
vt 0.935600 0.219500
vt 0.921800 0.258200
vt 0.914700 0.260800
vt 0.911400 0.248300
vt 0.918100 0.245700
vt 0.907200 0.262800
vt 0.904300 0.250300
vt 0.900900 0.238300
vt 0.907500 0.236400
vt 0.913700 0.233700
vt 0.006700 0.773400
vt 0.020500 0.774300
vt 0.019000 0.779100
vt 0.005000 0.778300
vt 0.034300 0.775200
vt 0.032900 0.779800
vt 0.031500 0.784500
vt 0.017500 0.783800
vt 0.003300 0.783100
vt 0.062000 0.776900
vt 0.060500 0.781400
vt 0.046800 0.780600
vt 0.048200 0.776000
vt 0.059300 0.785800
vt 0.045500 0.785200
vt 0.057700 0.794800
vt 0.043300 0.794300
vt 0.044400 0.789700
vt 0.058300 0.790300
vt 0.028900 0.793800
vt 0.030200 0.789100
vt 0.000000 0.792800
vt 0.001700 0.788000
vt 0.015900 0.788500
vt 0.014400 0.793300
vt 0.074800 0.777700
vt 0.073700 0.782100
vt 0.087600 0.778500
vt 0.086700 0.782800
vt 0.085700 0.787100
vt 0.072800 0.786500
vt 0.099200 0.783400
vt 0.100500 0.779200
vt 0.098100 0.787600
vt 0.096800 0.796200
vt 0.097300 0.791900
vt 0.084300 0.795800
vt 0.085000 0.791400
vt 0.071900 0.790900
vt 0.071200 0.795300
vt 0.095600 0.809000
vt 0.083000 0.808900
vt 0.083300 0.804500
vt 0.095900 0.804700
vt 0.056100 0.808700
vt 0.069700 0.808800
vt 0.056700 0.804100
vt 0.070100 0.804300
vt 0.070600 0.799800
vt 0.057200 0.799400
vt 0.083700 0.800100
vt 0.096300 0.800400
vt 0.779200 0.534400
vt 0.794100 0.534500
vt 0.764500 0.534300
vt 0.764000 0.529400
vt 0.778600 0.529600
vt 0.793300 0.529900
vt 0.749800 0.534200
vt 0.749400 0.529200
vt 0.748000 0.519100
vt 0.748700 0.524100
vt 0.762600 0.519600
vt 0.763300 0.524500
vt 0.791700 0.520700
vt 0.792500 0.525300
vt 0.777900 0.524900
vt 0.777100 0.520100
vt 0.058300 0.754200
vt 0.045800 0.752800
vt 0.045000 0.746100
vt 0.058200 0.747100
vt 0.033200 0.751400
vt 0.032200 0.744900
vt 0.031100 0.738300
vt 0.044300 0.739300
vt 0.057700 0.740200
vt 0.008100 0.748500
vt 0.006600 0.742400
vt 0.019400 0.743600
vt 0.020700 0.750000
vt 0.005000 0.736200
vt 0.018000 0.737300
vt 0.001900 0.723800
vt 0.015700 0.724300
vt 0.016800 0.730900
vt 0.003500 0.730000
vt 0.029300 0.725000
vt 0.030200 0.731700
vt 0.056700 0.726200
vt 0.057200 0.733300
vt 0.043600 0.732500
vt 0.042900 0.725600
vt 0.430700 0.487500
vt 0.444300 0.488900
vt 0.441400 0.494900
vt 0.427500 0.493700
vt 0.457800 0.490200
vt 0.455400 0.496100
vt 0.453000 0.502000
vt 0.438600 0.500900
vt 0.424300 0.499900
vt 0.484100 0.498200
vt 0.469500 0.497200
vt 0.471400 0.491600
vt 0.482700 0.503700
vt 0.467600 0.502900
vt 0.479700 0.515200
vt 0.464100 0.514600
vt 0.465800 0.508700
vt 0.481100 0.509400
vt 0.448800 0.514000
vt 0.450800 0.507900
vt 0.418000 0.512200
vt 0.421100 0.506000
vt 0.435900 0.507000
vt 0.433600 0.513200
vt 0.461100 0.532900
vt 0.477100 0.533100
vt 0.445400 0.532800
vt 0.446200 0.526400
vt 0.461700 0.526800
vt 0.477600 0.527100
vt 0.414500 0.532400
vt 0.429900 0.532600
vt 0.415600 0.525700
vt 0.430900 0.526100
vt 0.432000 0.519600
vt 0.416800 0.518900
vt 0.447300 0.520200
vt 0.478500 0.521100
vt 0.462700 0.520700
vt 0.014200 0.703800
vt 0.000500 0.703600
vt 0.028100 0.704000
vt 0.028300 0.711100
vt 0.014600 0.710700
vt 0.000900 0.710400
vt 0.056000 0.704300
vt 0.041900 0.704200
vt 0.056100 0.711700
vt 0.042100 0.711400
vt 0.042500 0.718600
vt 0.056400 0.719100
vt 0.028700 0.718100
vt 0.001400 0.717100
vt 0.015100 0.717600
vt 0.499600 0.499000
vt 0.515700 0.499500
vt 0.514500 0.504900
vt 0.498400 0.504400
vt 0.548100 0.500300
vt 0.531800 0.500000
vt 0.547500 0.505500
vt 0.531000 0.505200
vt 0.546500 0.516400
vt 0.529400 0.516200
vt 0.530100 0.510700
vt 0.547000 0.510900
vt 0.512500 0.516000
vt 0.513500 0.510400
vt 0.497100 0.509900
vt 0.495900 0.515600
vt 0.564500 0.500500
vt 0.580800 0.500700
vt 0.580800 0.505900
vt 0.564200 0.505700
vt 0.596900 0.500900
vt 0.597100 0.506100
vt 0.597400 0.516800
vt 0.597300 0.511400
vt 0.580600 0.516700
vt 0.580700 0.511200
vt 0.563900 0.511100
vt 0.563600 0.516600
vt 0.597400 0.533500
vt 0.580300 0.533500
vt 0.580400 0.527800
vt 0.597400 0.527900
vt 0.545400 0.533400
vt 0.562900 0.533400
vt 0.545700 0.527700
vt 0.563100 0.527800
vt 0.563300 0.522100
vt 0.546000 0.522000
vt 0.580500 0.522200
vt 0.597400 0.522300
vt 0.528000 0.533400
vt 0.510600 0.533300
vt 0.511000 0.527500
vt 0.528300 0.527600
vt 0.493600 0.533200
vt 0.494100 0.527300
vt 0.494900 0.521400
vt 0.511700 0.521700
vt 0.528800 0.521900
vt 0.162800 0.757400
vt 0.150500 0.757300
vt 0.150400 0.750100
vt 0.161400 0.750200
vt 0.138200 0.757100
vt 0.138300 0.749900
vt 0.138500 0.742700
vt 0.150300 0.742800
vt 0.161300 0.742900
vt 0.113500 0.756800
vt 0.112900 0.749500
vt 0.125900 0.749700
vt 0.125900 0.756900
vt 0.112800 0.742300
vt 0.125900 0.742500
vt 0.112800 0.727700
vt 0.126100 0.727900
vt 0.126000 0.735200
vt 0.112800 0.735000
vt 0.138900 0.728000
vt 0.138700 0.735400
vt 0.161700 0.728100
vt 0.161400 0.735600
vt 0.150500 0.735500
vt 0.150800 0.728000
vt 0.099700 0.756100
vt 0.099400 0.749000
vt 0.085900 0.755500
vt 0.085600 0.748500
vt 0.085400 0.741500
vt 0.099200 0.741900
vt 0.071800 0.747900
vt 0.072100 0.754900
vt 0.071500 0.740900
vt 0.070800 0.726700
vt 0.071100 0.733900
vt 0.084900 0.727100
vt 0.085100 0.734400
vt 0.099100 0.734700
vt 0.099000 0.727400
vt 0.070200 0.704500
vt 0.084600 0.704600
vt 0.084700 0.712200
vt 0.070300 0.712000
vt 0.112800 0.704700
vt 0.098800 0.704600
vt 0.112800 0.712500
vt 0.098900 0.712300
vt 0.098900 0.720000
vt 0.112800 0.720100
vt 0.084800 0.719700
vt 0.070500 0.719400
vt 0.126200 0.704700
vt 0.139100 0.704800
vt 0.139000 0.712600
vt 0.126200 0.712600
vt 0.162000 0.704800
vt 0.151100 0.704800
vt 0.162000 0.712700
vt 0.151000 0.712600
vt 0.150900 0.720400
vt 0.161900 0.720400
vt 0.139000 0.720400
vt 0.126200 0.720300
vt 0.930200 0.142400
vt 0.927500 0.144800
vt 0.941700 0.156100
vt 0.938900 0.158300
vt 0.936100 0.160600
vt 0.924800 0.147300
vt 0.964500 0.183600
vt 0.961400 0.185400
vt 0.950200 0.171900
vt 0.953100 0.169900
vt 0.958200 0.187200
vt 0.947200 0.173900
vt 0.951800 0.190800
vt 0.940900 0.178400
vt 0.944200 0.176000
vt 0.955000 0.189000
vt 0.930300 0.165600
vt 0.933300 0.163000
vt 0.922100 0.149900
vt 0.919500 0.152800
vt 0.655200 0.492200
vt 0.669600 0.492500
vt 0.640800 0.491900
vt 0.639500 0.487200
vt 0.653700 0.487600
vt 0.667800 0.488000
vt 0.626200 0.491500
vt 0.625200 0.486900
vt 0.623200 0.477700
vt 0.624200 0.482200
vt 0.636900 0.478200
vt 0.638200 0.482700
vt 0.664200 0.479200
vt 0.666000 0.483600
vt 0.652100 0.483200
vt 0.650500 0.478700
vt 0.957600 0.239000
vt 0.951800 0.225800
vt 0.956600 0.223100
vt 0.962800 0.236500
vt 0.937600 0.200100
vt 0.945100 0.212800
vt 0.941900 0.197000
vt 0.949600 0.209900
vt 0.959000 0.204400
vt 0.954300 0.207100
vt 0.946300 0.194000
vt 0.966200 0.218100
vt 0.961400 0.220600
vt 0.968100 0.234100
vt 0.973400 0.231700
vt 0.929300 0.187600
vt 0.920400 0.175300
vt 0.923800 0.171800
vt 0.933200 0.184300
vt 0.910800 0.163200
vt 0.913800 0.159400
vt 0.916700 0.156000
vt 0.927100 0.168500
vt 0.937200 0.181200
vt 0.219400 0.757500
vt 0.213400 0.757500
vt 0.213400 0.750200
vt 0.219400 0.750200
vt 0.207300 0.757500
vt 0.207500 0.750200
vt 0.207600 0.742900
vt 0.213500 0.742900
vt 0.219400 0.742900
vt 0.195300 0.757500
vt 0.194700 0.750300
vt 0.201300 0.750200
vt 0.201300 0.757500
vt 0.194800 0.742900
vt 0.201400 0.742900
vt 0.195200 0.728100
vt 0.201800 0.728000
vt 0.201600 0.735500
vt 0.195000 0.735600
vt 0.207900 0.728000
vt 0.207700 0.735500
vt 0.219400 0.728000
vt 0.219400 0.735500
vt 0.213600 0.735500
vt 0.213700 0.728000
vt 0.187200 0.757500
vt 0.187300 0.750300
vt 0.179100 0.757500
vt 0.179300 0.750200
vt 0.179600 0.743000
vt 0.187500 0.743000
vt 0.170900 0.750200
vt 0.171000 0.757500
vt 0.170900 0.742900
vt 0.171500 0.728100
vt 0.171200 0.735600
vt 0.180200 0.728100
vt 0.179900 0.735600
vt 0.187800 0.735600
vt 0.188100 0.728100
vt 0.171800 0.704800
vt 0.180500 0.704800
vt 0.180500 0.712700
vt 0.171800 0.712700
vt 0.195500 0.704800
vt 0.188400 0.704800
vt 0.195400 0.712600
vt 0.188300 0.712600
vt 0.188200 0.720400
vt 0.195400 0.720400
vt 0.180400 0.720400
vt 0.171700 0.720400
vt 0.202000 0.704800
vt 0.208000 0.704800
vt 0.208000 0.712600
vt 0.201900 0.712600
vt 0.219400 0.704800
vt 0.213800 0.704800
vt 0.219400 0.712600
vt 0.213800 0.712600
vt 0.213700 0.720300
vt 0.219400 0.720300
vt 0.207900 0.720300
vt 0.201900 0.720400
vt 0.754000 0.000000
vt 0.760100 0.001400
vt 0.760200 0.007600
vt 0.754000 0.007100
vt 0.766300 0.002700
vt 0.766400 0.008800
vt 0.766500 0.015000
vt 0.760200 0.013900
vt 0.754000 0.013500
vt 0.778600 0.005500
vt 0.779600 0.013000
vt 0.772800 0.010400
vt 0.772500 0.004100
vt 0.780000 0.019400
vt 0.773000 0.016800
vt 0.780200 0.032200
vt 0.773200 0.029600
vt 0.773100 0.023100
vt 0.780100 0.025700
vt 0.766600 0.027900
vt 0.766600 0.021300
vt 0.754000 0.026600
vt 0.754000 0.019900
vt 0.760200 0.020300
vt 0.760200 0.026900
vt 0.787000 0.011100
vt 0.787300 0.017200
vt 0.795400 0.016600
vt 0.795500 0.022400
vt 0.795600 0.028200
vt 0.787500 0.023300
vt 0.804200 0.028200
vt 0.803800 0.022200
vt 0.804400 0.034100
vt 0.804400 0.045900
vt 0.804500 0.039900
vt 0.795700 0.040200
vt 0.795600 0.034000
vt 0.787600 0.029400
vt 0.787700 0.035700
vt 0.804700 0.066900
vt 0.796200 0.061900
vt 0.796000 0.054200
vt 0.804500 0.059400
vt 0.780900 0.054600
vt 0.788300 0.057800
vt 0.780600 0.046700
vt 0.788000 0.049900
vt 0.787800 0.042600
vt 0.780400 0.039200
vt 0.795800 0.047000
vt 0.804400 0.052400
vt 0.773800 0.052300
vt 0.767100 0.050700
vt 0.766900 0.042600
vt 0.773600 0.044300
vt 0.754000 0.049600
vt 0.760500 0.049800
vt 0.754000 0.041400
vt 0.760400 0.041700
vt 0.760300 0.034100
vt 0.754000 0.033800
vt 0.766700 0.035000
vt 0.773400 0.036700
vt 0.609900 0.155900
vt 0.607300 0.151400
vt 0.617900 0.139700
vt 0.620200 0.144600
vt 0.604700 0.147300
vt 0.615700 0.135200
vt 0.627200 0.123500
vt 0.629000 0.128400
vt 0.630800 0.133700
vt 0.599700 0.140000
vt 0.611500 0.127300
vt 0.613600 0.131100
vt 0.602100 0.143500
vt 0.623700 0.114800
vt 0.625400 0.118900
vt 0.648400 0.091000
vt 0.649500 0.095900
vt 0.637400 0.107200
vt 0.636000 0.102700
vt 0.650500 0.101200
vt 0.638800 0.112100
vt 0.652600 0.113200
vt 0.641700 0.123100
vt 0.640300 0.117400
vt 0.651600 0.107000
vt 0.597300 0.136900
vt 0.609500 0.123900
vt 0.595000 0.134000
vt 0.607400 0.120700
vt 0.620200 0.107500
vt 0.621900 0.111000
vt 0.589100 0.128700
vt 0.603000 0.114700
vt 0.605200 0.117600
vt 0.592400 0.131300
vt 0.616800 0.100700
vt 0.618500 0.104100
vt 0.644500 0.072800
vt 0.645200 0.077900
vt 0.631900 0.090700
vt 0.630700 0.086800
vt 0.646200 0.082200
vt 0.633200 0.094600
vt 0.634600 0.098500
vt 0.647200 0.086500
vt 0.695800 0.027800
vt 0.694100 0.035300
vt 0.682900 0.044500
vt 0.682900 0.039000
vt 0.693800 0.041200
vt 0.682900 0.049900
vt 0.671100 0.059800
vt 0.670600 0.055000
vt 0.670100 0.050300
vt 0.694000 0.052700
vt 0.683500 0.060700
vt 0.683200 0.055200
vt 0.693800 0.046900
vt 0.672300 0.069900
vt 0.671700 0.064700
vt 0.659700 0.075200
vt 0.660500 0.080100
vt 0.658900 0.070600
vt 0.657300 0.061500
vt 0.658100 0.066100
vt 0.694100 0.058900
vt 0.683800 0.066700
vt 0.694100 0.065700
vt 0.684000 0.073200
vt 0.673300 0.081700
vt 0.672800 0.075600
vt 0.694000 0.080600
vt 0.684300 0.087500
vt 0.684200 0.080100
vt 0.694100 0.072900
vt 0.674000 0.095200
vt 0.673700 0.088200
vt 0.662800 0.097200
vt 0.663400 0.103800
vt 0.662100 0.091100
vt 0.661300 0.085300
vt 0.541900 0.347500
vt 0.545500 0.351700
vt 0.543200 0.357500
vt 0.539100 0.349700
vt 0.551000 0.357200
vt 0.548800 0.364600
vt 0.545900 0.370900
vt 0.539800 0.362200
vt 0.535000 0.352800
vt 0.565100 0.368600
vt 0.563300 0.377900
vt 0.555500 0.371500
vt 0.557500 0.363000
vt 0.561100 0.386100
vt 0.553000 0.378900
vt 0.556000 0.400000
vt 0.547200 0.391000
vt 0.550200 0.385300
vt 0.558600 0.393400
vt 0.539000 0.381300
vt 0.542500 0.376400
vt 0.523400 0.360800
vt 0.530100 0.356200
vt 0.535600 0.366800
vt 0.531300 0.371000
vt 0.573500 0.373700
vt 0.572000 0.383600
vt 0.582600 0.378100
vt 0.581300 0.388500
vt 0.579800 0.398000
vt 0.570100 0.392500
vt 0.602200 0.384100
vt 0.601600 0.395200
vt 0.591300 0.392400
vt 0.592200 0.381600
vt 0.600700 0.405500
vt 0.590100 0.402400
vt 0.598600 0.423600
vt 0.587200 0.419800
vt 0.588700 0.411500
vt 0.599700 0.414900
vt 0.576200 0.414500
vt 0.578100 0.406600
vt 0.568000 0.400600
vt 0.565700 0.407800
vt 0.592900 0.457500
vt 0.580400 0.449200
vt 0.582200 0.441800
vt 0.594700 0.447200
vt 0.567800 0.440900
vt 0.570000 0.434600
vt 0.572200 0.428100
vt 0.584000 0.434500
vt 0.596200 0.439200
vt 0.542800 0.424300
vt 0.547200 0.417100
vt 0.558200 0.426500
vt 0.555300 0.432600
vt 0.550400 0.411400
vt 0.560900 0.420500
vt 0.563400 0.414300
vt 0.553300 0.405800
vt 0.574200 0.421500
vt 0.597400 0.431500
vt 0.585600 0.427300
vt 0.534100 0.410700
vt 0.537600 0.405800
vt 0.525300 0.397200
vt 0.528800 0.393400
vt 0.532200 0.389600
vt 0.541000 0.401000
vt 0.507900 0.370000
vt 0.511800 0.367700
vt 0.520200 0.380600
vt 0.516600 0.383600
vt 0.515700 0.365400
vt 0.523800 0.377600
vt 0.527500 0.374500
vt 0.519500 0.363100
vt 0.535600 0.385600
vt 0.544100 0.396100
vt 0.693700 0.088800
vt 0.684200 0.095300
vt 0.693400 0.097500
vt 0.684100 0.103600
vt 0.674500 0.110600
vt 0.674300 0.102700
vt 0.692400 0.116200
vt 0.683500 0.121700
vt 0.683900 0.112400
vt 0.693000 0.106600
vt 0.674400 0.127900
vt 0.674500 0.119000
vt 0.655800 0.142100
vt 0.655200 0.134300
vt 0.664900 0.126300
vt 0.665100 0.134700
vt 0.654400 0.126800
vt 0.664500 0.118400
vt 0.664000 0.110900
vt 0.653600 0.119800
vt 0.691800 0.126200
vt 0.683000 0.131400
vt 0.691000 0.136800
vt 0.682300 0.141600
vt 0.673600 0.147000
vt 0.674100 0.137200
vt 0.689000 0.159200
vt 0.680400 0.163500
vt 0.681500 0.152300
vt 0.690000 0.147700
vt 0.671900 0.168100
vt 0.672900 0.157300
vt 0.655400 0.177700
vt 0.656100 0.168100
vt 0.664400 0.162600
vt 0.663500 0.172900
vt 0.656400 0.159000
vt 0.664900 0.152800
vt 0.665100 0.143600
vt 0.656200 0.150300
vt 0.630300 0.193800
vt 0.628600 0.190700
vt 0.634300 0.184600
vt 0.634600 0.191000
vt 0.626200 0.186500
vt 0.632900 0.178900
vt 0.640300 0.171900
vt 0.640900 0.179200
vt 0.640700 0.187000
vt 0.620900 0.176500
vt 0.629100 0.167100
vt 0.631100 0.173000
vt 0.623600 0.181600
vt 0.637700 0.158300
vt 0.639100 0.165000
vt 0.647500 0.157400
vt 0.646700 0.150000
vt 0.648100 0.165300
vt 0.647700 0.182500
vt 0.648200 0.173600
vt 0.618200 0.171200
vt 0.626900 0.161200
vt 0.615400 0.165900
vt 0.624700 0.155500
vt 0.634400 0.145400
vt 0.636100 0.151800
vt 0.622400 0.149900
vt 0.612600 0.160800
vt 0.632600 0.139400
vt 0.643000 0.129300
vt 0.644400 0.135900
vt 0.645600 0.142800
vt 0.679800 0.264300
vt 0.679600 0.278500
vt 0.670000 0.281100
vt 0.670300 0.267000
vt 0.679600 0.292700
vt 0.670000 0.295400
vt 0.660300 0.298000
vt 0.660400 0.283700
vt 0.660800 0.269600
vt 0.680500 0.320600
vt 0.670800 0.323600
vt 0.670300 0.309600
vt 0.679900 0.306800
vt 0.661000 0.326300
vt 0.660500 0.312200
vt 0.641300 0.330700
vt 0.641000 0.316600
vt 0.650700 0.314600
vt 0.651100 0.328700
vt 0.640900 0.302300
vt 0.650600 0.300300
vt 0.642000 0.274100
vt 0.651400 0.272000
vt 0.650800 0.286100
vt 0.641300 0.288100
vt 0.681300 0.334100
vt 0.671500 0.337300
vt 0.682200 0.347200
vt 0.672500 0.350500
vt 0.662600 0.353500
vt 0.661700 0.340100
vt 0.684500 0.371500
vt 0.674700 0.375100
vt 0.673500 0.363200
vt 0.683300 0.359700
vt 0.664600 0.378400
vt 0.663500 0.366300
vt 0.643800 0.383500
vt 0.643100 0.371200
vt 0.653400 0.369000
vt 0.654300 0.381200
vt 0.642400 0.358200
vt 0.652500 0.356100
vt 0.651700 0.342600
vt 0.641800 0.344600
vt 0.602500 0.372100
vt 0.612500 0.373200
vt 0.612400 0.385400
vt 0.602700 0.359300
vt 0.612400 0.360300
vt 0.622300 0.360400
vt 0.622600 0.373400
vt 0.622800 0.385700
vt 0.603000 0.332300
vt 0.612300 0.333100
vt 0.612300 0.346900
vt 0.602800 0.346000
vt 0.621800 0.333000
vt 0.622000 0.346900
vt 0.631800 0.346100
vt 0.631500 0.332200
vt 0.632300 0.359600
vt 0.633300 0.385000
vt 0.632800 0.372700
vt 0.603300 0.318400
vt 0.612400 0.319100
vt 0.603900 0.304500
vt 0.612800 0.305000
vt 0.622000 0.304800
vt 0.621800 0.318900
vt 0.606400 0.277100
vt 0.614900 0.277400
vt 0.613600 0.291100
vt 0.604900 0.290600
vt 0.623700 0.277000
vt 0.622600 0.290700
vt 0.631900 0.289700
vt 0.632700 0.275800
vt 0.631400 0.303800
vt 0.631300 0.318000
vt 0.550900 0.255100
vt 0.547200 0.268700
vt 0.541500 0.266300
vt 0.545400 0.252500
vt 0.544400 0.282400
vt 0.538400 0.280100
vt 0.532700 0.278200
vt 0.535800 0.264100
vt 0.539900 0.250200
vt 0.541100 0.308600
vt 0.535100 0.306800
vt 0.536300 0.293700
vt 0.542300 0.295700
vt 0.529200 0.305700
vt 0.530500 0.292100
vt 0.515400 0.304900
vt 0.518400 0.290000
vt 0.524500 0.291000
vt 0.523000 0.305000
vt 0.521300 0.275100
vt 0.527000 0.276600
vt 0.527300 0.245400
vt 0.534200 0.247900
vt 0.530100 0.262200
vt 0.524300 0.260300
vt 0.540600 0.320700
vt 0.534800 0.319200
vt 0.540700 0.331600
vt 0.535300 0.330600
vt 0.530000 0.330800
vt 0.529100 0.318600
vt 0.536600 0.340800
vt 0.541200 0.341000
vt 0.531900 0.342200
vt 0.521400 0.346800
vt 0.526800 0.344400
vt 0.519400 0.332900
vt 0.524700 0.331600
vt 0.523300 0.318600
vt 0.517400 0.318900
vt 0.071600 0.585600
vt 0.087700 0.584800
vt 0.089400 0.589700
vt 0.073900 0.590300
vt 0.103500 0.584200
vt 0.104800 0.589100
vt 0.106200 0.593900
vt 0.091200 0.594500
vt 0.076200 0.595000
vt 0.135400 0.583400
vt 0.135900 0.588300
vt 0.120300 0.588700
vt 0.119400 0.583700
vt 0.136300 0.593000
vt 0.121200 0.593400
vt 0.136800 0.602100
vt 0.122800 0.602700
vt 0.122000 0.598100
vt 0.136700 0.597700
vt 0.108800 0.603300
vt 0.107500 0.598600
vt 0.080800 0.604500
vt 0.078500 0.599700
vt 0.093000 0.599200
vt 0.094800 0.603900
vt 0.151400 0.583100
vt 0.151600 0.588000
vt 0.167400 0.582900
vt 0.167200 0.587800
vt 0.167000 0.592500
vt 0.151700 0.592700
vt 0.198800 0.582500
vt 0.198000 0.587300
vt 0.182800 0.587600
vt 0.183200 0.582700
vt 0.197300 0.592000
vt 0.182300 0.592300
vt 0.196300 0.601400
vt 0.181400 0.601600
vt 0.181800 0.596900
vt 0.196600 0.596700
vt 0.166500 0.601800
vt 0.166800 0.597200
vt 0.151700 0.597400
vt 0.151600 0.601900
vt 0.612100 0.396700
vt 0.622800 0.397100
vt 0.622700 0.407700
vt 0.611700 0.407200
vt 0.644400 0.394900
vt 0.633600 0.396500
vt 0.645000 0.405600
vt 0.633900 0.407100
vt 0.645900 0.424500
vt 0.634100 0.426100
vt 0.634000 0.417000
vt 0.645500 0.415400
vt 0.622200 0.426600
vt 0.622500 0.417600
vt 0.611000 0.416900
vt 0.610300 0.425800
vt 0.655100 0.392600
vt 0.665700 0.389700
vt 0.666700 0.400100
vt 0.656000 0.403200
vt 0.685800 0.382400
vt 0.675900 0.386200
vt 0.687200 0.392500
vt 0.677200 0.396500
vt 0.689900 0.410600
vt 0.679600 0.414900
vt 0.678400 0.406100
vt 0.688500 0.401900
vt 0.668800 0.418700
vt 0.667800 0.409800
vt 0.656800 0.413000
vt 0.657500 0.422000
vt 0.697500 0.440500
vt 0.685100 0.444900
vt 0.683500 0.437800
vt 0.694400 0.433200
vt 0.672800 0.449400
vt 0.671800 0.442100
vt 0.670700 0.434700
vt 0.682000 0.430500
vt 0.692600 0.426000
vt 0.648100 0.458200
vt 0.647200 0.449000
vt 0.659700 0.446000
vt 0.660500 0.453800
vt 0.646700 0.440900
vt 0.658900 0.438200
vt 0.658200 0.430300
vt 0.646300 0.432900
vt 0.669800 0.426900
vt 0.691200 0.418500
vt 0.680800 0.423000
vt 0.634300 0.458000
vt 0.634200 0.450200
vt 0.620500 0.457900
vt 0.621000 0.450300
vt 0.621400 0.442700
vt 0.634200 0.442400
vt 0.607700 0.449700
vt 0.606700 0.457700
vt 0.608700 0.441700
vt 0.609600 0.433900
vt 0.621800 0.434900
vt 0.634100 0.434500
vt 0.592800 0.369800
vt 0.583500 0.366600
vt 0.584100 0.354400
vt 0.593200 0.357300
vt 0.566400 0.358200
vt 0.574600 0.362700
vt 0.567300 0.346700
vt 0.575400 0.350800
vt 0.568900 0.321700
vt 0.576900 0.325100
vt 0.576100 0.338200
vt 0.568100 0.334500
vt 0.585200 0.328200
vt 0.584700 0.341500
vt 0.593600 0.344200
vt 0.593900 0.330600
vt 0.558900 0.353200
vt 0.552200 0.348300
vt 0.552900 0.338100
vt 0.559800 0.342400
vt 0.546400 0.343900
vt 0.546500 0.334300
vt 0.547500 0.311300
vt 0.546800 0.323300
vt 0.554200 0.314500
vt 0.553400 0.326700
vt 0.560500 0.330600
vt 0.561300 0.318100
vt 0.556800 0.258200
vt 0.553300 0.271600
vt 0.562900 0.261400
vt 0.559700 0.274800
vt 0.557200 0.288300
vt 0.550600 0.285200
vt 0.576100 0.268100
vt 0.573400 0.281500
vt 0.566400 0.278200
vt 0.569300 0.264800
vt 0.571500 0.295000
vt 0.564200 0.291700
vt 0.562500 0.305000
vt 0.570000 0.308500
vt 0.555400 0.301600
vt 0.548700 0.298400
vt 0.583100 0.271200
vt 0.580800 0.284500
vt 0.590500 0.273800
vt 0.588500 0.287200
vt 0.587000 0.300800
vt 0.579100 0.298100
vt 0.596600 0.289300
vt 0.598300 0.275800
vt 0.595300 0.303000
vt 0.594500 0.316900
vt 0.586000 0.314500
vt 0.577800 0.311700
vt 0.321900 0.544500
vt 0.307400 0.544600
vt 0.321500 0.549600
vt 0.307000 0.549800
vt 0.292400 0.549900
vt 0.292800 0.544600
vt 0.320100 0.559900
vt 0.305400 0.560100
vt 0.306300 0.555000
vt 0.320900 0.554700
vt 0.290900 0.560400
vt 0.291800 0.555200
vt 0.261800 0.560900
vt 0.262500 0.555600
vt 0.277200 0.555400
vt 0.276400 0.560600
vt 0.263000 0.550200
vt 0.277800 0.550100
vt 0.278200 0.544700
vt 0.263300 0.544800
vt 0.318300 0.564800
vt 0.304000 0.565100
vt 0.316600 0.569600
vt 0.302500 0.570000
vt 0.288400 0.570500
vt 0.289700 0.565500
vt 0.313000 0.579300
vt 0.299300 0.579900
vt 0.300900 0.575000
vt 0.314800 0.574400
vt 0.285500 0.580500
vt 0.287000 0.575500
vt 0.258100 0.581600
vt 0.258900 0.576400
vt 0.273000 0.576000
vt 0.271800 0.581100
vt 0.259900 0.571300
vt 0.274200 0.570900
vt 0.275400 0.565800
vt 0.260900 0.566100
vt 0.199300 0.577500
vt 0.214700 0.577200
vt 0.213900 0.582200
vt 0.199800 0.572300
vt 0.215400 0.572100
vt 0.230500 0.571900
vt 0.229700 0.577000
vt 0.228700 0.581900
vt 0.200400 0.561600
vt 0.216400 0.561500
vt 0.215900 0.566900
vt 0.200200 0.567000
vt 0.231800 0.561300
vt 0.231200 0.566600
vt 0.246200 0.566400
vt 0.247000 0.561100
vt 0.245300 0.571600
vt 0.243300 0.581700
vt 0.244400 0.576700
vt 0.200600 0.556100
vt 0.216700 0.556000
vt 0.200800 0.550500
vt 0.216900 0.550500
vt 0.232600 0.550400
vt 0.232300 0.555900
vt 0.217100 0.544900
vt 0.200800 0.544900
vt 0.232800 0.544800
vt 0.248200 0.544800
vt 0.248000 0.550300
vt 0.247600 0.555700
vt 0.694000 0.367500
vt 0.695300 0.378300
vt 0.703200 0.363600
vt 0.704400 0.374200
vt 0.705700 0.384000
vt 0.696700 0.388300
vt 0.720700 0.356200
vt 0.721600 0.366400
vt 0.713200 0.370100
vt 0.712000 0.359700
vt 0.722700 0.375900
vt 0.714300 0.379800
vt 0.724700 0.392800
vt 0.716800 0.396900
vt 0.715500 0.388700
vt 0.723700 0.384700
vt 0.708300 0.401400
vt 0.707000 0.393000
vt 0.698000 0.397500
vt 0.699400 0.406000
vt 0.729200 0.353100
vt 0.729900 0.363200
vt 0.737500 0.350700
vt 0.738000 0.360600
vt 0.738600 0.369900
vt 0.730700 0.372500
vt 0.746000 0.358900
vt 0.745800 0.349000
vt 0.746300 0.368100
vt 0.746900 0.384600
vt 0.746600 0.376700
vt 0.739700 0.386400
vt 0.739100 0.378500
vt 0.731500 0.381200
vt 0.732300 0.389300
vt 0.748000 0.410000
vt 0.747700 0.404400
vt 0.741900 0.412900
vt 0.741400 0.406800
vt 0.740800 0.400500
vt 0.747400 0.398500
vt 0.729900 0.418800
vt 0.728100 0.413400
vt 0.734900 0.409800
vt 0.735900 0.415900
vt 0.726800 0.407100
vt 0.734000 0.403500
vt 0.733100 0.396600
vt 0.725700 0.400300
vt 0.740200 0.393800
vt 0.747200 0.391900
vt 0.721800 0.424300
vt 0.720400 0.418000
vt 0.713700 0.429700
vt 0.712300 0.423100
vt 0.710900 0.416300
vt 0.719100 0.411500
vt 0.703800 0.428200
vt 0.705600 0.435100
vt 0.702200 0.421200
vt 0.700700 0.413800
vt 0.709600 0.409100
vt 0.717900 0.404500
vt 0.703000 0.074800
vt 0.702600 0.083300
vt 0.711400 0.070000
vt 0.710900 0.078700
vt 0.710400 0.087800
vt 0.702100 0.092200
vt 0.726700 0.063100
vt 0.726300 0.072000
vt 0.718800 0.074900
vt 0.719200 0.066100
vt 0.725800 0.081300
vt 0.718300 0.084100
vt 0.724700 0.101300
vt 0.717000 0.104000
vt 0.717700 0.093800
vt 0.725300 0.091100
vt 0.709100 0.107400
vt 0.709800 0.097300
vt 0.701600 0.101600
vt 0.701000 0.111400
vt 0.733800 0.060800
vt 0.733500 0.069700
vt 0.740700 0.059300
vt 0.740400 0.068200
vt 0.740200 0.077700
vt 0.733100 0.079100
vt 0.747200 0.067400
vt 0.747400 0.058400
vt 0.747100 0.076800
vt 0.746800 0.097000
vt 0.746900 0.086700
vt 0.739500 0.097900
vt 0.739900 0.087500
vt 0.732700 0.089000
vt 0.732200 0.099300
vt 0.746000 0.143000
vt 0.746200 0.130800
vt 0.738000 0.143800
vt 0.738400 0.131600
vt 0.738800 0.119900
vt 0.746400 0.119100
vt 0.722000 0.146900
vt 0.722700 0.134800
vt 0.730600 0.133000
vt 0.730000 0.145100
vt 0.723400 0.123200
vt 0.731200 0.121300
vt 0.731700 0.110000
vt 0.724100 0.112000
vt 0.739200 0.108600
vt 0.746600 0.107800
vt 0.713900 0.149300
vt 0.714700 0.137300
vt 0.705700 0.152100
vt 0.706600 0.140200
vt 0.707600 0.128800
vt 0.715600 0.125700
vt 0.698400 0.143700
vt 0.697400 0.155400
vt 0.699400 0.132500
vt 0.700200 0.121700
vt 0.708400 0.117800
vt 0.716300 0.114600
vt 0.689300 0.261700
vt 0.689100 0.275800
vt 0.698600 0.259200
vt 0.698500 0.273200
vt 0.698600 0.287200
vt 0.689100 0.289900
vt 0.717200 0.254800
vt 0.717100 0.268700
vt 0.707800 0.270800
vt 0.707900 0.256900
vt 0.717200 0.282300
vt 0.707900 0.284600
vt 0.717900 0.308800
vt 0.708700 0.311500
vt 0.708200 0.298200
vt 0.717500 0.295700
vt 0.699400 0.314400
vt 0.698900 0.301000
vt 0.689500 0.303800
vt 0.690000 0.317500
vt 0.726400 0.253100
vt 0.726400 0.266800
vt 0.735600 0.251800
vt 0.735600 0.265400
vt 0.735700 0.278800
vt 0.726500 0.280400
vt 0.744800 0.264500
vt 0.744800 0.251000
vt 0.744800 0.277800
vt 0.745000 0.303400
vt 0.744900 0.290800
vt 0.736000 0.304600
vt 0.735800 0.291900
vt 0.726700 0.293600
vt 0.727000 0.306500
vt 0.745500 0.338500
vt 0.737100 0.340000
vt 0.736600 0.328800
vt 0.745300 0.327300
vt 0.719800 0.345200
vt 0.728500 0.342300
vt 0.719100 0.333600
vt 0.727900 0.330900
vt 0.727400 0.318900
vt 0.718400 0.321500
vt 0.736300 0.316900
vt 0.745100 0.315600
vt 0.711000 0.348600
vt 0.702000 0.352200
vt 0.701000 0.340200
vt 0.710100 0.336800
vt 0.692800 0.356000
vt 0.691700 0.343700
vt 0.690800 0.330900
vt 0.700100 0.327600
vt 0.709300 0.324400
vt 0.225100 0.809200
vt 0.235700 0.809100
vt 0.215600 0.809200
vt 0.215400 0.805200
vt 0.224900 0.805000
vt 0.235400 0.804900
vt 0.198900 0.809300
vt 0.206900 0.809300
vt 0.198800 0.805300
vt 0.206800 0.805200
vt 0.198500 0.797300
vt 0.206300 0.797200
vt 0.206500 0.801200
vt 0.198700 0.801300
vt 0.214800 0.797000
vt 0.215100 0.801100
vt 0.234600 0.796500
vt 0.235100 0.800700
vt 0.224600 0.800900
vt 0.224200 0.796800
vt 0.191600 0.809300
vt 0.184600 0.809300
vt 0.184600 0.805400
vt 0.191500 0.805400
vt 0.178000 0.809300
vt 0.178000 0.805400
vt 0.177900 0.797400
vt 0.177900 0.801400
vt 0.184400 0.797400
vt 0.184500 0.801400
vt 0.191400 0.801400
vt 0.191200 0.797400
vt 0.177700 0.781400
vt 0.177700 0.785400
vt 0.183800 0.781300
vt 0.184000 0.785400
vt 0.184200 0.789400
vt 0.177800 0.789400
vt 0.196200 0.781300
vt 0.197400 0.785200
vt 0.190400 0.785300
vt 0.190000 0.781300
vt 0.197900 0.789200
vt 0.190800 0.789300
vt 0.191100 0.793300
vt 0.198200 0.793200
vt 0.184300 0.793400
vt 0.177800 0.793400
vt 0.204500 0.780900
vt 0.205100 0.785000
vt 0.212900 0.780600
vt 0.213500 0.784700
vt 0.214100 0.788800
vt 0.205600 0.789000
vt 0.229700 0.780000
vt 0.232200 0.784000
vt 0.222300 0.784400
vt 0.221300 0.780300
vt 0.233400 0.788100
vt 0.223200 0.788500
vt 0.223800 0.792600
vt 0.234100 0.792300
vt 0.214500 0.792900
vt 0.206000 0.793100
vt 0.745800 0.155700
vt 0.745600 0.168800
vt 0.737200 0.169500
vt 0.737600 0.156500
vt 0.745200 0.195800
vt 0.745400 0.182200
vt 0.736500 0.196600
vt 0.736900 0.182900
vt 0.719000 0.199400
vt 0.719700 0.185800
vt 0.728300 0.184100
vt 0.727800 0.197700
vt 0.720400 0.172500
vt 0.728900 0.170800
vt 0.729400 0.157700
vt 0.721200 0.159500
vt 0.745100 0.209600
vt 0.745000 0.223400
vt 0.735900 0.224200
vt 0.736200 0.210300
vt 0.744900 0.237300
vt 0.735700 0.238100
vt 0.717400 0.240900
vt 0.726600 0.239300
vt 0.717800 0.227000
vt 0.726900 0.225400
vt 0.727300 0.211500
vt 0.718400 0.213100
vt 0.680400 0.250200
vt 0.689800 0.247600
vt 0.681300 0.236400
vt 0.690500 0.233700
vt 0.699600 0.231200
vt 0.699000 0.245100
vt 0.683700 0.209300
vt 0.692500 0.206400
vt 0.691500 0.219900
vt 0.682400 0.222700
vt 0.701400 0.203700
vt 0.700500 0.217400
vt 0.709400 0.215100
vt 0.710200 0.201400
vt 0.708800 0.228900
vt 0.708200 0.242900
vt 0.685000 0.196200
vt 0.693700 0.193100
vt 0.686400 0.183500
vt 0.695000 0.180200
vt 0.703500 0.177200
vt 0.702400 0.190300
vt 0.696200 0.167600
vt 0.687700 0.171100
vt 0.704600 0.164400
vt 0.712900 0.161700
vt 0.712000 0.174600
vt 0.711100 0.187900
vt 0.679100 0.175100
vt 0.677700 0.187200
vt 0.669100 0.191100
vt 0.670600 0.179300
vt 0.674700 0.212500
vt 0.676200 0.199700
vt 0.665900 0.215800
vt 0.667500 0.203200
vt 0.648500 0.222100
vt 0.650500 0.210200
vt 0.658900 0.206800
vt 0.657100 0.219100
vt 0.652500 0.198800
vt 0.660700 0.195000
vt 0.662200 0.183700
vt 0.654100 0.188000
vt 0.673300 0.225700
vt 0.672100 0.239200
vt 0.662900 0.242100
vt 0.664300 0.228800
vt 0.671100 0.253000
vt 0.661700 0.255700
vt 0.643200 0.260500
vt 0.652400 0.258200
vt 0.644700 0.247300
vt 0.653700 0.244800
vt 0.655300 0.231700
vt 0.646500 0.234400
vt 0.608500 0.264000
vt 0.616700 0.264200
vt 0.611100 0.251400
vt 0.619000 0.251500
vt 0.627300 0.250800
vt 0.625300 0.263600
vt 0.617500 0.228100
vt 0.624600 0.227900
vt 0.621700 0.239400
vt 0.614200 0.239400
vt 0.632200 0.226700
vt 0.629600 0.238400
vt 0.637900 0.236700
vt 0.640200 0.224700
vt 0.635900 0.249300
vt 0.634100 0.262300
vt 0.621000 0.217500
vt 0.627600 0.217200
vt 0.624500 0.208000
vt 0.630500 0.207300
vt 0.637300 0.205300
vt 0.634800 0.215600
vt 0.633100 0.198600
vt 0.627800 0.199700
vt 0.639400 0.195700
vt 0.646400 0.192100
vt 0.644600 0.202300
vt 0.642500 0.213200
vt 0.623700 0.198200
vt 0.619300 0.206800
vt 0.614600 0.204200
vt 0.620100 0.194900
vt 0.610900 0.227100
vt 0.615000 0.216500
vt 0.604800 0.225000
vt 0.609500 0.214200
vt 0.593700 0.218700
vt 0.599700 0.207400
vt 0.604400 0.211100
vt 0.599100 0.222100
vt 0.606200 0.196600
vt 0.610300 0.200700
vt 0.616700 0.190900
vt 0.613300 0.186300
vt 0.607100 0.238300
vt 0.603700 0.250300
vt 0.596600 0.248300
vt 0.600500 0.236400
vt 0.600700 0.262800
vt 0.593300 0.260800
vt 0.579400 0.255200
vt 0.586200 0.258200
vt 0.583500 0.242600
vt 0.589900 0.245700
vt 0.594200 0.233700
vt 0.588300 0.230400
vt 0.555600 0.241800
vt 0.561100 0.245000
vt 0.561100 0.228700
vt 0.566300 0.232100
vt 0.571800 0.235600
vt 0.566900 0.248400
vt 0.574600 0.203400
vt 0.579100 0.207200
vt 0.572300 0.219500
vt 0.567500 0.216000
vt 0.583700 0.211000
vt 0.577400 0.223200
vt 0.582700 0.226900
vt 0.588600 0.215000
vt 0.577500 0.239200
vt 0.573000 0.251800
vt 0.582500 0.191200
vt 0.586500 0.195100
vt 0.591000 0.179200
vt 0.594600 0.183400
vt 0.598400 0.187800
vt 0.590700 0.199300
vt 0.603400 0.171900
vt 0.600200 0.167400
vt 0.606600 0.176700
vt 0.609900 0.181500
vt 0.602200 0.192300
vt 0.595100 0.203400
vt 0.336300 0.773400
vt 0.338000 0.778300
vt 0.324000 0.779100
vt 0.322500 0.774300
vt 0.339600 0.783100
vt 0.325500 0.783800
vt 0.311400 0.784500
vt 0.310000 0.779800
vt 0.308600 0.775200
vt 0.343000 0.792800
vt 0.328500 0.793300
vt 0.327000 0.788500
vt 0.341300 0.788000
vt 0.314100 0.793800
vt 0.312800 0.789100
vt 0.285300 0.794800
vt 0.284600 0.790300
vt 0.298600 0.789700
vt 0.299700 0.794300
vt 0.283700 0.785800
vt 0.297400 0.785200
vt 0.281000 0.776900
vt 0.294800 0.776000
vt 0.296200 0.780600
vt 0.282500 0.781400
vt 0.335400 0.554400
vt 0.334700 0.559400
vt 0.336100 0.549400
vt 0.350600 0.549100
vt 0.350000 0.554000
vt 0.349200 0.558900
vt 0.336500 0.544400
vt 0.351200 0.544300
vt 0.380700 0.544000
vt 0.365900 0.544200
vt 0.379900 0.548700
vt 0.365300 0.548900
vt 0.378300 0.557900
vt 0.363800 0.558400
vt 0.364600 0.553700
vt 0.379100 0.553300
vt 0.247400 0.809000
vt 0.247100 0.804700
vt 0.259700 0.804500
vt 0.260000 0.808900
vt 0.246200 0.796200
vt 0.246700 0.800400
vt 0.258700 0.795800
vt 0.259200 0.800100
vt 0.285800 0.799400
vt 0.272400 0.799800
vt 0.271800 0.795300
vt 0.286300 0.804100
vt 0.272800 0.804300
vt 0.273300 0.808800
vt 0.286800 0.808700
vt 0.245600 0.791900
vt 0.244800 0.787600
vt 0.257200 0.787100
vt 0.258000 0.791400
vt 0.242500 0.779200
vt 0.243800 0.783400
vt 0.255300 0.778500
vt 0.256300 0.782800
vt 0.269200 0.782100
vt 0.268200 0.777700
vt 0.270200 0.786500
vt 0.271100 0.790900
vt 0.380400 0.754200
vt 0.380500 0.747100
vt 0.393700 0.746100
vt 0.393000 0.752800
vt 0.381000 0.740200
vt 0.394400 0.739300
vt 0.407600 0.738300
vt 0.406600 0.744900
vt 0.405500 0.751400
vt 0.382000 0.726200
vt 0.395800 0.725600
vt 0.395100 0.732500
vt 0.381500 0.733300
vt 0.409400 0.725000
vt 0.408600 0.731700
vt 0.436800 0.723800
vt 0.435300 0.730000
vt 0.421900 0.730900
vt 0.423000 0.724300
vt 0.433700 0.736200
vt 0.420700 0.737300
vt 0.430600 0.748500
vt 0.418000 0.750000
vt 0.419400 0.743600
vt 0.432100 0.742400
vt 0.382400 0.719100
vt 0.396300 0.718600
vt 0.382600 0.711700
vt 0.396600 0.711400
vt 0.410400 0.711100
vt 0.410000 0.718100
vt 0.396800 0.704200
vt 0.382800 0.704300
vt 0.410700 0.704000
vt 0.438300 0.703600
vt 0.424500 0.703800
vt 0.437800 0.710400
vt 0.424100 0.710700
vt 0.423700 0.717600
vt 0.437300 0.717100
vt 0.063700 0.545400
vt 0.047700 0.545600
vt 0.064300 0.551500
vt 0.048400 0.551800
vt 0.032800 0.552100
vt 0.032100 0.545800
vt 0.066400 0.563400
vt 0.050800 0.563900
vt 0.049400 0.557900
vt 0.065200 0.557500
vt 0.035500 0.564600
vt 0.034000 0.558400
vt 0.004600 0.566300
vt 0.003500 0.559600
vt 0.018700 0.559000
vt 0.020300 0.565400
vt 0.002300 0.552900
vt 0.017500 0.552500
vt 0.016600 0.545900
vt 0.001200 0.546100
vt 0.067800 0.569100
vt 0.052400 0.569800
vt 0.069400 0.574800
vt 0.054300 0.575600
vt 0.039700 0.576600
vt 0.037400 0.570600
vt 0.058100 0.586900
vt 0.056200 0.581300
vt 0.070800 0.580300
vt 0.044500 0.588300
vt 0.042100 0.582500
vt 0.017400 0.591100
vt 0.014200 0.584900
vt 0.028100 0.583700
vt 0.030900 0.589700
vt 0.011000 0.578700
vt 0.025300 0.577600
vt 0.022600 0.571500
vt 0.007800 0.572500
vt 0.086300 0.579600
vt 0.085100 0.574200
vt 0.101200 0.573700
vt 0.102300 0.579000
vt 0.082500 0.562900
vt 0.083800 0.568600
vt 0.099200 0.562600
vt 0.100100 0.568200
vt 0.133100 0.562100
vt 0.133700 0.567600
vt 0.116800 0.567900
vt 0.116100 0.562300
vt 0.134200 0.573000
vt 0.117600 0.573300
vt 0.118500 0.578600
vt 0.134800 0.578300
vt 0.081500 0.557100
vt 0.080800 0.551200
vt 0.097700 0.551100
vt 0.098300 0.556900
vt 0.080300 0.545300
vt 0.097300 0.545200
vt 0.132100 0.545100
vt 0.114600 0.545100
vt 0.132300 0.550800
vt 0.114900 0.550900
vt 0.115400 0.556700
vt 0.132700 0.556500
vt 0.184100 0.544900
vt 0.184100 0.550600
vt 0.167000 0.550700
vt 0.167000 0.545000
vt 0.184000 0.561700
vt 0.184100 0.556200
vt 0.167300 0.561800
vt 0.167100 0.556300
vt 0.150000 0.556400
vt 0.150200 0.562000
vt 0.149700 0.550700
vt 0.149600 0.545000
vt 0.183900 0.567200
vt 0.183800 0.572500
vt 0.167400 0.572600
vt 0.167400 0.567300
vt 0.183600 0.577700
vt 0.167400 0.577900
vt 0.151200 0.578000
vt 0.150900 0.572800
vt 0.150600 0.567500
vt 0.275900 0.757400
vt 0.277300 0.750200
vt 0.288300 0.750100
vt 0.288200 0.757300
vt 0.277500 0.742900
vt 0.288400 0.742800
vt 0.300300 0.742700
vt 0.300400 0.749900
vt 0.300500 0.757100
vt 0.277000 0.728100
vt 0.287900 0.728000
vt 0.288200 0.735500
vt 0.277300 0.735600
vt 0.299900 0.728000
vt 0.300100 0.735400
vt 0.325900 0.727700
vt 0.326000 0.735000
vt 0.312700 0.735200
vt 0.312600 0.727900
vt 0.325900 0.742300
vt 0.312800 0.742500
vt 0.325200 0.756800
vt 0.312900 0.756900
vt 0.312900 0.749700
vt 0.325800 0.749500
vt 0.276800 0.720400
vt 0.287800 0.720400
vt 0.276700 0.712700
vt 0.287700 0.712600
vt 0.299700 0.712600
vt 0.299700 0.720400
vt 0.287700 0.704800
vt 0.276700 0.704800
vt 0.299700 0.704800
vt 0.326000 0.704700
vt 0.312500 0.704700
vt 0.325900 0.712500
vt 0.312500 0.712600
vt 0.312500 0.720300
vt 0.325900 0.720100
vt 0.368500 0.704500
vt 0.368400 0.712000
vt 0.354100 0.712200
vt 0.354100 0.704600
vt 0.367900 0.726700
vt 0.368200 0.719400
vt 0.353800 0.727100
vt 0.354000 0.719700
vt 0.339800 0.720000
vt 0.339700 0.727400
vt 0.339900 0.712300
vt 0.339900 0.704600
vt 0.367600 0.733900
vt 0.367200 0.740900
vt 0.353400 0.741500
vt 0.353600 0.734400
vt 0.366600 0.754900
vt 0.366900 0.747900
vt 0.352800 0.755500
vt 0.353100 0.748500
vt 0.339300 0.749000
vt 0.339000 0.756100
vt 0.339500 0.741900
vt 0.339700 0.734700
vt 0.580500 0.144800
vt 0.577700 0.142400
vt 0.583200 0.147300
vt 0.571800 0.160600
vt 0.569100 0.158300
vt 0.566300 0.156100
vt 0.588500 0.152800
vt 0.585800 0.149900
vt 0.577600 0.165600
vt 0.574700 0.163000
vt 0.556200 0.190800
vt 0.553000 0.189000
vt 0.563800 0.176000
vt 0.567000 0.178400
vt 0.549800 0.187200
vt 0.560800 0.173900
vt 0.543400 0.183600
vt 0.554800 0.169900
vt 0.557800 0.171900
vt 0.546600 0.185400
vt 0.591200 0.156000
vt 0.594100 0.159400
vt 0.584100 0.171800
vt 0.580800 0.168500
vt 0.597100 0.163200
vt 0.587500 0.175300
vt 0.570400 0.200100
vt 0.578600 0.187600
vt 0.566100 0.197000
vt 0.574700 0.184300
vt 0.570800 0.181200
vt 0.561600 0.194000
vt 0.550400 0.239000
vt 0.545200 0.236500
vt 0.551400 0.223100
vt 0.556200 0.225800
vt 0.534500 0.231700
vt 0.539900 0.234100
vt 0.541700 0.218100
vt 0.546500 0.220600
vt 0.553700 0.207100
vt 0.548900 0.204400
vt 0.558300 0.209900
vt 0.562900 0.212800
vt 0.210900 0.596300
vt 0.209900 0.600900
vt 0.211900 0.591700
vt 0.226200 0.591300
vt 0.224900 0.595900
vt 0.223600 0.600400
vt 0.212900 0.587000
vt 0.227500 0.586700
vt 0.256300 0.586100
vt 0.241900 0.586400
vt 0.254500 0.590500
vt 0.240400 0.590900
vt 0.250900 0.599400
vt 0.237200 0.599900
vt 0.238800 0.595400
vt 0.252700 0.594900
vt 0.225300 0.750200
vt 0.225400 0.757500
vt 0.225200 0.742900
vt 0.231100 0.742900
vt 0.231300 0.750200
vt 0.231400 0.757500
vt 0.225000 0.728000
vt 0.225100 0.735500
vt 0.230900 0.728000
vt 0.231000 0.735500
vt 0.243500 0.728100
vt 0.243800 0.735600
vt 0.237200 0.735500
vt 0.237000 0.728000
vt 0.243900 0.742900
vt 0.237300 0.742900
vt 0.243400 0.757500
vt 0.237400 0.757500
vt 0.237400 0.750200
vt 0.244000 0.750300
vt 0.225000 0.720300
vt 0.225000 0.712600
vt 0.230700 0.712600
vt 0.230800 0.720300
vt 0.225000 0.704800
vt 0.230700 0.704800
vt 0.243300 0.704800
vt 0.236800 0.704800
vt 0.243300 0.712600
vt 0.236800 0.712600
vt 0.236900 0.720400
vt 0.243400 0.720400
vt 0.266900 0.704800
vt 0.267000 0.712700
vt 0.258200 0.712700
vt 0.258200 0.704800
vt 0.267300 0.728100
vt 0.267100 0.720400
vt 0.258500 0.728100
vt 0.258300 0.720400
vt 0.250500 0.720400
vt 0.250700 0.728100
vt 0.250400 0.712600
vt 0.250300 0.704800
vt 0.267600 0.735600
vt 0.267800 0.742900
vt 0.259100 0.743000
vt 0.258800 0.735600
vt 0.267800 0.757500
vt 0.267800 0.750200
vt 0.259600 0.757500
vt 0.259400 0.750200
vt 0.251400 0.750300
vt 0.251500 0.757500
vt 0.251200 0.743000
vt 0.250900 0.735600
vt 0.747800 0.007600
vt 0.747800 0.001400
vt 0.747800 0.013900
vt 0.741500 0.015000
vt 0.741500 0.008800
vt 0.741600 0.002700
vt 0.747700 0.026900
vt 0.747700 0.020300
vt 0.741300 0.027900
vt 0.741400 0.021300
vt 0.727700 0.032200
vt 0.727800 0.025700
vt 0.734800 0.023100
vt 0.734700 0.029600
vt 0.728000 0.019400
vt 0.734900 0.016800
vt 0.729300 0.005500
vt 0.735500 0.004100
vt 0.735200 0.010400
vt 0.728300 0.013000
vt 0.747600 0.034100
vt 0.747600 0.041700
vt 0.741100 0.042600
vt 0.741200 0.035000
vt 0.747500 0.049800
vt 0.740900 0.050700
vt 0.727100 0.054600
vt 0.734100 0.052300
vt 0.727300 0.046700
vt 0.734400 0.044300
vt 0.734600 0.036700
vt 0.727600 0.039200
vt 0.703200 0.066900
vt 0.703400 0.059400
vt 0.712000 0.054200
vt 0.711700 0.061900
vt 0.703500 0.045900
vt 0.703500 0.052400
vt 0.712300 0.040200
vt 0.712200 0.047000
vt 0.720100 0.042600
vt 0.720300 0.035700
vt 0.719900 0.049900
vt 0.719600 0.057800
vt 0.703500 0.039900
vt 0.703500 0.034100
vt 0.712300 0.028200
vt 0.712300 0.034000
vt 0.704100 0.022200
vt 0.703800 0.028200
vt 0.712500 0.016600
vt 0.712400 0.022400
vt 0.720700 0.017200
vt 0.720900 0.011100
vt 0.720500 0.023300
vt 0.720400 0.029400
s 1
f 1/1/1 2/2/2 3/3/3 4/4/4
f 5/5/5 6/6/6 3/3/3 2/2/2
f 7/7/7 8/8/8 3/3/3 6/6/6
f 9/9/9 4/4/4 3/3/3 8/8/8
f 10/10/10 11/11/11 12/12/12 13/13/13
f 14/14/14 15/15/15 12/12/12 11/11/11
f 7/7/7 6/6/6 12/12/12 15/15/15
f 5/5/5 13/13/13 12/12/12 6/6/6
f 16/16/16 17/17/17 18/18/18 19/19/19
f 20/20/20 21/21/21 18/18/18 17/17/17
f 7/7/7 15/15/15 18/18/18 21/21/21
f 14/14/14 19/19/19 18/18/18 15/15/15
f 22/22/22 23/23/23 24/24/24 25/25/25
f 9/9/9 8/8/8 24/24/24 23/23/23
f 7/7/7 21/21/21 24/24/24 8/8/8
f 20/20/20 25/25/25 24/24/24 21/21/21
f 10/10/10 26/26/26 27/27/27 11/11/11
f 28/28/28 29/29/29 27/27/27 26/26/26
f 30/30/30 31/31/31 27/27/27 29/29/29
f 14/14/14 11/11/11 27/27/27 31/31/31
f 32/32/32 33/33/33 34/34/34 35/35/35
f 36/36/36 37/37/37 34/34/34 33/33/33
f 30/30/30 29/29/29 34/34/34 37/37/37
f 28/28/28 35/35/35 34/34/34 29/29/29
f 38/38/38 39/39/39 40/40/40 41/41/41
f 42/42/42 43/43/43 40/40/40 39/39/39
f 30/30/30 37/37/37 40/40/40 43/43/43
f 36/36/36 41/41/41 40/40/40 37/37/37
f 16/16/16 19/19/19 44/44/44 45/45/45
f 14/14/14 31/31/31 44/44/44 19/19/19
f 30/30/30 43/43/43 44/44/44 31/31/31
f 42/42/42 45/45/45 44/44/44 43/43/43
f 46/46/46 47/47/47 48/48/48 49/49/49
f 50/50/50 51/51/51 48/48/48 47/47/47
f 52/52/52 53/53/53 48/48/48 51/51/51
f 54/54/54 49/49/49 48/48/48 53/53/53
f 55/55/55 56/56/56 57/57/57 58/58/58
f 59/59/59 60/60/60 57/57/57 56/56/56
f 52/52/52 51/51/51 57/57/57 60/60/60
f 50/50/50 58/58/58 57/57/57 51/51/51
f 16/16/16 45/45/45 61/61/61 62/62/62
f 42/42/42 63/63/63 61/61/61 45/45/45
f 52/52/52 60/60/60 61/61/61 63/63/63
f 59/59/59 62/62/62 61/61/61 60/60/60
f 38/38/38 64/64/64 65/65/65 39/39/39
f 54/54/54 53/53/53 65/65/65 64/64/64
f 52/52/52 63/63/63 65/65/65 53/53/53
f 42/42/42 39/39/39 65/65/65 63/63/63
f 55/55/55 66/66/66 67/67/67 56/56/56
f 68/68/68 69/69/69 67/67/67 66/66/66
f 70/70/70 71/71/71 67/67/67 69/69/69
f 59/59/59 56/56/56 67/67/67 71/71/71
f 72/72/72 73/73/73 74/74/74 75/75/75
f 76/76/76 77/77/77 74/74/74 73/73/73
f 70/70/70 69/69/69 74/74/74 77/77/77
f 68/68/68 75/75/75 74/74/74 69/69/69
f 22/22/22 25/25/25 78/78/78 79/79/79
f 20/20/20 80/80/80 78/78/78 25/25/25
f 70/70/70 77/77/77 78/78/78 80/80/80
f 76/76/76 79/79/79 78/78/78 77/77/77
f 16/16/16 62/62/62 81/81/81 17/17/17
f 59/59/59 71/71/71 81/81/81 62/62/62
f 70/70/70 80/80/80 81/81/81 71/71/71
f 20/20/20 17/17/17 81/81/81 80/80/80
f 82/82/82 83/83/83 84/84/84 85/85/85
f 86/86/86 87/87/87 84/84/84 83/83/83
f 88/88/88 89/89/89 84/84/84 87/87/87
f 90/90/90 85/85/85 84/84/84 89/89/89
f 91/91/91 92/92/92 93/93/93 94/94/94
f 95/95/95 96/96/96 93/93/93 92/92/92
f 88/88/88 87/87/87 93/93/93 96/96/96
f 86/86/86 94/94/94 93/93/93 87/87/87
f 97/97/97 98/98/98 99/99/99 100/100/100
f 101/101/101 102/102/102 99/99/99 98/98/98
f 88/88/88 96/96/96 99/99/99 102/102/102
f 95/95/95 100/100/100 99/99/99 96/96/96
f 103/103/103 104/104/104 105/105/105 106/106/106
f 90/90/90 89/89/89 105/105/105 104/104/104
f 88/88/88 102/102/102 105/105/105 89/89/89
f 101/101/101 106/106/106 105/105/105 102/102/102
f 91/91/91 107/107/107 108/108/108 92/92/92
f 109/109/109 110/110/110 108/108/108 107/107/107
f 111/111/111 112/112/112 108/108/108 110/110/110
f 95/95/95 92/92/92 108/108/108 112/112/112
f 113/113/113 114/114/114 115/115/115 116/116/116
f 117/117/117 118/118/118 115/115/115 114/114/114
f 111/111/111 110/110/110 115/115/115 118/118/118
f 109/109/109 116/116/116 115/115/115 110/110/110
f 119/119/119 120/120/120 121/121/121 122/122/122
f 123/123/123 124/124/124 121/121/121 120/120/120
f 111/111/111 118/118/118 121/121/121 124/124/124
f 117/117/117 122/122/122 121/121/121 118/118/118
f 97/97/97 100/100/100 125/125/125 126/126/126
f 95/95/95 112/112/112 125/125/125 100/100/100
f 111/111/111 124/124/124 125/125/125 112/112/112
f 123/123/123 126/126/126 125/125/125 124/124/124
f 127/127/127 128/128/128 129/129/129 130/130/130
f 131/131/131 132/132/132 129/129/129 128/128/128
f 133/133/133 134/134/134 129/129/129 132/132/132
f 135/135/135 130/130/130 129/129/129 134/134/134
f 136/136/136 137/137/137 138/138/138 139/139/139
f 140/140/140 141/141/141 138/138/138 137/137/137
f 133/133/133 132/132/132 138/138/138 141/141/141
f 131/131/131 139/139/139 138/138/138 132/132/132
f 97/97/97 126/126/126 142/142/142 143/143/143
f 123/123/123 144/144/144 142/142/142 126/126/126
f 133/133/133 141/141/141 142/142/142 144/144/144
f 140/140/140 143/143/143 142/142/142 141/141/141
f 119/119/119 145/145/145 146/146/146 120/120/120
f 135/135/135 134/134/134 146/146/146 145/145/145
f 133/133/133 144/144/144 146/146/146 134/134/134
f 123/123/123 120/120/120 146/146/146 144/144/144
f 136/136/136 147/147/147 148/148/148 137/137/137
f 149/149/149 150/150/150 148/148/148 147/147/147
f 151/151/151 152/152/152 148/148/148 150/150/150
f 140/140/140 137/137/137 148/148/148 152/152/152
f 153/153/153 154/154/154 155/155/155 156/156/156
f 157/157/157 158/158/158 155/155/155 154/154/154
f 151/151/151 150/150/150 155/155/155 158/158/158
f 149/149/149 156/156/156 155/155/155 150/150/150
f 103/103/103 106/106/106 159/159/159 160/160/160
f 101/101/101 161/161/161 159/159/159 106/106/106
f 151/151/151 158/158/158 159/159/159 161/161/161
f 157/157/157 160/160/160 159/159/159 158/158/158
f 97/97/97 143/143/143 162/162/162 98/98/98
f 140/140/140 152/152/152 162/162/162 143/143/143
f 151/151/151 161/161/161 162/162/162 152/152/152
f 101/101/101 98/98/98 162/162/162 161/161/161
f 72/72/72 163/163/163 164/164/164 73/73/73
f 165/165/165 166/166/166 164/164/164 163/163/163
f 167/167/167 168/168/168 164/164/164 166/166/166
f 76/76/76 73/73/73 164/164/164 168/168/168
f 169/169/169 170/170/170 171/171/171 172/172/172
f 173/173/173 174/174/174 171/171/171 170/170/170
f 167/167/167 166/166/166 171/171/171 174/174/174
f 165/165/165 172/172/172 171/171/171 166/166/166
f 175/175/175 176/176/176 177/177/177 178/178/178
f 179/179/179 180/180/180 177/177/177 176/176/176
f 167/167/167 174/174/174 177/177/177 180/180/180
f 173/173/173 178/178/178 177/177/177 174/174/174
f 22/22/22 79/79/79 181/181/181 182/182/182
f 76/76/76 168/168/168 181/181/181 79/79/79
f 167/167/167 180/180/180 181/181/181 168/168/168
f 179/179/179 182/182/182 181/181/181 180/180/180
f 169/169/169 183/183/183 184/184/184 170/170/170
f 185/185/185 186/186/186 184/184/184 183/183/183
f 187/187/187 188/188/188 184/184/184 186/186/186
f 173/173/173 170/170/170 184/184/184 188/188/188
f 189/189/189 190/190/190 191/191/191 192/192/192
f 193/193/193 194/194/194 191/191/191 190/190/190
f 187/187/187 186/186/186 191/191/191 194/194/194
f 185/185/185 192/192/192 191/191/191 186/186/186
f 195/195/195 196/196/196 197/197/197 198/198/198
f 199/199/199 200/200/200 197/197/197 196/196/196
f 187/187/187 194/194/194 197/197/197 200/200/200
f 193/193/193 198/198/198 197/197/197 194/194/194
f 175/175/175 178/178/178 201/201/201 202/202/202
f 173/173/173 188/188/188 201/201/201 178/178/178
f 187/187/187 200/200/200 201/201/201 188/188/188
f 199/199/199 202/202/202 201/201/201 200/200/200
f 203/203/203 204/204/204 205/205/205 206/206/206
f 207/207/207 208/208/208 205/205/205 204/204/204
f 209/209/209 210/210/210 205/205/205 208/208/208
f 211/211/211 206/206/206 205/205/205 210/210/210
f 212/212/212 213/213/213 214/214/214 215/215/215
f 216/216/216 217/217/217 214/214/214 213/213/213
f 209/209/209 208/208/208 214/214/214 217/217/217
f 207/207/207 215/215/215 214/214/214 208/208/208
f 175/175/175 202/202/202 218/218/218 219/219/219
f 199/199/199 220/220/220 218/218/218 202/202/202
f 209/209/209 217/217/217 218/218/218 220/220/220
f 216/216/216 219/219/219 218/218/218 217/217/217
f 195/195/195 221/221/221 222/222/222 196/196/196
f 211/211/211 210/210/210 222/222/222 221/221/221
f 209/209/209 220/220/220 222/222/222 210/210/210
f 199/199/199 196/196/196 222/222/222 220/220/220
f 212/212/212 223/223/223 224/224/224 213/213/213
f 225/225/225 226/226/226 224/224/224 223/223/223
f 227/227/227 228/228/228 224/224/224 226/226/226
f 216/216/216 213/213/213 224/224/224 228/228/228
f 1/1/1 4/4/4 229/229/229 230/230/230
f 9/9/9 231/231/231 229/229/229 4/4/4
f 227/227/227 226/226/226 229/229/229 231/231/231
f 225/225/225 230/230/230 229/229/229 226/226/226
f 22/22/22 182/182/182 232/232/232 23/23/23
f 179/179/179 233/233/233 232/232/232 182/182/182
f 227/227/227 231/231/231 232/232/232 233/233/233
f 9/9/9 23/23/23 232/232/232 231/231/231
f 175/175/175 219/219/219 234/234/234 176/176/176
f 216/216/216 228/228/228 234/234/234 219/219/219
f 227/227/227 233/233/233 234/234/234 228/228/228
f 179/179/179 176/176/176 234/234/234 233/233/233
f 235/235/235 236/236/236 237/237/237 238/238/238
f 239/239/239 240/240/240 237/237/237 236/236/236
f 241/241/241 242/242/242 237/237/237 240/240/240
f 243/243/243 238/238/238 237/237/237 242/242/242
f 244/244/244 245/245/245 246/246/246 247/247/247
f 248/248/248 249/249/249 246/246/246 245/245/245
f 241/241/241 240/240/240 246/246/246 249/249/249
f 239/239/239 247/247/247 246/246/246 240/240/240
f 250/250/250 251/251/251 252/252/252 253/253/253
f 254/254/254 255/255/255 252/252/252 251/251/251
f 241/241/241 249/249/249 252/252/252 255/255/255
f 248/248/248 253/253/253 252/252/252 249/249/249
f 256/256/256 257/257/257 258/258/258 259/259/259
f 243/243/243 242/242/242 258/258/258 257/257/257
f 241/241/241 255/255/255 258/258/258 242/242/242
f 254/254/254 259/259/259 258/258/258 255/255/255
f 244/244/244 260/260/260 261/261/261 245/245/245
f 262/262/262 263/263/263 261/261/261 260/260/260
f 264/264/264 265/265/265 261/261/261 263/263/263
f 248/248/248 245/245/245 261/261/261 265/265/265
f 266/266/266 267/267/267 268/268/268 269/269/269
f 270/270/270 271/271/271 268/268/268 267/267/267
f 264/264/264 263/263/263 268/268/268 271/271/271
f 262/262/262 269/269/269 268/268/268 263/263/263
f 272/272/272 273/273/273 274/274/274 275/275/275
f 276/276/276 277/277/277 274/274/274 273/273/273
f 264/264/264 271/271/271 274/274/274 277/277/277
f 270/270/270 275/275/275 274/274/274 271/271/271
f 250/250/250 253/253/253 278/278/278 279/279/279
f 248/248/248 265/265/265 278/278/278 253/253/253
f 264/264/264 277/277/277 278/278/278 265/265/265
f 276/276/276 279/279/279 278/278/278 277/277/277
f 113/113/113 280/280/280 281/281/281 282/282/282
f 283/283/283 284/284/284 281/281/281 280/280/280
f 285/285/285 286/286/286 281/281/281 284/284/284
f 287/287/287 282/282/282 281/281/281 286/286/286
f 288/288/288 289/289/289 290/290/290 291/291/291
f 292/292/292 293/293/293 290/290/290 289/289/289
f 285/285/285 284/284/284 290/290/290 293/293/293
f 283/283/283 291/291/291 290/290/290 284/284/284
f 250/250/250 279/279/279 294/294/294 295/295/295
f 276/276/276 296/296/296 294/294/294 279/279/279
f 285/285/285 293/293/293 294/294/294 296/296/296
f 292/292/292 295/295/295 294/294/294 293/293/293
f 272/272/272 297/297/297 298/298/298 273/273/273
f 287/287/287 286/286/286 298/298/298 297/297/297
f 285/285/285 296/296/296 298/298/298 286/286/286
f 276/276/276 273/273/273 298/298/298 296/296/296
f 288/288/288 299/299/299 300/300/300 289/289/289
f 301/301/301 302/302/302 300/300/300 299/299/299
f 303/303/303 304/304/304 300/300/300 302/302/302
f 292/292/292 289/289/289 300/300/300 304/304/304
f 305/305/305 306/306/306 307/307/307 308/308/308
f 309/309/309 310/310/310 307/307/307 306/306/306
f 303/303/303 302/302/302 307/307/307 310/310/310
f 301/301/301 308/308/308 307/307/307 302/302/302
f 256/256/256 259/259/259 311/311/311 312/312/312
f 254/254/254 313/313/313 311/311/311 259/259/259
f 303/303/303 310/310/310 311/311/311 313/313/313
f 309/309/309 312/312/312 311/311/311 310/310/310
f 250/250/250 295/295/295 314/314/314 251/251/251
f 292/292/292 304/304/304 314/314/314 295/295/295
f 303/303/303 313/313/313 314/314/314 304/304/304
f 254/254/254 251/251/251 314/314/314 313/313/313
f 315/315/315 316/316/316 317/317/317 318/318/318
f 319/319/319 320/320/320 317/317/317 316/316/316
f 321/321/321 322/322/322 317/317/317 320/320/320
f 323/323/323 318/318/318 317/317/317 322/322/322
f 324/324/324 325/325/325 326/326/326 327/327/327
f 328/328/328 329/329/329 326/326/326 325/325/325
f 321/321/321 320/320/320 326/326/326 329/329/329
f 319/319/319 327/327/327 326/326/326 320/320/320
f 330/330/330 331/331/331 332/332/332 333/333/333
f 334/334/334 335/335/335 332/332/332 331/331/331
f 321/321/321 329/329/329 332/332/332 335/335/335
f 328/328/328 333/333/333 332/332/332 329/329/329
f 336/336/336 337/337/337 338/338/338 339/339/339
f 323/323/323 322/322/322 338/338/338 337/337/337
f 321/321/321 335/335/335 338/338/338 322/322/322
f 334/334/334 339/339/339 338/338/338 335/335/335
f 324/324/324 340/340/340 341/341/341 325/325/325
f 342/342/342 343/343/343 341/341/341 340/340/340
f 344/344/344 345/345/345 341/341/341 343/343/343
f 328/328/328 325/325/325 341/341/341 345/345/345
f 82/82/82 85/85/85 346/346/346 347/347/347
f 90/90/90 348/348/348 346/346/346 85/85/85
f 344/344/344 343/343/343 346/346/346 348/348/348
f 342/342/342 347/347/347 346/346/346 343/343/343
f 103/103/103 349/349/349 350/350/350 104/104/104
f 351/351/351 352/352/352 350/350/350 349/349/349
f 344/344/344 348/348/348 350/350/350 352/352/352
f 90/90/90 104/104/104 350/350/350 348/348/348
f 330/330/330 333/333/333 353/353/353 354/354/354
f 328/328/328 345/345/345 353/353/353 333/333/333
f 344/344/344 352/352/352 353/353/353 345/345/345
f 351/351/351 354/354/354 353/353/353 352/352/352
f 153/355/153 355/356/355 356/357/356 154/358/154
f 357/359/357 358/360/358 356/357/356 355/356/355
f 359/361/359 360/362/360 356/357/356 358/360/358
f 157/363/157 154/358/154 356/357/356 360/362/360
f 361/364/361 362/365/362 363/366/363 364/367/364
f 365/368/365 366/369/366 363/366/363 362/365/362
f 359/361/359 358/360/358 363/366/363 366/369/366
f 357/359/357 364/367/364 363/366/363 358/360/358
f 330/370/330 354/371/354 367/372/367 368/373/368
f 351/374/351 369/375/369 367/372/367 354/371/354
f 359/361/359 366/369/366 367/372/367 369/375/369
f 365/368/365 368/373/368 367/372/367 366/369/366
f 103/376/103 160/377/160 370/378/370 349/379/349
f 157/363/157 360/362/360 370/378/370 160/377/160
f 359/361/359 369/375/369 370/378/370 360/362/360
f 351/374/351 349/379/349 370/378/370 369/375/369
f 361/364/361 371/380/371 372/381/372 362/365/362
f 373/382/373 374/383/374 372/381/372 371/380/371
f 375/384/375 376/385/376 372/381/372 374/383/374
f 365/368/365 362/365/362 372/381/372 376/385/376
f 377/386/377 378/387/378 379/388/379 380/389/380
f 381/390/381 382/391/382 379/388/379 378/387/378
f 375/384/375 374/383/374 379/388/379 382/391/382
f 373/382/373 380/389/380 379/388/379 374/383/374
f 336/392/336 339/393/339 383/394/383 384/395/384
f 334/396/334 385/397/385 383/394/383 339/393/339
f 375/384/375 382/391/382 383/394/383 385/397/385
f 381/390/381 384/395/384 383/394/383 382/391/382
f 330/370/330 368/373/368 386/398/386 331/399/331
f 365/368/365 376/385/376 386/398/386 368/373/368
f 375/384/375 385/397/385 386/398/386 376/385/376
f 334/396/334 331/399/331 386/398/386 385/397/385
f 113/113/113 282/282/282 387/400/387 114/114/114
f 287/287/287 388/401/388 387/400/387 282/282/282
f 389/402/389 390/403/390 387/400/387 388/401/388
f 117/117/117 114/114/114 387/400/387 390/403/390
f 272/272/272 391/404/391 392/405/392 297/297/297
f 393/406/393 394/407/394 392/405/392 391/404/391
f 389/402/389 388/401/388 392/405/392 394/407/394
f 287/287/287 297/297/297 392/405/392 388/401/388
f 395/408/395 396/409/396 397/410/397 398/411/398
f 399/412/399 400/413/400 397/410/397 396/409/396
f 389/402/389 394/407/394 397/410/397 400/413/400
f 393/406/393 398/411/398 397/410/397 394/407/394
f 119/119/119 122/122/122 401/414/401 402/415/402
f 117/117/117 390/403/390 401/414/401 122/122/122
f 389/402/389 400/413/400 401/414/401 390/403/390
f 399/412/399 402/415/402 401/414/401 400/413/400
f 272/272/272 275/275/275 403/416/403 391/404/391
f 270/270/270 404/417/404 403/416/403 275/275/275
f 405/418/405 406/419/406 403/416/403 404/417/404
f 393/406/393 391/404/391 403/416/403 406/419/406
f 266/266/266 407/420/407 408/421/408 267/267/267
f 409/422/409 410/423/410 408/421/408 407/420/407
f 405/418/405 404/417/404 408/421/408 410/423/410
f 270/270/270 267/267/267 408/421/408 404/417/404
f 411/424/411 412/425/412 413/426/413 414/427/414
f 415/428/415 416/429/416 413/426/413 412/425/412
f 405/418/405 410/423/410 413/426/413 416/429/416
f 409/422/409 414/427/414 413/426/413 410/423/410
f 395/408/395 398/411/398 417/430/417 418/431/418
f 393/406/393 406/419/406 417/430/417 398/411/398
f 405/418/405 416/429/416 417/430/417 406/419/406
f 415/428/415 418/431/418 417/430/417 416/429/416
f 419/432/419 420/433/420 421/434/421 422/435/422
f 423/436/423 424/437/424 421/434/421 420/433/420
f 425/438/425 426/439/426 421/434/421 424/437/424
f 427/440/427 422/435/422 421/434/421 426/439/426
f 428/441/428 429/442/429 430/443/430 431/444/431
f 432/445/432 433/446/433 430/443/430 429/442/429
f 425/438/425 424/437/424 430/443/430 433/446/433
f 423/436/423 431/444/431 430/443/430 424/437/424
f 395/408/395 418/431/418 434/447/434 435/448/435
f 415/428/415 436/449/436 434/447/434 418/431/418
f 425/438/425 433/446/433 434/447/434 436/449/436
f 432/445/432 435/448/435 434/447/434 433/446/433
f 411/424/411 437/450/437 438/451/438 412/425/412
f 427/440/427 426/439/426 438/451/438 437/450/437
f 425/438/425 436/449/436 438/451/438 426/439/426
f 415/428/415 412/425/412 438/451/438 436/449/436
f 428/441/428 439/452/439 440/453/440 429/442/429
f 441/454/441 442/455/442 440/453/440 439/452/439
f 443/456/443 444/457/444 440/453/440 442/455/442
f 432/445/432 429/442/429 440/453/440 444/457/444
f 127/127/127 130/130/130 445/458/445 446/459/446
f 135/135/135 447/460/447 445/458/445 130/130/130
f 443/456/443 442/455/442 445/458/445 447/460/447
f 441/454/441 446/459/446 445/458/445 442/455/442
f 119/119/119 402/415/402 448/461/448 145/145/145
f 399/412/399 449/462/449 448/461/448 402/415/402
f 443/456/443 447/460/447 448/461/448 449/462/449
f 135/135/135 145/145/145 448/461/448 447/460/447
f 395/408/395 435/448/435 450/463/450 396/409/396
f 432/445/432 444/457/444 450/463/450 435/448/435
f 443/456/443 449/462/449 450/463/450 444/457/444
f 399/412/399 396/409/396 450/463/450 449/462/449
f 113/113/113 116/116/116 451/464/451 280/280/280
f 109/109/109 452/465/452 451/464/451 116/116/116
f 453/466/453 454/467/454 451/464/451 452/465/452
f 283/283/283 280/280/280 451/464/451 454/467/454
f 91/91/91 455/468/455 456/469/456 107/107/107
f 457/470/457 458/471/458 456/469/456 455/468/455
f 453/466/453 452/465/452 456/469/456 458/471/458
f 109/109/109 107/107/107 456/469/456 452/465/452
f 459/472/459 460/473/460 461/474/461 462/475/462
f 463/476/463 464/477/464 461/474/461 460/473/460
f 453/466/453 458/471/458 461/474/461 464/477/464
f 457/470/457 462/475/462 461/474/461 458/471/458
f 288/288/288 291/291/291 465/478/465 466/479/466
f 283/283/283 454/467/454 465/478/465 291/291/291
f 453/466/453 464/477/464 465/478/465 454/467/454
f 463/476/463 466/479/466 465/478/465 464/477/464
f 91/91/91 94/94/94 467/480/467 455/468/455
f 86/86/86 468/481/468 467/480/467 94/94/94
f 469/482/469 470/483/470 467/480/467 468/481/468
f 457/470/457 455/468/455 467/480/467 470/483/470
f 82/82/82 347/347/347 471/484/471 83/83/83
f 342/342/342 472/485/472 471/484/471 347/347/347
f 469/482/469 468/481/468 471/484/471 472/485/472
f 86/86/86 83/83/83 471/484/471 468/481/468
f 324/324/324 473/486/473 474/487/474 340/340/340
f 475/488/475 476/489/476 474/487/474 473/486/473
f 469/482/469 472/485/472 474/487/474 476/489/476
f 342/342/342 340/340/340 474/487/474 472/485/472
f 459/472/459 462/475/462 477/490/477 478/491/478
f 457/470/457 470/483/470 477/490/477 462/475/462
f 469/482/469 476/489/476 477/490/477 470/483/470
f 475/488/475 478/491/478 477/490/477 476/489/476
f 315/315/315 479/492/479 480/493/480 316/316/316
f 481/494/481 482/495/482 480/493/480 479/492/479
f 483/496/483 484/497/484 480/493/480 482/495/482
f 319/319/319 316/316/316 480/493/480 484/497/484
f 485/498/485 486/499/486 487/500/487 488/501/488
f 489/502/489 490/503/490 487/500/487 486/499/486
f 483/496/483 482/495/482 487/500/487 490/503/490
f 481/494/481 488/501/488 487/500/487 482/495/482
f 459/472/459 478/491/478 491/504/491 492/505/492
f 475/488/475 493/506/493 491/504/491 478/491/478
f 483/496/483 490/503/490 491/504/491 493/506/493
f 489/502/489 492/505/492 491/504/491 490/503/490
f 324/324/324 327/327/327 494/507/494 473/486/473
f 319/319/319 484/497/484 494/507/494 327/327/327
f 483/496/483 493/506/493 494/507/494 484/497/484
f 475/488/475 473/486/473 494/507/494 493/506/493
f 485/498/485 495/508/495 496/509/496 486/499/486
f 497/510/497 498/511/498 496/509/496 495/508/495
f 499/512/499 500/513/500 496/509/496 498/511/498
f 489/502/489 486/499/486 496/509/496 500/513/500
f 305/305/305 308/308/308 501/514/501 502/515/502
f 301/301/301 503/516/503 501/514/501 308/308/308
f 499/512/499 498/511/498 501/514/501 503/516/503
f 497/510/497 502/515/502 501/514/501 498/511/498
f 288/288/288 466/479/466 504/517/504 299/299/299
f 463/476/463 505/518/505 504/517/504 466/479/466
f 499/512/499 503/516/503 504/517/504 505/518/505
f 301/301/301 299/299/299 504/517/504 503/516/503
f 459/472/459 492/505/492 506/519/506 460/473/460
f 489/502/489 500/513/500 506/519/506 492/505/492
f 499/512/499 505/518/505 506/519/506 500/513/500
f 463/476/463 460/473/460 506/519/506 505/518/505
f 507/520/507 508/521/508 509/522/509 510/523/510
f 511/524/511 512/525/512 509/522/509 508/521/508
f 513/526/513 514/527/514 509/522/509 512/525/512
f 515/528/515 510/523/510 509/522/509 514/527/514
f 516/529/516 517/530/517 518/531/518 519/532/519
f 520/533/520 521/534/521 518/531/518 517/530/517
f 513/526/513 512/525/512 518/531/518 521/534/521
f 511/524/511 519/532/519 518/531/518 512/525/512
f 522/535/522 523/536/523 524/537/524 525/538/525
f 526/539/526 527/540/527 524/537/524 523/536/523
f 513/526/513 521/534/521 524/537/524 527/540/527
f 520/533/520 525/538/525 524/537/524 521/534/521
f 528/541/528 529/542/529 530/543/530 531/544/531
f 515/528/515 514/527/514 530/543/530 529/542/529
f 513/526/513 527/540/527 530/543/530 514/527/514
f 526/539/526 531/544/531 530/543/530 527/540/527
f 516/529/516 532/545/532 533/546/533 517/530/517
f 534/547/534 535/548/535 533/546/533 532/545/532
f 536/549/536 537/550/537 533/546/533 535/548/535
f 520/533/520 517/530/517 533/546/533 537/550/537
f 32/551/32 538/552/538 539/553/539 540/554/540
f 541/555/541 542/556/542 539/553/539 538/552/538
f 536/549/536 535/548/535 539/553/539 542/556/542
f 534/547/534 540/554/540 539/553/539 535/548/535
f 543/557/543 544/558/544 545/559/545 546/560/546
f 547/561/547 548/562/548 545/559/545 544/558/544
f 536/549/536 542/556/542 545/559/545 548/562/548
f 541/555/541 546/560/546 545/559/545 542/556/542
f 522/535/522 525/538/525 549/563/549 550/564/550
f 520/533/520 537/550/537 549/563/549 525/538/525
f 536/549/536 548/562/548 549/563/549 537/550/537
f 547/561/547 550/564/550 549/563/549 548/562/548
f 377/386/377 551/565/551 552/566/552 553/567/553
f 554/568/554 555/569/555 552/566/552 551/565/551
f 556/570/556 557/571/557 552/566/552 555/569/555
f 558/572/558 553/567/553 552/566/552 557/571/557
f 559/573/559 560/574/560 561/575/561 562/576/562
f 563/577/563 564/578/564 561/575/561 560/574/560
f 556/570/556 555/569/555 561/575/561 564/578/564
f 554/568/554 562/576/562 561/575/561 555/569/555
f 522/535/522 550/564/550 565/579/565 566/580/566
f 547/561/547 567/581/567 565/579/565 550/564/550
f 556/570/556 564/578/564 565/579/565 567/581/567
f 563/577/563 566/580/566 565/579/565 564/578/564
f 543/557/543 568/582/568 569/583/569 544/558/544
f 558/572/558 557/571/557 569/583/569 568/582/568
f 556/570/556 567/581/567 569/583/569 557/571/557
f 547/561/547 544/558/544 569/583/569 567/581/567
f 559/573/559 570/584/570 571/585/571 560/574/560
f 572/586/572 573/587/573 571/585/571 570/584/570
f 574/588/574 575/589/575 571/585/571 573/587/573
f 563/577/563 560/574/560 571/585/571 575/589/575
f 576/590/576 577/591/577 578/592/578 579/593/579
f 580/594/580 581/595/581 578/592/578 577/591/577
f 574/588/574 573/587/573 578/592/578 581/595/581
f 572/586/572 579/593/579 578/592/578 573/587/573
f 528/541/528 531/544/531 582/596/582 583/597/583
f 526/539/526 584/598/584 582/596/582 531/544/531
f 574/588/574 581/595/581 582/596/582 584/598/584
f 580/594/580 583/597/583 582/596/582 581/595/581
f 522/535/522 566/580/566 585/599/585 523/536/523
f 563/577/563 575/589/575 585/599/585 566/580/566
f 574/588/574 584/598/584 585/599/585 575/589/575
f 526/539/526 523/536/523 585/599/585 584/598/584
f 266/266/266 586/600/586 587/601/587 407/420/407
f 588/602/588 589/603/589 587/601/587 586/600/586
f 590/604/590 591/605/591 587/601/587 589/603/589
f 409/422/409 407/420/407 587/601/587 591/605/591
f 592/606/592 593/607/593 594/608/594 595/609/595
f 596/610/596 597/611/597 594/608/594 593/607/593
f 590/604/590 589/603/589 594/608/594 597/611/597
f 588/602/588 595/609/595 594/608/594 589/603/589
f 598/612/598 599/613/599 600/614/600 601/615/601
f 602/616/602 603/617/603 600/614/600 599/613/599
f 590/604/590 597/611/597 600/614/600 603/617/603
f 596/610/596 601/615/601 600/614/600 597/611/597
f 411/424/411 414/427/414 604/618/604 605/619/605
f 409/422/409 591/605/591 604/618/604 414/427/414
f 590/604/590 603/617/603 604/618/604 591/605/591
f 602/616/602 605/619/605 604/618/604 603/617/603
f 592/606/592 606/620/606 607/621/607 593/607/593
f 608/622/608 609/623/609 607/621/607 606/620/606
f 610/624/610 611/625/611 607/621/607 609/623/609
f 596/610/596 593/607/593 607/621/607 611/625/611
f 612/626/612 613/627/613 614/628/614 615/629/615
f 616/630/616 617/631/617 614/628/614 613/627/613
f 610/624/610 609/623/609 614/628/614 617/631/617
f 608/622/608 615/629/615 614/628/614 609/623/609
f 618/632/618 619/633/619 620/634/620 621/635/621
f 622/636/622 623/637/623 620/634/620 619/633/619
f 610/624/610 617/631/617 620/634/620 623/637/623
f 616/630/616 621/635/621 620/634/620 617/631/617
f 598/612/598 601/615/601 624/638/624 625/639/625
f 596/610/596 611/625/611 624/638/624 601/615/601
f 610/624/610 623/637/623 624/638/624 611/625/611
f 622/636/622 625/639/625 624/638/624 623/637/623
f 626/640/626 627/641/627 628/642/628 629/643/629
f 630/644/630 631/645/631 628/642/628 627/641/627
f 632/646/632 633/647/633 628/642/628 631/645/631
f 634/648/634 629/643/629 628/642/628 633/647/633
f 635/649/635 636/650/636 637/651/637 638/652/638
f 639/653/639 640/654/640 637/651/637 636/650/636
f 632/646/632 631/645/631 637/651/637 640/654/640
f 630/644/630 638/652/638 637/651/637 631/645/631
f 598/612/598 625/639/625 641/655/641 642/656/642
f 622/636/622 643/657/643 641/655/641 625/639/625
f 632/646/632 640/654/640 641/655/641 643/657/643
f 639/653/639 642/656/642 641/655/641 640/654/640
f 618/632/618 644/658/644 645/659/645 619/633/619
f 634/648/634 633/647/633 645/659/645 644/658/644
f 632/646/632 643/657/643 645/659/645 633/647/633
f 622/636/622 619/633/619 645/659/645 643/657/643
f 635/649/635 646/660/646 647/661/647 636/650/636
f 648/662/648 649/663/649 647/661/647 646/660/646
f 650/664/650 651/665/651 647/661/647 649/663/649
f 639/653/639 636/650/636 647/661/647 651/665/651
f 419/432/419 422/435/422 652/666/652 653/667/653
f 427/440/427 654/668/654 652/666/652 422/435/422
f 650/664/650 649/663/649 652/666/652 654/668/654
f 648/662/648 653/667/653 652/666/652 649/663/649
f 411/424/411 605/619/605 655/669/655 437/450/437
f 602/616/602 656/670/656 655/669/655 605/619/605
f 650/664/650 654/668/654 655/669/655 656/670/656
f 427/440/427 437/450/437 655/669/655 654/668/654
f 598/612/598 642/656/642 657/671/657 599/613/599
f 639/653/639 651/665/651 657/671/657 642/656/642
f 650/664/650 656/670/656 657/671/657 651/665/651
f 602/616/602 599/613/599 657/671/657 656/670/656
f 72/72/72 658/672/658 659/673/659 163/163/163
f 660/674/660 661/675/661 659/673/659 658/672/658
f 662/676/662 663/677/663 659/673/659 661/675/661
f 165/165/165 163/163/163 659/673/659 663/677/663
f 664/678/664 665/679/665 666/680/666 667/681/667
f 668/682/668 669/683/669 666/680/666 665/679/665
f 662/676/662 661/675/661 666/680/666 669/683/669
f 660/674/660 667/681/667 666/680/666 661/675/661
f 670/684/670 671/685/671 672/686/672 673/687/673
f 674/688/674 675/689/675 672/686/672 671/685/671
f 662/676/662 669/683/669 672/686/672 675/689/675
f 668/682/668 673/687/673 672/686/672 669/683/669
f 169/169/169 172/172/172 676/690/676 677/691/677
f 165/165/165 663/677/663 676/690/676 172/172/172
f 662/676/662 675/689/675 676/690/676 663/677/663
f 674/688/674 677/691/677 676/690/676 675/689/675
f 664/678/664 678/692/678 679/693/679 665/679/665
f 680/694/680 681/695/681 679/693/679 678/692/678
f 682/696/682 683/697/683 679/693/679 681/695/681
f 668/682/668 665/679/665 679/693/679 683/697/683
f 684/698/684 685/699/685 686/700/686 687/701/687
f 688/702/688 689/703/689 686/700/686 685/699/685
f 682/696/682 681/695/681 686/700/686 689/703/689
f 680/694/680 687/701/687 686/700/686 681/695/681
f 690/704/690 691/705/691 692/706/692 693/707/693
f 694/708/694 695/709/695 692/706/692 691/705/691
f 682/696/682 689/703/689 692/706/692 695/709/695
f 688/702/688 693/707/693 692/706/692 689/703/689
f 670/684/670 673/687/673 696/710/696 697/711/697
f 668/682/668 683/697/683 696/710/696 673/687/673
f 682/696/682 695/709/695 696/710/696 683/697/683
f 694/708/694 697/711/697 696/710/696 695/709/695
f 698/712/698 699/713/699 700/714/700 701/715/701
f 702/716/702 703/717/703 700/714/700 699/713/699
f 704/718/704 705/719/705 700/714/700 703/717/703
f 706/720/706 701/715/701 700/714/700 705/719/705
f 707/721/707 708/722/708 709/723/709 710/724/710
f 711/725/711 712/726/712 709/723/709 708/722/708
f 704/718/704 703/717/703 709/723/709 712/726/712
f 702/716/702 710/724/710 709/723/709 703/717/703
f 670/684/670 697/711/697 713/727/713 714/728/714
f 694/708/694 715/729/715 713/727/713 697/711/697
f 704/718/704 712/726/712 713/727/713 715/729/715
f 711/725/711 714/728/714 713/727/713 712/726/712
f 690/704/690 716/730/716 717/731/717 691/705/691
f 706/720/706 705/719/705 717/731/717 716/730/716
f 704/718/704 715/729/715 717/731/717 705/719/705
f 694/708/694 691/705/691 717/731/717 715/729/715
f 707/721/707 718/732/718 719/733/719 708/722/708
f 720/734/720 721/735/721 719/733/719 718/732/718
f 722/736/722 723/737/723 719/733/719 721/735/721
f 711/725/711 708/722/708 719/733/719 723/737/723
f 189/189/189 192/192/192 724/738/724 725/739/725
f 185/185/185 726/740/726 724/738/724 192/192/192
f 722/736/722 721/735/721 724/738/724 726/740/726
f 720/734/720 725/739/725 724/738/724 721/735/721
f 169/169/169 677/691/677 727/741/727 183/183/183
f 674/688/674 728/742/728 727/741/727 677/691/677
f 722/736/722 726/740/726 727/741/727 728/742/728
f 185/185/185 183/183/183 727/741/727 726/740/726
f 670/684/670 714/728/714 729/743/729 671/685/671
f 711/725/711 723/737/723 729/743/729 714/728/714
f 722/736/722 728/742/728 729/743/729 723/737/723
f 674/688/674 671/685/671 729/743/729 728/742/728
f 235/235/235 730/744/730 731/745/731 236/236/236
f 732/746/732 733/747/733 731/745/731 730/744/730
f 734/748/734 735/749/735 731/745/731 733/747/733
f 239/239/239 236/236/236 731/745/731 735/749/735
f 736/750/736 737/751/737 738/752/738 739/753/739
f 740/754/740 741/755/741 738/752/738 737/751/737
f 734/748/734 733/747/733 738/752/738 741/755/741
f 732/746/732 739/753/739 738/752/738 733/747/733
f 742/756/742 743/757/743 744/758/744 745/759/745
f 746/760/746 747/761/747 744/758/744 743/757/743
f 734/748/734 741/755/741 744/758/744 747/761/747
f 740/754/740 745/759/745 744/758/744 741/755/741
f 244/244/244 247/247/247 748/762/748 749/763/749
f 239/239/239 735/749/735 748/762/748 247/247/247
f 734/748/734 747/761/747 748/762/748 735/749/735
f 746/760/746 749/763/749 748/762/748 747/761/747
f 736/750/736 750/764/750 751/765/751 737/751/737
f 752/766/752 753/767/753 751/765/751 750/764/750
f 754/768/754 755/769/755 751/765/751 753/767/753
f 740/754/740 737/751/737 751/765/751 755/769/755
f 756/770/756 757/771/757 758/772/758 759/773/759
f 760/774/760 761/775/761 758/772/758 757/771/757
f 754/768/754 753/767/753 758/772/758 761/775/761
f 752/766/752 759/773/759 758/772/758 753/767/753
f 762/776/762 763/777/763 764/778/764 765/779/765
f 766/780/766 767/781/767 764/778/764 763/777/763
f 754/768/754 761/775/761 764/778/764 767/781/767
f 760/774/760 765/779/765 764/778/764 761/775/761
f 742/756/742 745/759/745 768/782/768 769/783/769
f 740/754/740 755/769/755 768/782/768 745/759/745
f 754/768/754 767/781/767 768/782/768 755/769/755
f 766/780/766 769/783/769 768/782/768 767/781/767
f 612/626/612 615/629/615 770/784/770 771/785/771
f 608/622/608 772/786/772 770/784/770 615/629/615
f 773/787/773 774/788/774 770/784/770 772/786/772
f 775/789/775 771/785/771 770/784/770 774/788/774
f 592/606/592 776/790/776 777/791/777 606/620/606
f 778/792/778 779/793/779 777/791/777 776/790/776
f 773/787/773 772/786/772 777/791/777 779/793/779
f 608/622/608 606/620/606 777/791/777 772/786/772
f 742/756/742 769/783/769 780/794/780 781/795/781
f 766/780/766 782/796/782 780/794/780 769/783/769
f 773/787/773 779/793/779 780/794/780 782/796/782
f 778/792/778 781/795/781 780/794/780 779/793/779
f 762/776/762 783/797/783 784/798/784 763/777/763
f 775/789/775 774/788/774 784/798/784 783/797/783
f 773/787/773 782/796/782 784/798/784 774/788/774
f 766/780/766 763/777/763 784/798/784 782/796/782
f 592/606/592 595/609/595 785/799/785 776/790/776
f 588/602/588 786/800/786 785/799/785 595/609/595
f 787/801/787 788/802/788 785/799/785 786/800/786
f 778/792/778 776/790/776 785/799/785 788/802/788
f 266/266/266 269/269/269 789/803/789 586/600/586
f 262/262/262 790/804/790 789/803/789 269/269/269
f 787/801/787 786/800/786 789/803/789 790/804/790
f 588/602/588 586/600/586 789/803/789 786/800/786
f 244/244/244 749/763/749 791/805/791 260/260/260
f 746/760/746 792/806/792 791/805/791 749/763/749
f 787/801/787 790/804/790 791/805/791 792/806/792
f 262/262/262 260/260/260 791/805/791 790/804/790
f 742/756/742 781/795/781 793/807/793 743/757/743
f 778/792/778 788/802/788 793/807/793 781/795/781
f 787/801/787 792/806/792 793/807/793 788/802/788
f 746/760/746 743/757/743 793/807/793 792/806/792
f 794/808/794 795/809/795 796/810/796 797/811/797
f 798/812/798 799/813/799 796/810/796 795/809/795
f 800/814/800 801/815/801 796/810/796 799/813/799
f 802/816/802 797/811/797 796/810/796 801/815/801
f 803/817/803 804/818/804 805/819/805 806/820/806
f 807/821/807 808/822/808 805/819/805 804/818/804
f 800/814/800 799/813/799 805/819/805 808/822/808
f 798/812/798 806/820/806 805/819/805 799/813/799
f 809/823/809 810/824/810 811/825/811 812/826/812
f 813/827/813 814/828/814 811/825/811 810/824/810
f 800/814/800 808/822/808 811/825/811 814/828/814
f 807/821/807 812/826/812 811/825/811 808/822/808
f 815/829/815 816/830/816 817/831/817 818/832/818
f 802/816/802 801/815/801 817/831/817 816/830/816
f 800/814/800 814/828/814 817/831/817 801/815/801
f 813/827/813 818/832/818 817/831/817 814/828/814
f 803/817/803 819/833/819 820/834/820 804/818/804
f 821/835/821 822/836/822 820/834/820 819/833/819
f 823/837/823 824/838/824 820/834/820 822/836/822
f 807/821/807 804/818/804 820/834/820 824/838/824
f 825/839/825 826/840/826 827/841/827 828/842/828
f 829/843/829 830/844/830 827/841/827 826/840/826
f 823/837/823 822/836/822 827/841/827 830/844/830
f 821/835/821 828/842/828 827/841/827 822/836/822
f 831/845/831 832/846/832 833/847/833 834/848/834
f 835/849/835 836/850/836 833/847/833 832/846/832
f 823/837/823 830/844/830 833/847/833 836/850/836
f 829/843/829 834/848/834 833/847/833 830/844/830
f 809/823/809 812/826/812 837/851/837 838/852/838
f 807/821/807 824/838/824 837/851/837 812/826/812
f 823/837/823 836/850/836 837/851/837 824/838/824
f 835/849/835 838/852/838 837/851/837 836/850/836
f 839/853/839 840/854/840 841/855/841 842/856/842
f 843/857/843 844/858/844 841/855/841 840/854/840
f 845/859/845 846/860/846 841/855/841 844/858/844
f 847/861/847 842/856/842 841/855/841 846/860/846
f 848/862/848 849/863/849 850/864/850 851/865/851
f 852/866/852 853/867/853 850/864/850 849/863/849
f 845/859/845 844/858/844 850/864/850 853/867/853
f 843/857/843 851/865/851 850/864/850 844/858/844
f 809/823/809 838/852/838 854/868/854 855/869/855
f 835/849/835 856/870/856 854/868/854 838/852/838
f 845/859/845 853/867/853 854/868/854 856/870/856
f 852/866/852 855/869/855 854/868/854 853/867/853
f 831/845/831 857/871/857 858/872/858 832/846/832
f 847/861/847 846/860/846 858/872/858 857/871/857
f 845/859/845 856/870/856 858/872/858 846/860/846
f 835/849/835 832/846/832 858/872/858 856/870/856
f 848/862/848 859/873/859 860/874/860 849/863/849
f 861/875/861 862/876/862 860/874/860 859/873/859
f 863/877/863 864/878/864 860/874/860 862/876/862
f 852/866/852 849/863/849 860/874/860 864/878/864
f 46/879/46 865/880/865 866/881/866 867/882/867
f 868/883/868 869/884/869 866/881/866 865/880/865
f 863/877/863 862/876/862 866/881/866 869/884/869
f 861/875/861 867/882/867 866/881/866 862/876/862
f 815/829/815 818/832/818 870/885/870 871/886/871
f 813/827/813 872/887/872 870/885/870 818/832/818
f 863/877/863 869/884/869 870/885/870 872/887/872
f 868/883/868 871/886/871 870/885/870 869/884/869
f 809/823/809 855/869/855 873/888/873 810/824/810
f 852/866/852 864/878/864 873/888/873 855/869/855
f 863/877/863 872/887/872 873/888/873 864/878/864
f 813/827/813 810/824/810 873/888/873 872/887/872
f 698/712/698 874/889/874 875/890/875 699/713/699
f 876/891/876 877/892/877 875/890/875 874/889/874
f 878/893/878 879/894/879 875/890/875 877/892/877
f 702/716/702 699/713/699 875/890/875 879/894/879
f 880/895/880 881/896/881 882/897/882 883/898/883
f 884/899/884 885/900/885 882/897/882 881/896/881
f 878/893/878 877/892/877 882/897/882 885/900/885
f 876/891/876 883/898/883 882/897/882 877/892/877
f 886/901/886 887/902/887 888/903/888 889/904/889
f 890/905/890 891/906/891 888/903/888 887/902/887
f 878/893/878 885/900/885 888/903/888 891/906/891
f 884/899/884 889/904/889 888/903/888 885/900/885
f 707/721/707 710/724/710 892/907/892 893/908/893
f 702/716/702 879/894/879 892/907/892 710/724/710
f 878/893/878 891/906/891 892/907/892 879/894/879
f 890/905/890 893/908/893 892/907/892 891/906/891
f 880/895/880 894/909/894 895/910/895 881/896/881
f 896/911/896 897/912/897 895/910/895 894/909/894
f 898/913/898 899/914/899 895/910/895 897/912/897
f 884/899/884 881/896/881 895/910/895 899/914/899
f 756/770/756 759/773/759 900/915/900 901/916/901
f 752/766/752 902/917/902 900/915/900 759/773/759
f 898/913/898 897/912/897 900/915/900 902/917/902
f 896/911/896 901/916/901 900/915/900 897/912/897
f 736/750/736 903/918/903 904/919/904 750/764/750
f 905/920/905 906/921/906 904/919/904 903/918/903
f 898/913/898 902/917/902 904/919/904 906/921/906
f 752/766/752 750/764/750 904/919/904 902/917/902
f 886/901/886 889/904/889 907/922/907 908/923/908
f 884/899/884 899/914/899 907/922/907 889/904/889
f 898/913/898 906/921/906 907/922/907 899/914/899
f 905/920/905 908/923/908 907/922/907 906/921/906
f 235/235/235 909/924/909 910/925/910 730/744/730
f 911/926/911 912/927/912 910/925/910 909/924/909
f 913/928/913 914/929/914 910/925/910 912/927/912
f 732/746/732 730/744/730 910/925/910 914/929/914
f 915/930/915 916/931/916 917/932/917 918/933/918
f 919/934/919 920/935/920 917/932/917 916/931/916
f 913/928/913 912/927/912 917/932/917 920/935/920
f 911/926/911 918/933/918 917/932/917 912/927/912
f 886/901/886 908/923/908 921/936/921 922/937/922
f 905/920/905 923/938/923 921/936/921 908/923/908
f 913/928/913 920/935/920 921/936/921 923/938/923
f 919/934/919 922/937/922 921/936/921 920/935/920
f 736/750/736 739/753/739 924/939/924 903/918/903
f 732/746/732 914/929/914 924/939/924 739/753/739
f 913/928/913 923/938/923 924/939/924 914/929/914
f 905/920/905 903/918/903 924/939/924 923/938/923
f 915/930/915 925/940/925 926/941/926 916/931/916
f 927/942/927 928/943/928 926/941/926 925/940/925
f 929/944/929 930/945/930 926/941/926 928/943/928
f 919/934/919 916/931/916 926/941/926 930/945/930
f 189/189/189 725/739/725 931/946/931 932/947/932
f 720/734/720 933/948/933 931/946/931 725/739/725
f 929/944/929 928/943/928 931/946/931 933/948/933
f 927/942/927 932/947/932 931/946/931 928/943/928
f 707/721/707 893/908/893 934/949/934 718/732/718
f 890/905/890 935/950/935 934/949/934 893/908/893
f 929/944/929 933/948/933 934/949/934 935/950/935
f 720/734/720 718/732/718 934/949/934 933/948/933
f 886/901/886 922/937/922 936/951/936 887/902/887
f 919/934/919 930/945/930 936/951/936 922/937/922
f 929/944/929 935/950/935 936/951/936 930/945/930
f 890/905/890 887/902/887 936/951/936 935/950/935
f 189/189/189 932/947/932 937/952/937 190/190/190
f 927/942/927 938/953/938 937/952/937 932/947/932
f 939/954/939 940/955/940 937/952/937 938/953/938
f 193/193/193 190/190/190 937/952/937 940/955/940
f 915/930/915 941/956/941 942/957/942 925/940/925
f 943/958/943 944/959/944 942/957/942 941/956/941
f 939/954/939 938/953/938 942/957/942 944/959/944
f 927/942/927 925/940/925 942/957/942 938/953/938
f 945/960/945 946/961/946 947/962/947 948/963/948
f 949/964/949 950/965/950 947/962/947 946/961/946
f 939/954/939 944/959/944 947/962/947 950/965/950
f 943/958/943 948/963/948 947/962/947 944/959/944
f 195/195/195 198/198/198 951/966/951 952/967/952
f 193/193/193 940/955/940 951/966/951 198/198/198
f 939/954/939 950/965/950 951/966/951 940/955/940
f 949/964/949 952/967/952 951/966/951 950/965/950
f 915/930/915 918/933/918 953/968/953 941/956/941
f 911/926/911 954/969/954 953/968/953 918/933/918
f 955/970/955 956/971/956 953/968/953 954/969/954
f 943/958/943 941/956/941 953/968/953 956/971/956
f 235/235/235 238/238/238 957/972/957 909/924/909
f 243/243/243 958/973/958 957/972/957 238/238/238
f 955/970/955 954/969/954 957/972/957 958/973/958
f 911/926/911 909/924/909 957/972/957 954/969/954
f 256/256/256 959/974/959 960/975/960 257/257/257
f 961/976/961 962/977/962 960/975/960 959/974/959
f 955/970/955 958/973/958 960/975/960 962/977/962
f 243/243/243 257/257/257 960/975/960 958/973/958
f 945/960/945 948/963/948 963/978/963 964/979/964
f 943/958/943 956/971/956 963/978/963 948/963/948
f 955/970/955 962/977/962 963/978/963 956/971/956
f 961/976/961 964/979/964 963/978/963 962/977/962
f 305/305/305 965/980/965 966/981/966 306/306/306
f 967/982/967 968/983/968 966/981/966 965/980/965
f 969/984/969 970/985/970 966/981/966 968/983/968
f 309/309/309 306/306/306 966/981/966 970/985/970
f 971/986/971 972/987/972 973/988/973 974/989/974
f 975/990/975 976/991/976 973/988/973 972/987/972
f 969/984/969 968/983/968 973/988/973 976/991/976
f 967/982/967 974/989/974 973/988/973 968/983/968
f 945/960/945 964/979/964 977/992/977 978/993/978
f 961/976/961 979/994/979 977/992/977 964/979/964
f 969/984/969 976/991/976 977/992/977 979/994/979
f 975/990/975 978/993/978 977/992/977 976/991/976
f 256/256/256 312/312/312 980/995/980 959/974/959
f 309/309/309 970/985/970 980/995/980 312/312/312
f 969/984/969 979/994/979 980/995/980 970/985/970
f 961/976/961 959/974/959 980/995/980 979/994/979
f 971/986/971 981/996/981 982/997/982 972/987/972
f 983/998/983 984/999/984 982/997/982 981/996/981
f 985/1000/985 986/1001/986 982/997/982 984/999/984
f 975/990/975 972/987/972 982/997/982 986/1001/986
f 203/203/203 206/206/206 987/1002/987 988/1003/988
f 211/211/211 989/1004/989 987/1002/987 206/206/206
f 985/1000/985 984/999/984 987/1002/987 989/1004/989
f 983/998/983 988/1003/988 987/1002/987 984/999/984
f 195/195/195 952/967/952 990/1005/990 221/221/221
f 949/964/949 991/1006/991 990/1005/990 952/967/952
f 985/1000/985 989/1004/989 990/1005/990 991/1006/991
f 211/211/211 221/221/221 990/1005/990 989/1004/989
f 945/960/945 978/993/978 992/1007/992 946/961/946
f 975/990/975 986/1001/986 992/1007/992 978/993/978
f 985/1000/985 991/1006/991 992/1007/992 986/1001/986
f 949/964/949 946/961/946 992/1007/992 991/1006/991
f 203/203/203 988/1003/988 993/1008/993 204/204/204
f 983/998/983 994/1009/994 993/1008/993 988/1003/988
f 995/1010/995 996/1011/996 993/1008/993 994/1009/994
f 207/207/207 204/204/204 993/1008/993 996/1011/996
f 971/986/971 997/1012/997 998/1013/998 981/996/981
f 999/1014/999 1000/1015/1000 998/1013/998 997/1012/997
f 995/1010/995 994/1009/994 998/1013/998 1000/1015/1000
f 983/998/983 981/996/981 998/1013/998 994/1009/994
f 1001/1016/1001 1002/1017/1002 1003/1018/1003 1004/1019/1004
f 1005/1020/1005 1006/1021/1006 1003/1018/1003 1002/1017/1002
f 995/1010/995 1000/1015/1000 1003/1018/1003 1006/1021/1006
f 999/1014/999 1004/1019/1004 1003/1018/1003 1000/1015/1000
f 212/212/212 215/215/215 1007/1022/1007 1008/1023/1008
f 207/207/207 996/1011/996 1007/1022/1007 215/215/215
f 995/1010/995 1006/1021/1006 1007/1022/1007 996/1011/996
f 1005/1020/1005 1008/1023/1008 1007/1022/1007 1006/1021/1006
f 971/986/971 974/989/974 1009/1024/1009 997/1012/997
f 967/982/967 1010/1025/1010 1009/1024/1009 974/989/974
f 1011/1026/1011 1012/1027/1012 1009/1024/1009 1010/1025/1010
f 999/1014/999 997/1012/997 1009/1024/1009 1012/1027/1012
f 305/305/305 502/515/502 1013/1028/1013 965/980/965
f 497/510/497 1014/1029/1014 1013/1028/1013 502/515/502
f 1011/1026/1011 1010/1025/1010 1013/1028/1013 1014/1029/1014
f 967/982/967 965/980/965 1013/1028/1013 1010/1025/1010
f 485/498/485 1015/1030/1015 1016/1031/1016 495/508/495
f 1017/1032/1017 1018/1033/1018 1016/1031/1016 1015/1030/1015
f 1011/1026/1011 1014/1029/1014 1016/1031/1016 1018/1033/1018
f 497/510/497 495/508/495 1016/1031/1016 1014/1029/1014
f 1001/1016/1001 1004/1019/1004 1019/1034/1019 1020/1035/1020
f 999/1014/999 1012/1027/1012 1019/1034/1019 1004/1019/1004
f 1011/1026/1011 1018/1033/1018 1019/1034/1019 1012/1027/1012
f 1017/1032/1017 1020/1035/1020 1019/1034/1019 1018/1033/1018
f 315/315/315 1021/1036/1021 1022/1037/1022 479/492/479
f 1023/1038/1023 1024/1039/1024 1022/1037/1022 1021/1036/1021
f 1025/1040/1025 1026/1041/1026 1022/1037/1022 1024/1039/1024
f 481/494/481 479/492/479 1022/1037/1022 1026/1041/1026
f 1027/1042/1027 1028/1043/1028 1029/1044/1029 1030/1045/1030
f 1031/1046/1031 1032/1047/1032 1029/1044/1029 1028/1043/1028
f 1025/1040/1025 1024/1039/1024 1029/1044/1029 1032/1047/1032
f 1023/1038/1023 1030/1045/1030 1029/1044/1029 1024/1039/1024
f 1001/1016/1001 1020/1035/1020 1033/1048/1033 1034/1049/1034
f 1017/1032/1017 1035/1050/1035 1033/1048/1033 1020/1035/1020
f 1025/1040/1025 1032/1047/1032 1033/1048/1033 1035/1050/1035
f 1031/1046/1031 1034/1049/1034 1033/1048/1033 1032/1047/1032
f 485/498/485 488/501/488 1036/1051/1036 1015/1030/1015
f 481/494/481 1026/1041/1026 1036/1051/1036 488/501/488
f 1025/1040/1025 1035/1050/1035 1036/1051/1036 1026/1041/1026
f 1017/1032/1017 1015/1030/1015 1036/1051/1036 1035/1050/1035
f 1027/1042/1027 1037/1052/1037 1038/1053/1038 1028/1043/1028
f 1039/1054/1039 1040/1055/1040 1038/1053/1038 1037/1052/1037
f 1041/1056/1041 1042/1057/1042 1038/1053/1038 1040/1055/1040
f 1031/1046/1031 1028/1043/1028 1038/1053/1038 1042/1057/1042
f 1/1/1 230/230/230 1043/1058/1043 1044/1059/1044
f 225/225/225 1045/1060/1045 1043/1058/1043 230/230/230
f 1041/1056/1041 1040/1055/1040 1043/1058/1043 1045/1060/1045
f 1039/1054/1039 1044/1059/1044 1043/1058/1043 1040/1055/1040
f 212/212/212 1008/1023/1008 1046/1061/1046 223/223/223
f 1005/1020/1005 1047/1062/1047 1046/1061/1046 1008/1023/1008
f 1041/1056/1041 1045/1060/1045 1046/1061/1046 1047/1062/1047
f 225/225/225 223/223/223 1046/1061/1046 1045/1060/1045
f 1001/1016/1001 1034/1049/1034 1048/1063/1048 1002/1017/1002
f 1031/1046/1031 1042/1057/1042 1048/1063/1048 1034/1049/1034
f 1041/1056/1041 1047/1062/1047 1048/1063/1048 1042/1057/1042
f 1005/1020/1005 1002/1017/1002 1048/1063/1048 1047/1062/1047
f 32/1064/32 540/1065/540 1049/1066/1049 33/1067/33
f 534/1068/534 1050/1069/1050 1049/1066/1049 540/1065/540
f 1051/1070/1051 1052/1071/1052 1049/1066/1049 1050/1069/1050
f 36/1072/36 33/1067/33 1049/1066/1049 1052/1071/1052
f 516/1073/516 1053/1074/1053 1054/1075/1054 532/1076/532
f 1055/1077/1055 1056/1078/1056 1054/1075/1054 1053/1074/1053
f 1051/1070/1051 1050/1069/1050 1054/1075/1054 1056/1078/1056
f 534/1068/534 532/1076/532 1054/1075/1054 1050/1069/1050
f 1057/1079/1057 1058/1080/1058 1059/1081/1059 1060/1082/1060
f 1061/1083/1061 1062/1084/1062 1059/1081/1059 1058/1080/1058
f 1051/1070/1051 1056/1078/1056 1059/1081/1059 1062/1084/1062
f 1055/1077/1055 1060/1082/1060 1059/1081/1059 1056/1078/1056
f 38/1085/38 41/1086/41 1063/1087/1063 1064/1088/1064
f 36/1072/36 1052/1071/1052 1063/1087/1063 41/1086/41
f 1051/1070/1051 1062/1084/1062 1063/1087/1063 1052/1071/1052
f 1061/1083/1061 1064/1088/1064 1063/1087/1063 1062/1084/1062
f 516/529/516 519/532/519 1065/1089/1065 1053/1090/1053
f 511/524/511 1066/1091/1066 1065/1089/1065 519/532/519
f 1067/1092/1067 1068/1093/1068 1065/1089/1065 1066/1091/1066
f 1055/1094/1055 1053/1090/1053 1065/1089/1065 1068/1093/1068
f 507/520/507 1069/1095/1069 1070/1096/1070 508/521/508
f 1071/1097/1071 1072/1098/1072 1070/1096/1070 1069/1095/1069
f 1067/1092/1067 1066/1091/1066 1070/1096/1070 1072/1098/1072
f 511/524/511 508/521/508 1070/1096/1070 1066/1091/1066
f 1073/1099/1073 1074/1100/1074 1075/1101/1075 1076/1102/1076
f 1077/1103/1077 1078/1104/1078 1075/1101/1075 1074/1100/1074
f 1067/1092/1067 1072/1098/1072 1075/1101/1075 1078/1104/1078
f 1071/1097/1071 1076/1102/1076 1075/1101/1075 1072/1098/1072
f 1057/1105/1057 1060/1106/1060 1079/1107/1079 1080/1108/1080
f 1055/1094/1055 1068/1093/1068 1079/1107/1079 1060/1106/1060
f 1067/1092/1067 1078/1104/1078 1079/1107/1079 1068/1093/1068
f 1077/1103/1077 1080/1108/1080 1079/1107/1079 1078/1104/1078
f 794/808/794 797/811/797 1081/1109/1081 1082/1110/1082
f 802/816/802 1083/1111/1083 1081/1109/1081 797/811/797
f 1084/1112/1084 1085/1113/1085 1081/1109/1081 1083/1111/1083
f 1086/1114/1086 1082/1110/1082 1081/1109/1081 1085/1113/1085
f 815/829/815 1087/1115/1087 1088/1116/1088 816/830/816
f 1089/1117/1089 1090/1118/1090 1088/1116/1088 1087/1115/1087
f 1084/1112/1084 1083/1111/1083 1088/1116/1088 1090/1118/1090
f 802/816/802 816/830/816 1088/1116/1088 1083/1111/1083
f 1057/1079/1057 1080/1119/1080 1091/1120/1091 1092/1121/1092
f 1077/1122/1077 1093/1123/1093 1091/1120/1091 1080/1119/1080
f 1084/1112/1084 1090/1118/1090 1091/1120/1091 1093/1123/1093
f 1089/1117/1089 1092/1121/1092 1091/1120/1091 1090/1118/1090
f 1073/1124/1073 1094/1125/1094 1095/1126/1095 1074/1127/1074
f 1086/1114/1086 1085/1113/1085 1095/1126/1095 1094/1125/1094
f 1084/1112/1084 1093/1123/1093 1095/1126/1095 1085/1113/1085
f 1077/1122/1077 1074/1127/1074 1095/1126/1095 1093/1123/1093
f 815/829/815 871/886/871 1096/1128/1096 1087/1115/1087
f 868/883/868 1097/1129/1097 1096/1128/1096 871/886/871
f 1098/1130/1098 1099/1131/1099 1096/1128/1096 1097/1129/1097
f 1089/1117/1089 1087/1115/1087 1096/1128/1096 1099/1131/1099
f 46/879/46 49/1132/49 1100/1133/1100 865/880/865
f 54/1134/54 1101/1135/1101 1100/1133/1100 49/1132/49
f 1098/1130/1098 1097/1129/1097 1100/1133/1100 1101/1135/1101
f 868/883/868 865/880/865 1100/1133/1100 1097/1129/1097
f 38/1085/38 1064/1088/1064 1102/1136/1102 64/1137/64
f 1061/1083/1061 1103/1138/1103 1102/1136/1102 1064/1088/1064
f 1098/1130/1098 1101/1135/1101 1102/1136/1102 1103/1138/1103
f 54/1134/54 64/1137/64 1102/1136/1102 1101/1135/1101
f 1057/1079/1057 1092/1121/1092 1104/1139/1104 1058/1080/1058
f 1089/1117/1089 1099/1131/1099 1104/1139/1104 1092/1121/1092
f 1098/1130/1098 1103/1138/1103 1104/1139/1104 1099/1131/1099
f 1061/1083/1061 1058/1080/1058 1104/1139/1104 1103/1138/1103
f 127/1140/127 1105/1141/1105 1106/1142/1106 128/1143/128
f 1107/1144/1107 1108/1145/1108 1106/1142/1106 1105/1141/1105
f 1109/1146/1109 1110/1147/1110 1106/1142/1106 1108/1145/1108
f 131/1148/131 128/1143/128 1106/1142/1106 1110/1147/1110
f 1111/1149/1111 1112/1150/1112 1113/1151/1113 1114/1152/1114
f 1115/1153/1115 1116/1154/1116 1113/1151/1113 1112/1150/1112
f 1109/1146/1109 1108/1145/1108 1113/1151/1113 1116/1154/1116
f 1107/1144/1107 1114/1152/1114 1113/1151/1113 1108/1145/1108
f 1117/1155/1117 1118/1156/1118 1119/1157/1119 1120/1158/1120
f 1121/1159/1121 1122/1160/1122 1119/1157/1119 1118/1156/1118
f 1109/1146/1109 1116/1154/1116 1119/1157/1119 1122/1160/1122
f 1115/1153/1115 1120/1158/1120 1119/1157/1119 1116/1154/1116
f 136/1161/136 139/1162/139 1123/1163/1123 1124/1164/1124
f 131/1148/131 1110/1147/1110 1123/1163/1123 139/1162/139
f 1109/1146/1109 1122/1160/1122 1123/1163/1123 1110/1147/1110
f 1121/1159/1121 1124/1164/1124 1123/1163/1123 1122/1160/1122
f 1111/1149/1111 1125/1165/1125 1126/1166/1126 1112/1150/1112
f 1127/1167/1127 1128/1168/1128 1126/1166/1126 1125/1165/1125
f 1129/1169/1129 1130/1170/1130 1126/1166/1126 1128/1168/1128
f 1115/1153/1115 1112/1150/1112 1126/1166/1126 1130/1170/1130
f 1131/1171/1131 1132/1172/1132 1133/1173/1133 1134/1174/1134
f 1135/1175/1135 1136/1176/1136 1133/1173/1133 1132/1172/1132
f 1129/1169/1129 1128/1168/1128 1133/1173/1133 1136/1176/1136
f 1127/1167/1127 1134/1174/1134 1133/1173/1133 1128/1168/1128
f 1137/1177/1137 1138/1178/1138 1139/1179/1139 1140/1180/1140
f 1141/1181/1141 1142/1182/1142 1139/1179/1139 1138/1178/1138
f 1129/1169/1129 1136/1176/1136 1139/1179/1139 1142/1182/1142
f 1135/1175/1135 1140/1180/1140 1139/1179/1139 1136/1176/1136
f 1117/1155/1117 1120/1158/1120 1143/1183/1143 1144/1184/1144
f 1115/1153/1115 1130/1170/1130 1143/1183/1143 1120/1158/1120
f 1129/1169/1129 1142/1182/1142 1143/1183/1143 1130/1170/1130
f 1141/1181/1141 1144/1184/1144 1143/1183/1143 1142/1182/1142
f 1145/1185/1145 1146/1186/1146 1147/1187/1147 1148/1188/1148
f 1149/1189/1149 1150/1190/1150 1147/1187/1147 1146/1186/1146
f 1151/1191/1151 1152/1192/1152 1147/1187/1147 1150/1190/1150
f 1153/1193/1153 1148/1188/1148 1147/1187/1147 1152/1192/1152
f 1154/1194/1154 1155/1195/1155 1156/1196/1156 1157/1197/1157
f 1158/1198/1158 1159/1199/1159 1156/1196/1156 1155/1195/1155
f 1151/1191/1151 1150/1190/1150 1156/1196/1156 1159/1199/1159
f 1149/1189/1149 1157/1197/1157 1156/1196/1156 1150/1190/1150
f 1117/1200/1117 1144/1201/1144 1160/1202/1160 1161/1203/1161
f 1141/1204/1141 1162/1205/1162 1160/1202/1160 1144/1201/1144
f 1151/1191/1151 1159/1199/1159 1160/1202/1160 1162/1205/1162
f 1158/1198/1158 1161/1203/1161 1160/1202/1160 1159/1199/1159
f 1137/1206/1137 1163/1207/1163 1164/1208/1164 1138/1209/1138
f 1153/1193/1153 1152/1192/1152 1164/1208/1164 1163/1207/1163
f 1151/1191/1151 1162/1205/1162 1164/1208/1164 1152/1192/1152
f 1141/1204/1141 1138/1209/1138 1164/1208/1164 1162/1205/1162
f 1154/1194/1154 1165/1210/1165 1166/1211/1166 1155/1195/1155
f 1167/1212/1167 1168/1213/1168 1166/1211/1166 1165/1210/1165
f 1169/1214/1169 1170/1215/1170 1166/1211/1166 1168/1213/1168
f 1158/1198/1158 1155/1195/1155 1166/1211/1166 1170/1215/1170
f 153/355/153 156/1216/156 1171/1217/1171 1172/1218/1172
f 149/1219/149 1173/1220/1173 1171/1217/1171 156/1216/156
f 1169/1214/1169 1168/1213/1168 1171/1217/1171 1173/1220/1173
f 1167/1212/1167 1172/1218/1172 1171/1217/1171 1168/1213/1168
f 136/1221/136 1124/1222/1124 1174/1223/1174 147/1224/147
f 1121/1225/1121 1175/1226/1175 1174/1223/1174 1124/1222/1124
f 1169/1214/1169 1173/1220/1173 1174/1223/1174 1175/1226/1175
f 149/1219/149 147/1224/147 1174/1223/1174 1173/1220/1173
f 1117/1200/1117 1161/1203/1161 1176/1227/1176 1118/1228/1118
f 1158/1198/1158 1170/1215/1170 1176/1227/1176 1161/1203/1161
f 1169/1214/1169 1175/1226/1175 1176/1227/1176 1170/1215/1170
f 1121/1225/1121 1118/1228/1118 1176/1227/1176 1175/1226/1175
f 153/355/153 1172/1218/1172 1177/1229/1177 355/356/355
f 1167/1212/1167 1178/1230/1178 1177/1229/1177 1172/1218/1172
f 1179/1231/1179 1180/1232/1180 1177/1229/1177 1178/1230/1178
f 357/359/357 355/356/355 1177/1229/1177 1180/1232/1180
f 1154/1194/1154 1181/1233/1181 1182/1234/1182 1165/1210/1165
f 1183/1235/1183 1184/1236/1184 1182/1234/1182 1181/1233/1181
f 1179/1231/1179 1178/1230/1178 1182/1234/1182 1184/1236/1184
f 1167/1212/1167 1165/1210/1165 1182/1234/1182 1178/1230/1178
f 1185/1237/1185 1186/1238/1186 1187/1239/1187 1188/1240/1188
f 1189/1241/1189 1190/1242/1190 1187/1239/1187 1186/1238/1186
f 1179/1231/1179 1184/1236/1184 1187/1239/1187 1190/1242/1190
f 1183/1235/1183 1188/1240/1188 1187/1239/1187 1184/1236/1184
f 361/364/361 364/367/364 1191/1243/1191 1192/1244/1192
f 357/359/357 1180/1232/1180 1191/1243/1191 364/367/364
f 1179/1231/1179 1190/1242/1190 1191/1243/1191 1180/1232/1180
f 1189/1241/1189 1192/1244/1192 1191/1243/1191 1190/1242/1190
f 1154/1194/1154 1157/1197/1157 1193/1245/1193 1181/1233/1181
f 1149/1189/1149 1194/1246/1194 1193/1245/1193 1157/1197/1157
f 1195/1247/1195 1196/1248/1196 1193/1245/1193 1194/1246/1194
f 1183/1235/1183 1181/1233/1181 1193/1245/1193 1196/1248/1196
f 1145/1185/1145 1197/1249/1197 1198/1250/1198 1146/1186/1146
f 1199/1251/1199 1200/1252/1200 1198/1250/1198 1197/1249/1197
f 1195/1247/1195 1194/1246/1194 1198/1250/1198 1200/1252/1200
f 1149/1189/1149 1146/1186/1146 1198/1250/1198 1194/1246/1194
f 1201/1253/1201 1202/1254/1202 1203/1255/1203 1204/1256/1204
f 1205/1257/1205 1206/1258/1206 1203/1255/1203 1202/1254/1202
f 1195/1247/1195 1200/1252/1200 1203/1255/1203 1206/1258/1206
f 1199/1251/1199 1204/1256/1204 1203/1255/1203 1200/1252/1200
f 1185/1237/1185 1188/1240/1188 1207/1259/1207 1208/1260/1208
f 1183/1235/1183 1196/1248/1196 1207/1259/1207 1188/1240/1188
f 1195/1247/1195 1206/1258/1206 1207/1259/1207 1196/1248/1196
f 1205/1257/1205 1208/1260/1208 1207/1259/1207 1206/1258/1206
f 576/590/576 579/593/579 1209/1261/1209 1210/1262/1210
f 572/586/572 1211/1263/1211 1209/1261/1209 579/593/579
f 1212/1264/1212 1213/1265/1213 1209/1261/1209 1211/1263/1211
f 1214/1266/1214 1210/1262/1210 1209/1261/1209 1213/1265/1213
f 559/573/559 1215/1267/1215 1216/1268/1216 570/584/570
f 1217/1269/1217 1218/1270/1218 1216/1268/1216 1215/1267/1215
f 1212/1264/1212 1211/1263/1211 1216/1268/1216 1218/1270/1218
f 572/586/572 570/584/570 1216/1268/1216 1211/1263/1211
f 1185/1237/1185 1208/1260/1208 1219/1271/1219 1220/1272/1220
f 1205/1257/1205 1221/1273/1221 1219/1271/1219 1208/1260/1208
f 1212/1264/1212 1218/1270/1218 1219/1271/1219 1221/1273/1221
f 1217/1269/1217 1220/1272/1220 1219/1271/1219 1218/1270/1218
f 1201/1253/1201 1222/1274/1222 1223/1275/1223 1202/1254/1202
f 1214/1266/1214 1213/1265/1213 1223/1275/1223 1222/1274/1222
f 1212/1264/1212 1221/1273/1221 1223/1275/1223 1213/1265/1213
f 1205/1257/1205 1202/1254/1202 1223/1275/1223 1221/1273/1221
f 559/573/559 562/576/562 1224/1276/1224 1215/1267/1215
f 554/568/554 1225/1277/1225 1224/1276/1224 562/576/562
f 1226/1278/1226 1227/1279/1227 1224/1276/1224 1225/1277/1225
f 1217/1269/1217 1215/1267/1215 1224/1276/1224 1227/1279/1227
f 377/386/377 380/389/380 1228/1280/1228 551/565/551
f 373/382/373 1229/1281/1229 1228/1280/1228 380/389/380
f 1226/1278/1226 1225/1277/1225 1228/1280/1228 1229/1281/1229
f 554/568/554 551/565/551 1228/1280/1228 1225/1277/1225
f 361/364/361 1192/1244/1192 1230/1282/1230 371/380/371
f 1189/1241/1189 1231/1283/1231 1230/1282/1230 1192/1244/1192
f 1226/1278/1226 1229/1281/1229 1230/1282/1230 1231/1283/1231
f 373/382/373 371/380/371 1230/1282/1230 1229/1281/1229
f 1185/1237/1185 1220/1272/1220 1232/1284/1232 1186/1238/1186
f 1217/1269/1217 1227/1279/1227 1232/1284/1232 1220/1272/1220
f 1226/1278/1226 1231/1283/1231 1232/1284/1232 1227/1279/1227
f 1189/1241/1189 1186/1238/1186 1232/1284/1232 1231/1283/1231
f 419/1285/419 1233/1286/1233 1234/1287/1234 420/1288/420
f 1235/1289/1235 1236/1290/1236 1234/1287/1234 1233/1286/1233
f 1237/1291/1237 1238/1292/1238 1234/1287/1234 1236/1290/1236
f 423/1293/423 420/1288/420 1234/1287/1234 1238/1292/1238
f 1239/1294/1239 1240/1295/1240 1241/1296/1241 1242/1297/1242
f 1243/1298/1243 1244/1299/1244 1241/1296/1241 1240/1295/1240
f 1237/1291/1237 1236/1290/1236 1241/1296/1241 1244/1299/1244
f 1235/1289/1235 1242/1297/1242 1241/1296/1241 1236/1290/1236
f 1245/1300/1245 1246/1301/1246 1247/1302/1247 1248/1303/1248
f 1249/1304/1249 1250/1305/1250 1247/1302/1247 1246/1301/1246
f 1237/1291/1237 1244/1299/1244 1247/1302/1247 1250/1305/1250
f 1243/1298/1243 1248/1303/1248 1247/1302/1247 1244/1299/1244
f 428/1306/428 431/1307/431 1251/1308/1251 1252/1309/1252
f 423/1293/423 1238/1292/1238 1251/1308/1251 431/1307/431
f 1237/1291/1237 1250/1305/1250 1251/1308/1251 1238/1292/1238
f 1249/1304/1249 1252/1309/1252 1251/1308/1251 1250/1305/1250
f 1239/1294/1239 1253/1310/1253 1254/1311/1254 1240/1295/1240
f 1255/1312/1255 1256/1313/1256 1254/1311/1254 1253/1310/1253
f 1257/1314/1257 1258/1315/1258 1254/1311/1254 1256/1313/1256
f 1243/1298/1243 1240/1295/1240 1254/1311/1254 1258/1315/1258
f 1259/1316/1259 1260/1317/1260 1261/1318/1261 1262/1319/1262
f 1263/1320/1263 1264/1321/1264 1261/1318/1261 1260/1317/1260
f 1257/1314/1257 1256/1313/1256 1261/1318/1261 1264/1321/1264
f 1255/1312/1255 1262/1319/1262 1261/1318/1261 1256/1313/1256
f 1265/1322/1265 1266/1323/1266 1267/1324/1267 1268/1325/1268
f 1269/1326/1269 1270/1327/1270 1267/1324/1267 1266/1323/1266
f 1257/1314/1257 1264/1321/1264 1267/1324/1267 1270/1327/1270
f 1263/1320/1263 1268/1325/1268 1267/1324/1267 1264/1321/1264
f 1245/1300/1245 1248/1303/1248 1271/1328/1271 1272/1329/1272
f 1243/1298/1243 1258/1315/1258 1271/1328/1271 1248/1303/1248
f 1257/1314/1257 1270/1327/1270 1271/1328/1271 1258/1315/1258
f 1269/1326/1269 1272/1329/1272 1271/1328/1271 1270/1327/1270
f 1131/1171/1131 1134/1174/1134 1273/1330/1273 1274/1331/1274
f 1127/1167/1127 1275/1332/1275 1273/1330/1273 1134/1174/1134
f 1276/1333/1276 1277/1334/1277 1273/1330/1273 1275/1332/1275
f 1278/1335/1278 1274/1331/1274 1273/1330/1273 1277/1334/1277
f 1111/1149/1111 1279/1336/1279 1280/1337/1280 1125/1165/1125
f 1281/1338/1281 1282/1339/1282 1280/1337/1280 1279/1336/1279
f 1276/1333/1276 1275/1332/1275 1280/1337/1280 1282/1339/1282
f 1127/1167/1127 1125/1165/1125 1280/1337/1280 1275/1332/1275
f 1245/1300/1245 1272/1329/1272 1283/1340/1283 1284/1341/1284
f 1269/1326/1269 1285/1342/1285 1283/1340/1283 1272/1329/1272
f 1276/1333/1276 1282/1339/1282 1283/1340/1283 1285/1342/1285
f 1281/1338/1281 1284/1341/1284 1283/1340/1283 1282/1339/1282
f 1265/1322/1265 1286/1343/1286 1287/1344/1287 1266/1323/1266
f 1278/1335/1278 1277/1334/1277 1287/1344/1287 1286/1343/1286
f 1276/1333/1276 1285/1342/1285 1287/1344/1287 1277/1334/1277
f 1269/1326/1269 1266/1323/1266 1287/1344/1287 1285/1342/1285
f 1111/1149/1111 1114/1152/1114 1288/1345/1288 1279/1336/1279
f 1107/1144/1107 1289/1346/1289 1288/1345/1288 1114/1152/1114
f 1290/1347/1290 1291/1348/1291 1288/1345/1288 1289/1346/1289
f 1281/1338/1281 1279/1336/1279 1288/1345/1288 1291/1348/1291
f 127/1140/127 446/1349/446 1292/1350/1292 1105/1141/1105
f 441/1351/441 1293/1352/1293 1292/1350/1292 446/1349/446
f 1290/1347/1290 1289/1346/1289 1292/1350/1292 1293/1352/1293
f 1107/1144/1107 1105/1141/1105 1292/1350/1292 1289/1346/1289
f 428/1306/428 1252/1309/1252 1294/1353/1294 439/1354/439
f 1249/1304/1249 1295/1355/1295 1294/1353/1294 1252/1309/1252
f 1290/1347/1290 1293/1352/1293 1294/1353/1294 1295/1355/1295
f 441/1351/441 439/1354/439 1294/1353/1294 1293/1352/1293
f 1245/1300/1245 1284/1341/1284 1296/1356/1296 1246/1301/1246
f 1281/1338/1281 1291/1348/1291 1296/1356/1296 1284/1341/1284
f 1290/1347/1290 1295/1355/1295 1296/1356/1296 1291/1348/1291
f 1249/1304/1249 1246/1301/1246 1296/1356/1296 1295/1355/1295
f 32/32/32 35/35/35 1297/1357/1297 538/1358/538
f 28/28/28 1298/1359/1298 1297/1357/1297 35/35/35
f 1299/1360/1299 1300/1361/1300 1297/1357/1297 1298/1359/1298
f 541/1362/541 538/1358/538 1297/1357/1297 1300/1361/1300
f 10/10/10 1301/1363/1301 1302/1364/1302 26/26/26
f 1303/1365/1303 1304/1366/1304 1302/1364/1302 1301/1363/1301
f 1299/1360/1299 1298/1359/1298 1302/1364/1302 1304/1366/1304
f 28/28/28 26/26/26 1302/1364/1302 1298/1359/1298
f 1305/1367/1305 1306/1368/1306 1307/1369/1307 1308/1370/1308
f 1309/1371/1309 1310/1372/1310 1307/1369/1307 1306/1368/1306
f 1299/1360/1299 1304/1366/1304 1307/1369/1307 1310/1372/1310
f 1303/1365/1303 1308/1370/1308 1307/1369/1307 1304/1366/1304
f 543/1373/543 546/1374/546 1311/1375/1311 1312/1376/1312
f 541/1362/541 1300/1361/1300 1311/1375/1311 546/1374/546
f 1299/1360/1299 1310/1372/1310 1311/1375/1311 1300/1361/1300
f 1309/1371/1309 1312/1376/1312 1311/1375/1311 1310/1372/1310
f 10/10/10 13/13/13 1313/1377/1313 1301/1363/1301
f 5/5/5 1314/1378/1314 1313/1377/1313 13/13/13
f 1315/1379/1315 1316/1380/1316 1313/1377/1313 1314/1378/1314
f 1303/1365/1303 1301/1363/1301 1313/1377/1313 1316/1380/1316
f 1/1/1 1044/1059/1044 1317/1381/1317 2/2/2
f 1039/1054/1039 1318/1382/1318 1317/1381/1317 1044/1059/1044
f 1315/1379/1315 1314/1378/1314 1317/1381/1317 1318/1382/1318
f 5/5/5 2/2/2 1317/1381/1317 1314/1378/1314
f 1027/1042/1027 1319/1383/1319 1320/1384/1320 1037/1052/1037
f 1321/1385/1321 1322/1386/1322 1320/1384/1320 1319/1383/1319
f 1315/1379/1315 1318/1382/1318 1320/1384/1320 1322/1386/1322
f 1039/1054/1039 1037/1052/1037 1320/1384/1320 1318/1382/1318
f 1305/1367/1305 1308/1370/1308 1323/1387/1323 1324/1388/1324
f 1303/1365/1303 1316/1380/1316 1323/1387/1323 1308/1370/1308
f 1315/1379/1315 1322/1386/1322 1323/1387/1323 1316/1380/1316
f 1321/1385/1321 1324/1388/1324 1323/1387/1323 1322/1386/1322
f 315/315/315 318/318/318 1325/1389/1325 1021/1036/1021
f 323/323/323 1326/1390/1326 1325/1389/1325 318/318/318
f 1327/1391/1327 1328/1392/1328 1325/1389/1325 1326/1390/1326
f 1023/1038/1023 1021/1036/1021 1325/1389/1325 1328/1392/1328
f 336/336/336 1329/1393/1329 1330/1394/1330 337/337/337
f 1331/1395/1331 1332/1396/1332 1330/1394/1330 1329/1393/1329
f 1327/1391/1327 1326/1390/1326 1330/1394/1330 1332/1396/1332
f 323/323/323 337/337/337 1330/1394/1330 1326/1390/1326
f 1305/1367/1305 1324/1388/1324 1333/1397/1333 1334/1398/1334
f 1321/1385/1321 1335/1399/1335 1333/1397/1333 1324/1388/1324
f 1327/1391/1327 1332/1396/1332 1333/1397/1333 1335/1399/1335
f 1331/1395/1331 1334/1398/1334 1333/1397/1333 1332/1396/1332
f 1027/1042/1027 1030/1045/1030 1336/1400/1336 1319/1383/1319
f 1023/1038/1023 1328/1392/1328 1336/1400/1336 1030/1045/1030
f 1327/1391/1327 1335/1399/1335 1336/1400/1336 1328/1392/1328
f 1321/1385/1321 1319/1383/1319 1336/1400/1336 1335/1399/1335
f 336/392/336 384/395/384 1337/1401/1337 1329/1402/1329
f 381/390/381 1338/1403/1338 1337/1401/1337 384/395/384
f 1339/1404/1339 1340/1405/1340 1337/1401/1337 1338/1403/1338
f 1331/1406/1331 1329/1402/1329 1337/1401/1337 1340/1405/1340
f 377/386/377 553/567/553 1341/1407/1341 378/387/378
f 558/572/558 1342/1408/1342 1341/1407/1341 553/567/553
f 1339/1404/1339 1338/1403/1338 1341/1407/1341 1342/1408/1342
f 381/390/381 378/387/378 1341/1407/1341 1338/1403/1338
f 543/557/543 1312/1409/1312 1343/1410/1343 568/582/568
f 1309/1411/1309 1344/1412/1344 1343/1410/1343 1312/1409/1312
f 1339/1404/1339 1342/1408/1342 1343/1410/1343 1344/1412/1344
f 558/572/558 568/582/568 1343/1410/1343 1342/1408/1342
f 1305/1413/1305 1334/1414/1334 1345/1415/1345 1306/1416/1306
f 1331/1406/1331 1340/1405/1340 1345/1415/1345 1334/1414/1334
f 1339/1404/1339 1344/1412/1344 1345/1415/1345 1340/1405/1340
f 1309/1411/1309 1306/1416/1306 1345/1415/1345 1344/1412/1344
f 626/1417/626 1346/1418/1346 1347/1419/1347 627/1420/627
f 1348/1421/1348 1349/1422/1349 1347/1419/1347 1346/1418/1346
f 1350/1423/1350 1351/1424/1351 1347/1419/1347 1349/1422/1349
f 630/1425/630 627/1420/627 1347/1419/1347 1351/1424/1351
f 1352/1426/1352 1353/1427/1353 1354/1428/1354 1355/1429/1355
f 1356/1430/1356 1357/1431/1357 1354/1428/1354 1353/1427/1353
f 1350/1423/1350 1349/1422/1349 1354/1428/1354 1357/1431/1357
f 1348/1421/1348 1355/1429/1355 1354/1428/1354 1349/1422/1349
f 1358/1432/1358 1359/1433/1359 1360/1434/1360 1361/1435/1361
f 1362/1436/1362 1363/1437/1363 1360/1434/1360 1359/1433/1359
f 1350/1423/1350 1357/1431/1357 1360/1434/1360 1363/1437/1363
f 1356/1430/1356 1361/1435/1361 1360/1434/1360 1357/1431/1357
f 635/1438/635 638/1439/638 1364/1440/1364 1365/1441/1365
f 630/1425/630 1351/1424/1351 1364/1440/1364 638/1439/638
f 1350/1423/1350 1363/1437/1363 1364/1440/1364 1351/1424/1351
f 1362/1436/1362 1365/1441/1365 1364/1440/1364 1363/1437/1363
f 1352/1426/1352 1366/1442/1366 1367/1443/1367 1353/1427/1353
f 1368/1444/1368 1369/1445/1369 1367/1443/1367 1366/1442/1366
f 1370/1446/1370 1371/1447/1371 1367/1443/1367 1369/1445/1369
f 1356/1430/1356 1353/1427/1353 1367/1443/1367 1371/1447/1371
f 1372/1448/1372 1373/1449/1373 1374/1450/1374 1375/1451/1375
f 1376/1452/1376 1377/1453/1377 1374/1450/1374 1373/1449/1373
f 1370/1446/1370 1369/1445/1369 1374/1450/1374 1377/1453/1377
f 1368/1444/1368 1375/1451/1375 1374/1450/1374 1369/1445/1369
f 1378/1454/1378 1379/1455/1379 1380/1456/1380 1381/1457/1381
f 1382/1458/1382 1383/1459/1383 1380/1456/1380 1379/1455/1379
f 1370/1446/1370 1377/1453/1377 1380/1456/1380 1383/1459/1383
f 1376/1452/1376 1381/1457/1381 1380/1456/1380 1377/1453/1377
f 1358/1432/1358 1361/1435/1361 1384/1460/1384 1385/1461/1385
f 1356/1430/1356 1371/1447/1371 1384/1460/1384 1361/1435/1361
f 1370/1446/1370 1383/1459/1383 1384/1460/1384 1371/1447/1371
f 1382/1458/1382 1385/1461/1385 1384/1460/1384 1383/1459/1383
f 1259/1316/1259 1262/1319/1262 1386/1462/1386 1387/1463/1387
f 1255/1312/1255 1388/1464/1388 1386/1462/1386 1262/1319/1262
f 1389/1465/1389 1390/1466/1390 1386/1462/1386 1388/1464/1388
f 1391/1467/1391 1387/1463/1387 1386/1462/1386 1390/1466/1390
f 1239/1294/1239 1392/1468/1392 1393/1469/1393 1253/1310/1253
f 1394/1470/1394 1395/1471/1395 1393/1469/1393 1392/1468/1392
f 1389/1465/1389 1388/1464/1388 1393/1469/1393 1395/1471/1395
f 1255/1312/1255 1253/1310/1253 1393/1469/1393 1388/1464/1388
f 1358/1432/1358 1385/1461/1385 1396/1472/1396 1397/1473/1397
f 1382/1458/1382 1398/1474/1398 1396/1472/1396 1385/1461/1385
f 1389/1465/1389 1395/1471/1395 1396/1472/1396 1398/1474/1398
f 1394/1470/1394 1397/1473/1397 1396/1472/1396 1395/1471/1395
f 1378/1454/1378 1399/1475/1399 1400/1476/1400 1379/1455/1379
f 1391/1467/1391 1390/1466/1390 1400/1476/1400 1399/1475/1399
f 1389/1465/1389 1398/1474/1398 1400/1476/1400 1390/1466/1390
f 1382/1458/1382 1379/1455/1379 1400/1476/1400 1398/1474/1398
f 1239/1294/1239 1242/1297/1242 1401/1477/1401 1392/1468/1392
f 1235/1289/1235 1402/1478/1402 1401/1477/1401 1242/1297/1242
f 1403/1479/1403 1404/1480/1404 1401/1477/1401 1402/1478/1402
f 1394/1470/1394 1392/1468/1392 1401/1477/1401 1404/1480/1404
f 419/1285/419 653/1481/653 1405/1482/1405 1233/1286/1233
f 648/1483/648 1406/1484/1406 1405/1482/1405 653/1481/653
f 1403/1479/1403 1402/1478/1402 1405/1482/1405 1406/1484/1406
f 1235/1289/1235 1233/1286/1233 1405/1482/1405 1402/1478/1402
f 635/1438/635 1365/1441/1365 1407/1485/1407 646/1486/646
f 1362/1436/1362 1408/1487/1408 1407/1485/1407 1365/1441/1365
f 1403/1479/1403 1406/1484/1406 1407/1485/1407 1408/1487/1408
f 648/1483/648 646/1486/646 1407/1485/1407 1406/1484/1406
f 1358/1432/1358 1397/1473/1397 1409/1488/1409 1359/1433/1359
f 1394/1470/1394 1404/1480/1404 1409/1488/1409 1397/1473/1397
f 1403/1479/1403 1408/1487/1408 1409/1488/1409 1404/1480/1404
f 1362/1436/1362 1359/1433/1359 1409/1488/1409 1408/1487/1408
f 839/1489/839 1410/1490/1410 1411/1491/1411 840/1492/840
f 1412/1493/1412 1413/1494/1413 1411/1491/1411 1410/1490/1410
f 1414/1495/1414 1415/1496/1415 1411/1491/1411 1413/1494/1413
f 843/1497/843 840/1492/840 1411/1491/1411 1415/1496/1415
f 1416/1498/1416 1417/1499/1417 1418/1500/1418 1419/1501/1419
f 1420/1502/1420 1421/1503/1421 1418/1500/1418 1417/1499/1417
f 1414/1495/1414 1413/1494/1413 1418/1500/1418 1421/1503/1421
f 1412/1493/1412 1419/1501/1419 1418/1500/1418 1413/1494/1413
f 1422/1504/1422 1423/1505/1423 1424/1506/1424 1425/1507/1425
f 1426/1508/1426 1427/1509/1427 1424/1506/1424 1423/1505/1423
f 1414/1495/1414 1421/1503/1421 1424/1506/1424 1427/1509/1427
f 1420/1502/1420 1425/1507/1425 1424/1506/1424 1421/1503/1421
f 848/1510/848 851/1511/851 1428/1512/1428 1429/1513/1429
f 843/1497/843 1415/1496/1415 1428/1512/1428 851/1511/851
f 1414/1495/1414 1427/1509/1427 1428/1512/1428 1415/1496/1415
f 1426/1508/1426 1429/1513/1429 1428/1512/1428 1427/1509/1427
f 1416/1498/1416 1430/1514/1430 1431/1515/1431 1417/1499/1417
f 1432/1516/1432 1433/1517/1433 1431/1515/1431 1430/1514/1430
f 1434/1518/1434 1435/1519/1435 1431/1515/1431 1433/1517/1433
f 1420/1502/1420 1417/1499/1417 1431/1515/1431 1435/1519/1435
f 684/698/684 687/701/687 1436/1520/1436 1437/1521/1437
f 680/694/680 1438/1522/1438 1436/1520/1436 687/701/687
f 1434/1518/1434 1433/1517/1433 1436/1520/1436 1438/1522/1438
f 1432/1516/1432 1437/1521/1437 1436/1520/1436 1433/1517/1433
f 664/678/664 1439/1523/1439 1440/1524/1440 678/692/678
f 1441/1525/1441 1442/1526/1442 1440/1524/1440 1439/1523/1439
f 1434/1518/1434 1438/1522/1438 1440/1524/1440 1442/1526/1442
f 680/694/680 678/692/678 1440/1524/1440 1438/1522/1438
f 1422/1504/1422 1425/1507/1425 1443/1527/1443 1444/1528/1444
f 1420/1502/1420 1435/1519/1435 1443/1527/1443 1425/1507/1425
f 1434/1518/1434 1442/1526/1442 1443/1527/1443 1435/1519/1435
f 1441/1525/1441 1444/1528/1444 1443/1527/1443 1442/1526/1442
f 72/72/72 75/75/75 1445/1529/1445 658/672/658
f 68/68/68 1446/1530/1446 1445/1529/1445 75/75/75
f 1447/1531/1447 1448/1532/1448 1445/1529/1445 1446/1530/1446
f 660/674/660 658/672/658 1445/1529/1445 1448/1532/1448
f 55/55/55 1449/1533/1449 1450/1534/1450 66/66/66
f 1451/1535/1451 1452/1536/1452 1450/1534/1450 1449/1533/1449
f 1447/1531/1447 1446/1530/1446 1450/1534/1450 1452/1536/1452
f 68/68/68 66/66/66 1450/1534/1450 1446/1530/1446
f 1422/1504/1422 1444/1528/1444 1453/1537/1453 1454/1538/1454
f 1441/1525/1441 1455/1539/1455 1453/1537/1453 1444/1528/1444
f 1447/1531/1447 1452/1536/1452 1453/1537/1453 1455/1539/1455
f 1451/1535/1451 1454/1538/1454 1453/1537/1453 1452/1536/1452
f 664/678/664 667/681/667 1456/1540/1456 1439/1523/1439
f 660/674/660 1448/1532/1448 1456/1540/1456 667/681/667
f 1447/1531/1447 1455/1539/1455 1456/1540/1456 1448/1532/1448
f 1441/1525/1441 1439/1523/1439 1456/1540/1456 1455/1539/1455
f 55/55/55 58/58/58 1457/1541/1457 1449/1533/1449
f 50/50/50 1458/1542/1458 1457/1541/1457 58/58/58
f 1459/1543/1459 1460/1544/1460 1457/1541/1457 1458/1542/1458
f 1451/1535/1451 1449/1533/1449 1457/1541/1457 1460/1544/1460
f 46/46/46 867/1545/867 1461/1546/1461 47/47/47
f 861/1547/861 1462/1548/1462 1461/1546/1461 867/1545/867
f 1459/1543/1459 1458/1542/1458 1461/1546/1461 1462/1548/1462
f 50/50/50 47/47/47 1461/1546/1461 1458/1542/1458
f 848/1510/848 1429/1513/1429 1463/1549/1463 859/1550/859
f 1426/1508/1426 1464/1551/1464 1463/1549/1463 1429/1513/1429
f 1459/1543/1459 1462/1548/1462 1463/1549/1463 1464/1551/1464
f 861/1547/861 859/1550/859 1463/1549/1463 1462/1548/1462
f 1422/1504/1422 1454/1538/1454 1465/1552/1465 1423/1505/1423
f 1451/1535/1451 1460/1544/1460 1465/1552/1465 1454/1538/1454
f 1459/1543/1459 1464/1551/1464 1465/1552/1465 1460/1544/1460
f 1426/1508/1426 1423/1505/1423 1465/1552/1465 1464/1551/1464
f 1466/1553/1466 1467/1554/1467 1468/1555/1468 1469/1556/1469
f 1470/1557/1470 1471/1558/1471 1468/1555/1468 1467/1554/1467
f 1472/1559/1472 1473/1560/1473 1468/1555/1468 1471/1558/1471
f 1474/1561/1474 1469/1556/1469 1468/1555/1468 1473/1560/1473
f 1475/1562/1475 1476/1563/1476 1477/1564/1477 1478/1565/1478
f 1479/1566/1479 1480/1567/1480 1477/1564/1477 1476/1563/1476
f 1472/1559/1472 1471/1558/1471 1477/1564/1477 1480/1567/1480
f 1470/1557/1470 1478/1565/1478 1477/1564/1477 1471/1558/1471
f 1481/1568/1481 1482/1569/1482 1483/1570/1483 1484/1571/1484
f 1485/1572/1485 1486/1573/1486 1483/1570/1483 1482/1569/1482
f 1472/1559/1472 1480/1567/1480 1483/1570/1483 1486/1573/1486
f 1479/1566/1479 1484/1571/1484 1483/1570/1483 1480/1567/1480
f 1487/1574/1487 1488/1575/1488 1489/1576/1489 1490/1577/1490
f 1474/1561/1474 1473/1560/1473 1489/1576/1489 1488/1575/1488
f 1472/1559/1472 1486/1573/1486 1489/1576/1489 1473/1560/1473
f 1485/1572/1485 1490/1577/1490 1489/1576/1489 1486/1573/1486
f 1475/1562/1475 1491/1578/1491 1492/1579/1492 1476/1563/1476
f 1493/1580/1493 1494/1581/1494 1492/1579/1492 1491/1578/1491
f 1495/1582/1495 1496/1583/1496 1492/1579/1492 1494/1581/1494
f 1479/1566/1479 1476/1563/1476 1492/1579/1492 1496/1583/1496
f 1497/1584/1497 1498/1585/1498 1499/1586/1499 1500/1587/1500
f 1501/1588/1501 1502/1589/1502 1499/1586/1499 1498/1585/1498
f 1495/1582/1495 1494/1581/1494 1499/1586/1499 1502/1589/1502
f 1493/1580/1493 1500/1587/1500 1499/1586/1499 1494/1581/1494
f 1503/1590/1503 1504/1591/1504 1505/1592/1505 1506/1593/1506
f 1507/1594/1507 1508/1595/1508 1505/1592/1505 1504/1591/1504
f 1495/1582/1495 1502/1589/1502 1505/1592/1505 1508/1595/1508
f 1501/1588/1501 1506/1593/1506 1505/1592/1505 1502/1589/1502
f 1481/1568/1481 1484/1571/1484 1509/1596/1509 1510/1597/1510
f 1479/1566/1479 1496/1583/1496 1509/1596/1509 1484/1571/1484
f 1495/1582/1495 1508/1595/1508 1509/1596/1509 1496/1583/1496
f 1507/1594/1507 1510/1597/1510 1509/1596/1509 1508/1595/1508
f 1511/1598/1511 1512/1599/1512 1513/1600/1513 1514/1601/1514
f 1515/1602/1515 1516/1603/1516 1513/1600/1513 1512/1599/1512
f 1517/1604/1517 1518/1605/1518 1513/1600/1513 1516/1603/1516
f 1519/1606/1519 1514/1601/1514 1513/1600/1513 1518/1605/1518
f 1520/1607/1520 1521/1608/1521 1522/1609/1522 1523/1610/1523
f 1524/1611/1524 1525/1612/1525 1522/1609/1522 1521/1608/1521
f 1517/1604/1517 1516/1603/1516 1522/1609/1522 1525/1612/1525
f 1515/1602/1515 1523/1610/1523 1522/1609/1522 1516/1603/1516
f 1481/1568/1481 1510/1597/1510 1526/1613/1526 1527/1614/1527
f 1507/1594/1507 1528/1615/1528 1526/1613/1526 1510/1597/1510
f 1517/1604/1517 1525/1612/1525 1526/1613/1526 1528/1615/1528
f 1524/1611/1524 1527/1614/1527 1526/1613/1526 1525/1612/1525
f 1503/1590/1503 1529/1616/1529 1530/1617/1530 1504/1591/1504
f 1519/1606/1519 1518/1605/1518 1530/1617/1530 1529/1616/1529
f 1517/1604/1517 1528/1615/1528 1530/1617/1530 1518/1605/1518
f 1507/1594/1507 1504/1591/1504 1530/1617/1530 1528/1615/1528
f 1520/1607/1520 1531/1618/1531 1532/1619/1532 1521/1608/1521
f 1533/1620/1533 1534/1621/1534 1532/1619/1532 1531/1618/1531
f 1535/1622/1535 1536/1623/1536 1532/1619/1532 1534/1621/1534
f 1524/1611/1524 1521/1608/1521 1532/1619/1532 1536/1623/1536
f 1537/1624/1537 1538/1625/1538 1539/1626/1539 1540/1627/1540
f 1541/1628/1541 1542/1629/1542 1539/1626/1539 1538/1625/1538
f 1535/1622/1535 1534/1621/1534 1539/1626/1539 1542/1629/1542
f 1533/1620/1533 1540/1627/1540 1539/1626/1539 1534/1621/1534
f 1487/1574/1487 1490/1577/1490 1543/1630/1543 1544/1631/1544
f 1485/1572/1485 1545/1632/1545 1543/1630/1543 1490/1577/1490
f 1535/1622/1535 1542/1629/1542 1543/1630/1543 1545/1632/1545
f 1541/1628/1541 1544/1631/1544 1543/1630/1543 1542/1629/1542
f 1481/1568/1481 1527/1614/1527 1546/1633/1546 1482/1569/1482
f 1524/1611/1524 1536/1623/1536 1546/1633/1546 1527/1614/1527
f 1535/1622/1535 1545/1632/1545 1546/1633/1546 1536/1623/1536
f 1485/1572/1485 1482/1569/1482 1546/1633/1546 1545/1632/1545
f 1547/1634/1547 1548/1635/1548 1549/1636/1549 1550/1637/1550
f 1551/1638/1551 1552/1639/1552 1549/1636/1549 1548/1635/1548
f 1553/1640/1553 1554/1641/1554 1549/1636/1549 1552/1639/1552
f 1555/1642/1555 1550/1637/1550 1549/1636/1549 1554/1641/1554
f 1556/1643/1556 1557/1644/1557 1558/1645/1558 1559/1646/1559
f 1560/1647/1560 1561/1648/1561 1558/1645/1558 1557/1644/1557
f 1553/1640/1553 1552/1639/1552 1558/1645/1558 1561/1648/1561
f 1551/1638/1551 1559/1646/1559 1558/1645/1558 1552/1639/1552
f 1562/1649/1562 1563/1650/1563 1564/1651/1564 1565/1652/1565
f 1566/1653/1566 1567/1654/1567 1564/1651/1564 1563/1650/1563
f 1553/1640/1553 1561/1648/1561 1564/1651/1564 1567/1654/1567
f 1560/1647/1560 1565/1652/1565 1564/1651/1564 1561/1648/1561
f 1568/1655/1568 1569/1656/1569 1570/1657/1570 1571/1658/1571
f 1555/1642/1555 1554/1641/1554 1570/1657/1570 1569/1656/1569
f 1553/1640/1553 1567/1654/1567 1570/1657/1570 1554/1641/1554
f 1566/1653/1566 1571/1658/1571 1570/1657/1570 1567/1654/1567
f 1556/1643/1556 1572/1659/1572 1573/1660/1573 1557/1644/1557
f 1574/1661/1574 1575/1662/1575 1573/1660/1573 1572/1659/1572
f 1576/1663/1576 1577/1664/1577 1573/1660/1573 1575/1662/1575
f 1560/1647/1560 1557/1644/1557 1573/1660/1573 1577/1664/1577
f 1578/1665/1578 1579/1666/1579 1580/1667/1580 1581/1668/1581
f 1582/1669/1582 1583/1670/1583 1580/1667/1580 1579/1666/1579
f 1576/1663/1576 1575/1662/1575 1580/1667/1580 1583/1670/1583
f 1574/1661/1574 1581/1668/1581 1580/1667/1580 1575/1662/1575
f 1584/1671/1584 1585/1672/1585 1586/1673/1586 1587/1674/1587
f 1588/1675/1588 1589/1676/1589 1586/1673/1586 1585/1672/1585
f 1576/1663/1576 1583/1670/1583 1586/1673/1586 1589/1676/1589
f 1582/1669/1582 1587/1674/1587 1586/1673/1586 1583/1670/1583
f 1562/1649/1562 1565/1652/1565 1590/1677/1590 1591/1678/1591
f 1560/1647/1560 1577/1664/1577 1590/1677/1590 1565/1652/1565
f 1576/1663/1576 1589/1676/1589 1590/1677/1590 1577/1664/1577
f 1588/1675/1588 1591/1678/1591 1590/1677/1590 1589/1676/1589
f 1592/1679/1592 1593/1680/1593 1594/1681/1594 1595/1682/1595
f 1596/1683/1596 1597/1684/1597 1594/1681/1594 1593/1680/1593
f 1598/1685/1598 1599/1686/1599 1594/1681/1594 1597/1684/1597
f 1600/1687/1600 1595/1682/1595 1594/1681/1594 1599/1686/1599
f 1601/1688/1601 1602/1689/1602 1603/1690/1603 1604/1691/1604
f 1605/1692/1605 1606/1693/1606 1603/1690/1603 1602/1689/1602
f 1598/1685/1598 1597/1684/1597 1603/1690/1603 1606/1693/1606
f 1596/1683/1596 1604/1691/1604 1603/1690/1603 1597/1684/1597
f 1562/1649/1562 1591/1678/1591 1607/1694/1607 1608/1695/1608
f 1588/1675/1588 1609/1696/1609 1607/1694/1607 1591/1678/1591
f 1598/1685/1598 1606/1693/1606 1607/1694/1607 1609/1696/1609
f 1605/1692/1605 1608/1695/1608 1607/1694/1607 1606/1693/1606
f 1584/1671/1584 1610/1697/1610 1611/1698/1611 1585/1672/1585
f 1600/1687/1600 1599/1686/1599 1611/1698/1611 1610/1697/1610
f 1598/1685/1598 1609/1696/1609 1611/1698/1611 1599/1686/1599
f 1588/1675/1588 1585/1672/1585 1611/1698/1611 1609/1696/1609
f 1601/1688/1601 1612/1699/1612 1613/1700/1613 1602/1689/1602
f 1614/1701/1614 1615/1702/1615 1613/1700/1613 1612/1699/1612
f 1616/1703/1616 1617/1704/1617 1613/1700/1613 1615/1702/1615
f 1605/1692/1605 1602/1689/1602 1613/1700/1613 1617/1704/1617
f 1618/1705/1618 1619/1706/1619 1620/1707/1620 1621/1708/1621
f 1622/1709/1622 1623/1710/1623 1620/1707/1620 1619/1706/1619
f 1616/1703/1616 1615/1702/1615 1620/1707/1620 1623/1710/1623
f 1614/1701/1614 1621/1708/1621 1620/1707/1620 1615/1702/1615
f 1568/1655/1568 1571/1658/1571 1624/1711/1624 1625/1712/1625
f 1566/1653/1566 1626/1713/1626 1624/1711/1624 1571/1658/1571
f 1616/1703/1616 1623/1710/1623 1624/1711/1624 1626/1713/1626
f 1622/1709/1622 1625/1712/1625 1624/1711/1624 1623/1710/1623
f 1562/1649/1562 1608/1695/1608 1627/1714/1627 1563/1650/1563
f 1605/1692/1605 1617/1704/1617 1627/1714/1627 1608/1695/1608
f 1616/1703/1616 1626/1713/1626 1627/1714/1627 1617/1704/1617
f 1566/1653/1566 1563/1650/1563 1627/1714/1627 1626/1713/1626
f 1497/1584/1497 1500/1587/1500 1628/1715/1628 1629/1716/1629
f 1493/1580/1493 1630/1717/1630 1628/1715/1628 1500/1587/1500
f 1631/1718/1631 1632/1719/1632 1628/1715/1628 1630/1717/1630
f 1633/1720/1633 1629/1716/1629 1628/1715/1628 1632/1719/1632
f 1475/1562/1475 1634/1721/1634 1635/1722/1635 1491/1578/1491
f 1636/1723/1636 1637/1724/1637 1635/1722/1635 1634/1721/1634
f 1631/1718/1631 1630/1717/1630 1635/1722/1635 1637/1724/1637
f 1493/1580/1493 1491/1578/1491 1635/1722/1635 1630/1717/1630
f 1638/1725/1638 1639/1726/1639 1640/1727/1640 1641/1728/1641
f 1642/1729/1642 1643/1730/1643 1640/1727/1640 1639/1726/1639
f 1631/1718/1631 1637/1724/1637 1640/1727/1640 1643/1730/1643
f 1636/1723/1636 1641/1728/1641 1640/1727/1640 1637/1724/1637
f 1644/1731/1644 1645/1732/1645 1646/1733/1646 1647/1734/1647
f 1633/1720/1633 1632/1719/1632 1646/1733/1646 1645/1732/1645
f 1631/1718/1631 1643/1730/1643 1646/1733/1646 1632/1719/1632
f 1642/1729/1642 1647/1734/1647 1646/1733/1646 1643/1730/1643
f 1475/1562/1475 1478/1565/1478 1648/1735/1648 1634/1721/1634
f 1470/1557/1470 1649/1736/1649 1648/1735/1648 1478/1565/1478
f 1650/1737/1650 1651/1738/1651 1648/1735/1648 1649/1736/1649
f 1636/1723/1636 1634/1721/1634 1648/1735/1648 1651/1738/1651
f 1466/1553/1466 1652/1739/1652 1653/1740/1653 1467/1554/1467
f 1654/1741/1654 1655/1742/1655 1653/1740/1653 1652/1739/1652
f 1650/1737/1650 1649/1736/1649 1653/1740/1653 1655/1742/1655
f 1470/1557/1470 1467/1554/1467 1653/1740/1653 1649/1736/1649
f 1656/1743/1656 1657/1744/1657 1658/1745/1658 1659/1746/1659
f 1660/1747/1660 1661/1748/1661 1658/1745/1658 1657/1744/1657
f 1650/1737/1650 1655/1742/1655 1658/1745/1658 1661/1748/1661
f 1654/1741/1654 1659/1746/1659 1658/1745/1658 1655/1742/1655
f 1638/1725/1638 1641/1728/1641 1662/1749/1662 1663/1750/1663
f 1636/1723/1636 1651/1738/1651 1662/1749/1662 1641/1728/1641
f 1650/1737/1650 1661/1748/1661 1662/1749/1662 1651/1738/1651
f 1660/1747/1660 1663/1750/1663 1662/1749/1662 1661/1748/1661
f 1664/1751/1664 1665/1752/1665 1666/1753/1666 1667/1754/1667
f 1668/1755/1668 1669/1756/1669 1666/1753/1666 1665/1752/1665
f 1670/1757/1670 1671/1758/1671 1666/1753/1666 1669/1756/1669
f 1672/1759/1672 1667/1754/1667 1666/1753/1666 1671/1758/1671
f 1673/1760/1673 1674/1761/1674 1675/1762/1675 1676/1763/1676
f 1677/1764/1677 1678/1765/1678 1675/1762/1675 1674/1761/1674
f 1670/1757/1670 1669/1756/1669 1675/1762/1675 1678/1765/1678
f 1668/1755/1668 1676/1763/1676 1675/1762/1675 1669/1756/1669
f 1638/1725/1638 1663/1750/1663 1679/1766/1679 1680/1767/1680
f 1660/1747/1660 1681/1768/1681 1679/1766/1679 1663/1750/1663
f 1670/1757/1670 1678/1765/1678 1679/1766/1679 1681/1768/1681
f 1677/1764/1677 1680/1767/1680 1679/1766/1679 1678/1765/1678
f 1656/1743/1656 1682/1769/1682 1683/1770/1683 1657/1744/1657
f 1672/1759/1672 1671/1758/1671 1683/1770/1683 1682/1769/1682
f 1670/1757/1670 1681/1768/1681 1683/1770/1683 1671/1758/1671
f 1660/1747/1660 1657/1744/1657 1683/1770/1683 1681/1768/1681
f 1673/1760/1673 1684/1771/1684 1685/1772/1685 1674/1761/1674
f 1686/1773/1686 1687/1774/1687 1685/1772/1685 1684/1771/1684
f 1688/1775/1688 1689/1776/1689 1685/1772/1685 1687/1774/1687
f 1677/1764/1677 1674/1761/1674 1685/1772/1685 1689/1776/1689
f 1690/1777/1690 1691/1778/1691 1692/1779/1692 1693/1780/1693
f 1694/1781/1694 1695/1782/1695 1692/1779/1692 1691/1778/1691
f 1688/1775/1688 1687/1774/1687 1692/1779/1692 1695/1782/1695
f 1686/1773/1686 1693/1780/1693 1692/1779/1692 1687/1774/1687
f 1644/1731/1644 1647/1734/1647 1696/1783/1696 1697/1784/1697
f 1642/1729/1642 1698/1785/1698 1696/1783/1696 1647/1734/1647
f 1688/1775/1688 1695/1782/1695 1696/1783/1696 1698/1785/1698
f 1694/1781/1694 1697/1784/1697 1696/1783/1696 1695/1782/1695
f 1638/1725/1638 1680/1767/1680 1699/1786/1699 1639/1726/1639
f 1677/1764/1677 1689/1776/1689 1699/1786/1699 1680/1767/1680
f 1688/1775/1688 1698/1785/1698 1699/1786/1699 1689/1776/1689
f 1642/1729/1642 1639/1726/1639 1699/1786/1699 1698/1785/1698
f 1700/1787/1700 1701/1788/1701 1702/1789/1702 1703/1790/1703
f 1704/1791/1704 1705/1792/1705 1702/1789/1702 1701/1788/1701
f 1706/1793/1706 1707/1794/1707 1702/1789/1702 1705/1792/1705
f 1708/1795/1708 1703/1790/1703 1702/1789/1702 1707/1794/1707
f 1709/1796/1709 1710/1797/1710 1711/1798/1711 1712/1799/1712
f 1713/1800/1713 1714/1801/1714 1711/1798/1711 1710/1797/1710
f 1706/1793/1706 1705/1792/1705 1711/1798/1711 1714/1801/1714
f 1704/1791/1704 1712/1799/1712 1711/1798/1711 1705/1792/1705
f 1715/1802/1715 1716/1803/1716 1717/1804/1717 1718/1805/1718
f 1719/1806/1719 1720/1807/1720 1717/1804/1717 1716/1803/1716
f 1706/1793/1706 1714/1801/1714 1717/1804/1717 1720/1807/1720
f 1713/1800/1713 1718/1805/1718 1717/1804/1717 1714/1801/1714
f 1721/1808/1721 1722/1809/1722 1723/1810/1723 1724/1811/1724
f 1708/1795/1708 1707/1794/1707 1723/1810/1723 1722/1809/1722
f 1706/1793/1706 1720/1807/1720 1723/1810/1723 1707/1794/1707
f 1719/1806/1719 1724/1811/1724 1723/1810/1723 1720/1807/1720
f 1709/1796/1709 1725/1812/1725 1726/1813/1726 1710/1797/1710
f 1727/1814/1727 1728/1815/1728 1726/1813/1726 1725/1812/1725
f 1729/1816/1729 1730/1817/1730 1726/1813/1726 1728/1815/1728
f 1713/1800/1713 1710/1797/1710 1726/1813/1726 1730/1817/1730
f 1731/1818/1731 1732/1819/1732 1733/1820/1733 1734/1821/1734
f 1735/1822/1735 1736/1823/1736 1733/1820/1733 1732/1819/1732
f 1729/1816/1729 1728/1815/1728 1733/1820/1733 1736/1823/1736
f 1727/1814/1727 1734/1821/1734 1733/1820/1733 1728/1815/1728
f 1737/1824/1737 1738/1825/1738 1739/1826/1739 1740/1827/1740
f 1741/1828/1741 1742/1829/1742 1739/1826/1739 1738/1825/1738
f 1729/1816/1729 1736/1823/1736 1739/1826/1739 1742/1829/1742
f 1735/1822/1735 1740/1827/1740 1739/1826/1739 1736/1823/1736
f 1715/1802/1715 1718/1805/1718 1743/1830/1743 1744/1831/1744
f 1713/1800/1713 1730/1817/1730 1743/1830/1743 1718/1805/1718
f 1729/1816/1729 1742/1829/1742 1743/1830/1743 1730/1817/1730
f 1741/1828/1741 1744/1831/1744 1743/1830/1743 1742/1829/1742
f 1618/1705/1618 1745/1832/1745 1746/1833/1746 1747/1834/1747
f 1748/1835/1748 1749/1836/1749 1746/1833/1746 1745/1832/1745
f 1750/1837/1750 1751/1838/1751 1746/1833/1746 1749/1836/1749
f 1752/1839/1752 1747/1834/1747 1746/1833/1746 1751/1838/1751
f 1753/1840/1753 1754/1841/1754 1755/1842/1755 1756/1843/1756
f 1757/1844/1757 1758/1845/1758 1755/1842/1755 1754/1841/1754
f 1750/1837/1750 1749/1836/1749 1755/1842/1755 1758/1845/1758
f 1748/1835/1748 1756/1843/1756 1755/1842/1755 1749/1836/1749
f 1715/1802/1715 1744/1831/1744 1759/1846/1759 1760/1847/1760
f 1741/1828/1741 1761/1848/1761 1759/1846/1759 1744/1831/1744
f 1750/1837/1750 1758/1845/1758 1759/1846/1759 1761/1848/1761
f 1757/1844/1757 1760/1847/1760 1759/1846/1759 1758/1845/1758
f 1737/1824/1737 1762/1849/1762 1763/1850/1763 1738/1825/1738
f 1752/1839/1752 1751/1838/1751 1763/1850/1763 1762/1849/1762
f 1750/1837/1750 1761/1848/1761 1763/1850/1763 1751/1838/1751
f 1741/1828/1741 1738/1825/1738 1763/1850/1763 1761/1848/1761
f 1753/1840/1753 1764/1851/1764 1765/1852/1765 1754/1841/1754
f 1766/1853/1766 1767/1854/1767 1765/1852/1765 1764/1851/1764
f 1768/1855/1768 1769/1856/1769 1765/1852/1765 1767/1854/1767
f 1757/1844/1757 1754/1841/1754 1765/1852/1765 1769/1856/1769
f 1770/1857/1770 1771/1858/1771 1772/1859/1772 1773/1860/1773
f 1774/1861/1774 1775/1862/1775 1772/1859/1772 1771/1858/1771
f 1768/1855/1768 1767/1854/1767 1772/1859/1772 1775/1862/1775
f 1766/1853/1766 1773/1860/1773 1772/1859/1772 1767/1854/1767
f 1721/1808/1721 1724/1811/1724 1776/1863/1776 1777/1864/1777
f 1719/1806/1719 1778/1865/1778 1776/1863/1776 1724/1811/1724
f 1768/1855/1768 1775/1862/1775 1776/1863/1776 1778/1865/1778
f 1774/1861/1774 1777/1864/1777 1776/1863/1776 1775/1862/1775
f 1715/1802/1715 1760/1847/1760 1779/1866/1779 1716/1803/1716
f 1757/1844/1757 1769/1856/1769 1779/1866/1779 1760/1847/1760
f 1768/1855/1768 1778/1865/1778 1779/1866/1779 1769/1856/1769
f 1719/1806/1719 1716/1803/1716 1779/1866/1779 1778/1865/1778
f 1780/1867/1780 1781/1868/1781 1782/1869/1782 1783/1870/1783
f 1784/1871/1784 1785/1872/1785 1782/1869/1782 1781/1868/1781
f 1786/1873/1786 1787/1874/1787 1782/1869/1782 1785/1872/1785
f 1788/1875/1788 1783/1870/1783 1782/1869/1782 1787/1874/1787
f 1789/1876/1789 1790/1877/1790 1791/1878/1791 1792/1879/1792
f 1793/1880/1793 1794/1881/1794 1791/1878/1791 1790/1877/1790
f 1786/1873/1786 1785/1872/1785 1791/1878/1791 1794/1881/1794
f 1784/1871/1784 1792/1879/1792 1791/1878/1791 1785/1872/1785
f 1795/1882/1795 1796/1883/1796 1797/1884/1797 1798/1885/1798
f 1799/1886/1799 1800/1887/1800 1797/1884/1797 1796/1883/1796
f 1786/1873/1786 1794/1881/1794 1797/1884/1797 1800/1887/1800
f 1793/1880/1793 1798/1885/1798 1797/1884/1797 1794/1881/1794
f 1801/1888/1801 1802/1889/1802 1803/1890/1803 1804/1891/1804
f 1788/1875/1788 1787/1874/1787 1803/1890/1803 1802/1889/1802
f 1786/1873/1786 1800/1887/1800 1803/1890/1803 1787/1874/1787
f 1799/1886/1799 1804/1891/1804 1803/1890/1803 1800/1887/1800
f 1789/1892/1789 1805/1893/1805 1806/1894/1806 1790/1895/1790
f 1807/1896/1807 1808/1897/1808 1806/1894/1806 1805/1893/1805
f 1809/1898/1809 1810/1899/1810 1806/1894/1806 1808/1897/1808
f 1793/1900/1793 1790/1895/1790 1806/1894/1806 1810/1899/1810
f 1811/1901/1811 1812/1902/1812 1813/1903/1813 1814/1904/1814
f 1815/1905/1815 1816/1906/1816 1813/1903/1813 1812/1902/1812
f 1809/1898/1809 1808/1897/1808 1813/1903/1813 1816/1906/1816
f 1807/1896/1807 1814/1904/1814 1813/1903/1813 1808/1897/1808
f 1817/1907/1817 1818/1908/1818 1819/1909/1819 1820/1910/1820
f 1821/1911/1821 1822/1912/1822 1819/1909/1819 1818/1908/1818
f 1809/1898/1809 1816/1906/1816 1819/1909/1819 1822/1912/1822
f 1815/1905/1815 1820/1910/1820 1819/1909/1819 1816/1906/1816
f 1795/1913/1795 1798/1914/1798 1823/1915/1823 1824/1916/1824
f 1793/1900/1793 1810/1899/1810 1823/1915/1823 1798/1914/1798
f 1809/1898/1809 1822/1912/1822 1823/1915/1823 1810/1899/1810
f 1821/1911/1821 1824/1916/1824 1823/1915/1823 1822/1912/1822
f 1578/1917/1578 1581/1918/1581 1825/1919/1825 1826/1920/1826
f 1574/1921/1574 1827/1922/1827 1825/1919/1825 1581/1918/1581
f 1828/1923/1828 1829/1924/1829 1825/1919/1825 1827/1922/1827
f 1830/1925/1830 1826/1920/1826 1825/1919/1825 1829/1924/1829
f 1556/1926/1556 1831/1927/1831 1832/1928/1832 1572/1929/1572
f 1833/1930/1833 1834/1931/1834 1832/1928/1832 1831/1927/1831
f 1828/1923/1828 1827/1922/1827 1832/1928/1832 1834/1931/1834
f 1574/1921/1574 1572/1929/1572 1832/1928/1832 1827/1922/1827
f 1795/1913/1795 1824/1916/1824 1835/1932/1835 1836/1933/1836
f 1821/1911/1821 1837/1934/1837 1835/1932/1835 1824/1916/1824
f 1828/1923/1828 1834/1931/1834 1835/1932/1835 1837/1934/1837
f 1833/1930/1833 1836/1933/1836 1835/1932/1835 1834/1931/1834
f 1817/1907/1817 1838/1935/1838 1839/1936/1839 1818/1908/1818
f 1830/1925/1830 1829/1924/1829 1839/1936/1839 1838/1935/1838
f 1828/1923/1828 1837/1934/1837 1839/1936/1839 1829/1924/1829
f 1821/1911/1821 1818/1908/1818 1839/1936/1839 1837/1934/1837
f 1556/1643/1556 1559/1646/1559 1840/1937/1840 1831/1938/1831
f 1551/1638/1551 1841/1939/1841 1840/1937/1840 1559/1646/1559
f 1842/1940/1842 1843/1941/1843 1840/1937/1840 1841/1939/1841
f 1833/1942/1833 1831/1938/1831 1840/1937/1840 1843/1941/1843
f 1547/1634/1547 1844/1943/1844 1845/1944/1845 1548/1635/1548
f 1846/1945/1846 1847/1946/1847 1845/1944/1845 1844/1943/1844
f 1842/1940/1842 1841/1939/1841 1845/1944/1845 1847/1946/1847
f 1551/1638/1551 1548/1635/1548 1845/1944/1845 1841/1939/1841
f 1801/1888/1801 1804/1891/1804 1848/1947/1848 1849/1948/1849
f 1799/1886/1799 1850/1949/1850 1848/1947/1848 1804/1891/1804
f 1842/1940/1842 1847/1946/1847 1848/1947/1848 1850/1949/1850
f 1846/1945/1846 1849/1948/1849 1848/1947/1848 1847/1946/1847
f 1795/1882/1795 1836/1950/1836 1851/1951/1851 1796/1883/1796
f 1833/1942/1833 1843/1941/1843 1851/1951/1851 1836/1950/1836
f 1842/1940/1842 1850/1949/1850 1851/1951/1851 1843/1941/1843
f 1799/1886/1799 1796/1883/1796 1851/1951/1851 1850/1949/1850
f 1618/1705/1618 1621/1708/1621 1852/1952/1852 1745/1832/1745
f 1614/1701/1614 1853/1953/1853 1852/1952/1852 1621/1708/1621
f 1854/1954/1854 1855/1955/1855 1852/1952/1852 1853/1953/1853
f 1748/1835/1748 1745/1832/1745 1852/1952/1852 1855/1955/1855
f 1601/1688/1601 1856/1956/1856 1857/1957/1857 1612/1699/1612
f 1858/1958/1858 1859/1959/1859 1857/1957/1857 1856/1956/1856
f 1854/1954/1854 1853/1953/1853 1857/1957/1857 1859/1959/1859
f 1614/1701/1614 1612/1699/1612 1857/1957/1857 1853/1953/1853
f 1860/1960/1860 1861/1961/1861 1862/1962/1862 1863/1963/1863
f 1864/1964/1864 1865/1965/1865 1862/1962/1862 1861/1961/1861
f 1854/1954/1854 1859/1959/1859 1862/1962/1862 1865/1965/1865
f 1858/1958/1858 1863/1963/1863 1862/1962/1862 1859/1959/1859
f 1753/1840/1753 1756/1843/1756 1866/1966/1866 1867/1967/1867
f 1748/1835/1748 1855/1955/1855 1866/1966/1866 1756/1843/1756
f 1854/1954/1854 1865/1965/1865 1866/1966/1866 1855/1955/1855
f 1864/1964/1864 1867/1967/1867 1866/1966/1866 1865/1965/1865
f 1601/1688/1601 1604/1691/1604 1868/1968/1868 1856/1956/1856
f 1596/1683/1596 1869/1969/1869 1868/1968/1868 1604/1691/1604
f 1870/1970/1870 1871/1971/1871 1868/1968/1868 1869/1969/1869
f 1858/1958/1858 1856/1956/1856 1868/1968/1868 1871/1971/1871
f 1592/1679/1592 1872/1972/1872 1873/1973/1873 1593/1680/1593
f 1874/1974/1874 1875/1975/1875 1873/1973/1873 1872/1972/1872
f 1870/1970/1870 1869/1969/1869 1873/1973/1873 1875/1975/1875
f 1596/1683/1596 1593/1680/1593 1873/1973/1873 1869/1969/1869
f 1876/1976/1876 1877/1977/1877 1878/1978/1878 1879/1979/1879
f 1880/1980/1880 1881/1981/1881 1878/1978/1878 1877/1977/1877
f 1870/1970/1870 1875/1975/1875 1878/1978/1878 1881/1981/1881
f 1874/1974/1874 1879/1979/1879 1878/1978/1878 1875/1975/1875
f 1860/1960/1860 1863/1963/1863 1882/1982/1882 1883/1983/1883
f 1858/1958/1858 1871/1971/1871 1882/1982/1882 1863/1963/1863
f 1870/1970/1870 1881/1981/1881 1882/1982/1882 1871/1971/1871
f 1880/1980/1880 1883/1983/1883 1882/1982/1882 1881/1981/1881
f 1884/1984/1884 1885/1985/1885 1886/1986/1886 1887/1987/1887
f 1888/1988/1888 1889/1989/1889 1886/1986/1886 1885/1985/1885
f 1890/1990/1890 1891/1991/1891 1886/1986/1886 1889/1989/1889
f 1892/1992/1892 1887/1987/1887 1886/1986/1886 1891/1991/1891
f 1893/1993/1893 1894/1994/1894 1895/1995/1895 1896/1996/1896
f 1897/1997/1897 1898/1998/1898 1895/1995/1895 1894/1994/1894
f 1890/1990/1890 1889/1989/1889 1895/1995/1895 1898/1998/1898
f 1888/1988/1888 1896/1996/1896 1895/1995/1895 1889/1989/1889
f 1860/1960/1860 1883/1983/1883 1899/1999/1899 1900/2000/1900
f 1880/1980/1880 1901/2001/1901 1899/1999/1899 1883/1983/1883
f 1890/1990/1890 1898/1998/1898 1899/1999/1899 1901/2001/1901
f 1897/1997/1897 1900/2000/1900 1899/1999/1899 1898/1998/1898
f 1876/1976/1876 1902/2002/1902 1903/2003/1903 1877/1977/1877
f 1892/1992/1892 1891/1991/1891 1903/2003/1903 1902/2002/1902
f 1890/1990/1890 1901/2001/1901 1903/2003/1903 1891/1991/1891
f 1880/1980/1880 1877/1977/1877 1903/2003/1903 1901/2001/1901
f 1893/1993/1893 1904/2004/1904 1905/2005/1905 1894/1994/1894
f 1906/2006/1906 1907/2007/1907 1905/2005/1905 1904/2004/1904
f 1908/2008/1908 1909/2009/1909 1905/2005/1905 1907/2007/1907
f 1897/1997/1897 1894/1994/1894 1905/2005/1905 1909/2009/1909
f 1770/1857/1770 1773/1860/1773 1910/2010/1910 1911/2011/1911
f 1766/1853/1766 1912/2012/1912 1910/2010/1910 1773/1860/1773
f 1908/2008/1908 1907/2007/1907 1910/2010/1910 1912/2012/1912
f 1906/2006/1906 1911/2011/1911 1910/2010/1910 1907/2007/1907
f 1753/1840/1753 1867/1967/1867 1913/2013/1913 1764/1851/1764
f 1864/1964/1864 1914/2014/1914 1913/2013/1913 1867/1967/1867
f 1908/2008/1908 1912/2012/1912 1913/2013/1913 1914/2014/1914
f 1766/1853/1766 1764/1851/1764 1913/2013/1913 1912/2012/1912
f 1860/1960/1860 1900/2000/1900 1915/2015/1915 1861/1961/1861
f 1897/1997/1897 1909/2009/1909 1915/2015/1915 1900/2000/1900
f 1908/2008/1908 1914/2014/1914 1915/2015/1915 1909/2009/1909
f 1864/1964/1864 1861/1961/1861 1915/2015/1915 1914/2014/1914
f 1618/1705/1618 1747/1834/1747 1916/2016/1916 1619/1706/1619
f 1752/1839/1752 1917/2017/1917 1916/2016/1916 1747/1834/1747
f 1918/2018/1918 1919/2019/1919 1916/2016/1916 1917/2017/1917
f 1622/1709/1622 1619/1706/1619 1916/2016/1916 1919/2019/1919
f 1737/1824/1737 1920/2020/1920 1921/2021/1921 1762/1849/1762
f 1922/2022/1922 1923/2023/1923 1921/2021/1921 1920/2020/1920
f 1918/2018/1918 1917/2017/1917 1921/2021/1921 1923/2023/1923
f 1752/1839/1752 1762/1849/1762 1921/2021/1921 1917/2017/1917
f 1924/2024/1924 1925/2025/1925 1926/2026/1926 1927/2027/1927
f 1928/2028/1928 1929/2029/1929 1926/2026/1926 1925/2025/1925
f 1918/2018/1918 1923/2023/1923 1926/2026/1926 1929/2029/1929
f 1922/2022/1922 1927/2027/1927 1926/2026/1926 1923/2023/1923
f 1568/1655/1568 1625/1712/1625 1930/2030/1930 1931/2031/1931
f 1622/1709/1622 1919/2019/1919 1930/2030/1930 1625/1712/1625
f 1918/2018/1918 1929/2029/1929 1930/2030/1930 1919/2019/1919
f 1928/2028/1928 1931/2031/1931 1930/2030/1930 1929/2029/1929
f 1737/1824/1737 1740/1827/1740 1932/2032/1932 1920/2020/1920
f 1735/1822/1735 1933/2033/1933 1932/2032/1932 1740/1827/1740
f 1934/2034/1934 1935/2035/1935 1932/2032/1932 1933/2033/1933
f 1922/2022/1922 1920/2020/1920 1932/2032/1932 1935/2035/1935
f 1731/1818/1731 1936/2036/1936 1937/2037/1937 1732/1819/1732
f 1938/2038/1938 1939/2039/1939 1937/2037/1937 1936/2036/1936
f 1934/2034/1934 1933/2033/1933 1937/2037/1937 1939/2039/1939
f 1735/1822/1735 1732/1819/1732 1937/2037/1937 1933/2033/1933
f 1940/2040/1940 1941/2041/1941 1942/2042/1942 1943/2043/1943
f 1944/2044/1944 1945/2045/1945 1942/2042/1942 1941/2041/1941
f 1934/2034/1934 1939/2039/1939 1942/2042/1942 1945/2045/1945
f 1938/2038/1938 1943/2043/1943 1942/2042/1942 1939/2039/1939
f 1924/2024/1924 1927/2027/1927 1946/2046/1946 1947/2047/1947
f 1922/2022/1922 1935/2035/1935 1946/2046/1946 1927/2027/1927
f 1934/2034/1934 1945/2045/1945 1946/2046/1946 1935/2035/1935
f 1944/2044/1944 1947/2047/1947 1946/2046/1946 1945/2045/1945
f 1780/1867/1780 1783/1870/1783 1948/2048/1948 1949/2049/1949
f 1788/1875/1788 1950/2050/1950 1948/2048/1948 1783/1870/1783
f 1951/2051/1951 1952/2052/1952 1948/2048/1948 1950/2050/1950
f 1953/2053/1953 1949/2049/1949 1948/2048/1948 1952/2052/1952
f 1801/1888/1801 1954/2054/1954 1955/2055/1955 1802/1889/1802
f 1956/2056/1956 1957/2057/1957 1955/2055/1955 1954/2054/1954
f 1951/2051/1951 1950/2050/1950 1955/2055/1955 1957/2057/1957
f 1788/1875/1788 1802/1889/1802 1955/2055/1955 1950/2050/1950
f 1924/2024/1924 1947/2047/1947 1958/2058/1958 1959/2059/1959
f 1944/2044/1944 1960/2060/1960 1958/2058/1958 1947/2047/1947
f 1951/2051/1951 1957/2057/1957 1958/2058/1958 1960/2060/1960
f 1956/2056/1956 1959/2059/1959 1958/2058/1958 1957/2057/1957
f 1940/2040/1940 1961/2061/1961 1962/2062/1962 1941/2041/1941
f 1953/2053/1953 1952/2052/1952 1962/2062/1962 1961/2061/1961
f 1951/2051/1951 1960/2060/1960 1962/2062/1962 1952/2052/1952
f 1944/2044/1944 1941/2041/1941 1962/2062/1962 1960/2060/1960
f 1801/1888/1801 1849/1948/1849 1963/2063/1963 1954/2054/1954
f 1846/1945/1846 1964/2064/1964 1963/2063/1963 1849/1948/1849
f 1965/2065/1965 1966/2066/1966 1963/2063/1963 1964/2064/1964
f 1956/2056/1956 1954/2054/1954 1963/2063/1963 1966/2066/1966
f 1547/1634/1547 1550/1637/1550 1967/2067/1967 1844/1943/1844
f 1555/1642/1555 1968/2068/1968 1967/2067/1967 1550/1637/1550
f 1965/2065/1965 1964/2064/1964 1967/2067/1967 1968/2068/1968
f 1846/1945/1846 1844/1943/1844 1967/2067/1967 1964/2064/1964
f 1568/1655/1568 1931/2031/1931 1969/2069/1969 1569/1656/1569
f 1928/2028/1928 1970/2070/1970 1969/2069/1969 1931/2031/1931
f 1965/2065/1965 1968/2068/1968 1969/2069/1969 1970/2070/1970
f 1555/1642/1555 1569/1656/1569 1969/2069/1969 1968/2068/1968
f 1924/2024/1924 1959/2059/1959 1971/2071/1971 1925/2025/1925
f 1956/2056/1956 1966/2066/1966 1971/2071/1971 1959/2059/1959
f 1965/2065/1965 1970/2070/1970 1971/2071/1971 1966/2066/1966
f 1928/2028/1928 1925/2025/1925 1971/2071/1971 1970/2070/1970
f 1972/2072/1972 1973/2073/1973 1974/2074/1974 1975/2075/1975
f 1976/2076/1976 1977/2077/1977 1974/2074/1974 1973/2073/1973
f 1978/2078/1978 1979/2079/1979 1974/2074/1974 1977/2077/1977
f 1980/2080/1980 1975/2075/1975 1974/2074/1974 1979/2079/1979
f 1981/2081/1981 1982/2082/1982 1983/2083/1983 1984/2084/1984
f 1985/2085/1985 1986/2086/1986 1983/2083/1983 1982/2082/1982
f 1978/2078/1978 1977/2077/1977 1983/2083/1983 1986/2086/1986
f 1976/2076/1976 1984/2084/1984 1983/2083/1983 1977/2077/1977
f 1987/2087/1987 1988/2088/1988 1989/2089/1989 1990/2090/1990
f 1991/2091/1991 1992/2092/1992 1989/2089/1989 1988/2088/1988
f 1978/2078/1978 1986/2086/1986 1989/2089/1989 1992/2092/1992
f 1985/2085/1985 1990/2090/1990 1989/2089/1989 1986/2086/1986
f 1993/2093/1993 1994/2094/1994 1995/2095/1995 1996/2096/1996
f 1980/2080/1980 1979/2079/1979 1995/2095/1995 1994/2094/1994
f 1978/2078/1978 1992/2092/1992 1995/2095/1995 1979/2079/1979
f 1991/2091/1991 1996/2096/1996 1995/2095/1995 1992/2092/1992
f 1981/2081/1981 1997/2097/1997 1998/2098/1998 1982/2082/1982
f 1999/2099/1999 2000/2100/2000 1998/2098/1998 1997/2097/1997
f 2001/2101/2001 2002/2102/2002 1998/2098/1998 2000/2100/2000
f 1985/2085/1985 1982/2082/1982 1998/2098/1998 2002/2102/2002
f 2003/2103/2003 2004/2104/2004 2005/2105/2005 2006/2106/2006
f 2007/2107/2007 2008/2108/2008 2005/2105/2005 2004/2104/2004
f 2001/2101/2001 2000/2100/2000 2005/2105/2005 2008/2108/2008
f 1999/2099/1999 2006/2106/2006 2005/2105/2005 2000/2100/2000
f 2009/2109/2009 2010/2110/2010 2011/2111/2011 2012/2112/2012
f 2013/2113/2013 2014/2114/2014 2011/2111/2011 2010/2110/2010
f 2001/2101/2001 2008/2108/2008 2011/2111/2011 2014/2114/2014
f 2007/2107/2007 2012/2112/2012 2011/2111/2011 2008/2108/2008
f 1987/2087/1987 1990/2090/1990 2015/2115/2015 2016/2116/2016
f 1985/2085/1985 2002/2102/2002 2015/2115/2015 1990/2090/1990
f 2001/2101/2001 2014/2114/2014 2015/2115/2015 2002/2102/2002
f 2013/2113/2013 2016/2116/2016 2015/2115/2015 2014/2114/2014
f 1811/1901/1811 2017/2117/2017 2018/2118/2018 2019/2119/2019
f 2020/2120/2020 2021/2121/2021 2018/2118/2018 2017/2117/2017
f 2022/2122/2022 2023/2123/2023 2018/2118/2018 2021/2121/2021
f 2024/2124/2024 2019/2119/2019 2018/2118/2018 2023/2123/2023
f 2025/2125/2025 2026/2126/2026 2027/2127/2027 2028/2128/2028
f 2029/2129/2029 2030/2130/2030 2027/2127/2027 2026/2126/2026
f 2022/2122/2022 2021/2121/2021 2027/2127/2027 2030/2130/2030
f 2020/2120/2020 2028/2128/2028 2027/2127/2027 2021/2121/2021
f 1987/2087/1987 2016/2116/2016 2031/2131/2031 2032/2132/2032
f 2013/2113/2013 2033/2133/2033 2031/2131/2031 2016/2116/2016
f 2022/2122/2022 2030/2130/2030 2031/2131/2031 2033/2133/2033
f 2029/2129/2029 2032/2132/2032 2031/2131/2031 2030/2130/2030
f 2009/2109/2009 2034/2134/2034 2035/2135/2035 2010/2110/2010
f 2024/2124/2024 2023/2123/2023 2035/2135/2035 2034/2134/2034
f 2022/2122/2022 2033/2133/2033 2035/2135/2035 2023/2123/2023
f 2013/2113/2013 2010/2110/2010 2035/2135/2035 2033/2133/2033
f 2025/2125/2025 2036/2136/2036 2037/2137/2037 2026/2126/2026
f 2038/2138/2038 2039/2139/2039 2037/2137/2037 2036/2136/2036
f 2040/2140/2040 2041/2141/2041 2037/2137/2037 2039/2139/2039
f 2029/2129/2029 2026/2126/2026 2037/2137/2037 2041/2141/2041
f 1537/2142/1537 2042/2143/2042 2043/2144/2043 2044/2145/2044
f 2045/2146/2045 2046/2147/2046 2043/2144/2043 2042/2143/2042
f 2040/2140/2040 2039/2139/2039 2043/2144/2043 2046/2147/2046
f 2038/2138/2038 2044/2145/2044 2043/2144/2043 2039/2139/2039
f 1993/2093/1993 1996/2096/1996 2047/2148/2047 2048/2149/2048
f 1991/2091/1991 2049/2150/2049 2047/2148/2047 1996/2096/1996
f 2040/2140/2040 2046/2147/2046 2047/2148/2047 2049/2150/2049
f 2045/2146/2045 2048/2149/2048 2047/2148/2047 2046/2147/2046
f 1987/2087/1987 2032/2132/2032 2050/2151/2050 1988/2088/1988
f 2029/2129/2029 2041/2141/2041 2050/2151/2050 2032/2132/2032
f 2040/2140/2040 2049/2150/2049 2050/2151/2050 2041/2141/2041
f 1991/2091/1991 1988/2088/1988 2050/2151/2050 2049/2150/2049
f 1770/1857/1770 1911/2011/1911 2051/2152/2051 2052/2153/2052
f 1906/2006/1906 2053/2154/2053 2051/2152/2051 1911/2011/1911
f 2054/2155/2054 2055/2156/2055 2051/2152/2051 2053/2154/2053
f 2056/2157/2056 2052/2153/2052 2051/2152/2051 2055/2156/2055
f 1893/1993/1893 2057/2158/2057 2058/2159/2058 1904/2004/1904
f 2059/2160/2059 2060/2161/2060 2058/2159/2058 2057/2158/2057
f 2054/2155/2054 2053/2154/2053 2058/2159/2058 2060/2161/2060
f 1906/2006/1906 1904/2004/1904 2058/2159/2058 2053/2154/2053
f 2061/2162/2061 2062/2163/2062 2063/2164/2063 2064/2165/2064
f 2065/2166/2065 2066/2167/2066 2063/2164/2063 2062/2163/2062
f 2054/2155/2054 2060/2161/2060 2063/2164/2063 2066/2167/2066
f 2059/2160/2059 2064/2165/2064 2063/2164/2063 2060/2161/2060
f 2067/2168/2067 2068/2169/2068 2069/2170/2069 2070/2171/2070
f 2056/2157/2056 2055/2156/2055 2069/2170/2069 2068/2169/2068
f 2054/2155/2054 2066/2167/2066 2069/2170/2069 2055/2156/2055
f 2065/2166/2065 2070/2171/2070 2069/2170/2069 2066/2167/2066
f 1893/1993/1893 1896/1996/1896 2071/2172/2071 2057/2158/2057
f 1888/1988/1888 2072/2173/2072 2071/2172/2071 1896/1996/1896
f 2073/2174/2073 2074/2175/2074 2071/2172/2071 2072/2173/2072
f 2059/2160/2059 2057/2158/2057 2071/2172/2071 2074/2175/2074
f 1884/1984/1884 2075/2176/2075 2076/2177/2076 1885/1985/1885
f 2077/2178/2077 2078/2179/2078 2076/2177/2076 2075/2176/2075
f 2073/2174/2073 2072/2173/2072 2076/2177/2076 2078/2179/2078
f 1888/1988/1888 1885/1985/1885 2076/2177/2076 2072/2173/2072
f 2079/2180/2079 2080/2181/2080 2081/2182/2081 2082/2183/2082
f 2083/2184/2083 2084/2185/2084 2081/2182/2081 2080/2181/2080
f 2073/2174/2073 2078/2179/2078 2081/2182/2081 2084/2185/2084
f 2077/2178/2077 2082/2183/2082 2081/2182/2081 2078/2179/2078
f 2061/2162/2061 2064/2165/2064 2085/2186/2085 2086/2187/2086
f 2059/2160/2059 2074/2175/2074 2085/2186/2085 2064/2165/2064
f 2073/2174/2073 2084/2185/2084 2085/2186/2085 2074/2175/2074
f 2083/2184/2083 2086/2187/2086 2085/2186/2085 2084/2185/2084
f 626/640/626 629/643/629 2087/2188/2087 2088/2189/2088
f 634/648/634 2089/2190/2089 2087/2188/2087 629/643/629
f 2090/2191/2090 2091/2192/2091 2087/2188/2087 2089/2190/2089
f 2092/2193/2092 2088/2189/2088 2087/2188/2087 2091/2192/2091
f 618/632/618 2093/2194/2093 2094/2195/2094 644/658/644
f 2095/2196/2095 2096/2197/2096 2094/2195/2094 2093/2194/2093
f 2090/2191/2090 2089/2190/2089 2094/2195/2094 2096/2197/2096
f 634/648/634 644/658/644 2094/2195/2094 2089/2190/2089
f 2061/2162/2061 2086/2187/2086 2097/2198/2097 2098/2199/2098
f 2083/2184/2083 2099/2200/2099 2097/2198/2097 2086/2187/2086
f 2090/2191/2090 2096/2197/2096 2097/2198/2097 2099/2200/2099
f 2095/2196/2095 2098/2199/2098 2097/2198/2097 2096/2197/2096
f 2079/2180/2079 2100/2201/2100 2101/2202/2101 2080/2181/2080
f 2092/2193/2092 2091/2192/2091 2101/2202/2101 2100/2201/2100
f 2090/2191/2090 2099/2200/2099 2101/2202/2101 2091/2192/2091
f 2083/2184/2083 2080/2181/2080 2101/2202/2101 2099/2200/2099
f 618/632/618 621/635/621 2102/2203/2102 2093/2194/2093
f 616/630/616 2103/2204/2103 2102/2203/2102 621/635/621
f 2104/2205/2104 2105/2206/2105 2102/2203/2102 2103/2204/2103
f 2095/2196/2095 2093/2194/2093 2102/2203/2102 2105/2206/2105
f 612/626/612 2106/2207/2106 2107/2208/2107 613/627/613
f 2108/2209/2108 2109/2210/2109 2107/2208/2107 2106/2207/2106
f 2104/2205/2104 2103/2204/2103 2107/2208/2107 2109/2210/2109
f 616/630/616 613/627/613 2107/2208/2107 2103/2204/2103
f 2067/2168/2067 2070/2171/2070 2110/2211/2110 2111/2212/2111
f 2065/2166/2065 2112/2213/2112 2110/2211/2110 2070/2171/2070
f 2104/2205/2104 2109/2210/2109 2110/2211/2110 2112/2213/2112
f 2108/2209/2108 2111/2212/2111 2110/2211/2110 2109/2210/2109
f 2061/2162/2061 2098/2199/2098 2113/2214/2113 2062/2163/2062
f 2095/2196/2095 2105/2206/2105 2113/2214/2113 2098/2199/2098
f 2104/2205/2104 2112/2213/2112 2113/2214/2113 2105/2206/2105
f 2065/2166/2065 2062/2163/2062 2113/2214/2113 2112/2213/2112
f 1497/1584/1497 1629/1716/1629 2114/2215/2114 2115/2216/2115
f 1633/1720/1633 2116/2217/2116 2114/2215/2114 1629/1716/1629
f 2117/2218/2117 2118/2219/2118 2114/2215/2114 2116/2217/2116
f 2119/2220/2119 2115/2216/2115 2114/2215/2114 2118/2219/2118
f 1644/1731/1644 2120/2221/2120 2121/2222/2121 1645/1732/1645
f 2122/2223/2122 2123/2224/2123 2121/2222/2121 2120/2221/2120
f 2117/2218/2117 2116/2217/2116 2121/2222/2121 2123/2224/2123
f 1633/1720/1633 1645/1732/1645 2121/2222/2121 2116/2217/2116
f 2124/2225/2124 2125/2226/2125 2126/2227/2126 2127/2228/2127
f 2128/2229/2128 2129/2230/2129 2126/2227/2126 2125/2226/2125
f 2117/2218/2117 2123/2224/2123 2126/2227/2126 2129/2230/2129
f 2122/2223/2122 2127/2228/2127 2126/2227/2126 2123/2224/2123
f 2130/2231/2130 2131/2232/2131 2132/2233/2132 2133/2234/2133
f 2119/2220/2119 2118/2219/2118 2132/2233/2132 2131/2232/2131
f 2117/2218/2117 2129/2230/2129 2132/2233/2132 2118/2219/2118
f 2128/2229/2128 2133/2234/2133 2132/2233/2132 2129/2230/2129
f 1644/1731/1644 1697/1784/1697 2134/2235/2134 2120/2221/2120
f 1694/1781/1694 2135/2236/2135 2134/2235/2134 1697/1784/1697
f 2136/2237/2136 2137/2238/2137 2134/2235/2134 2135/2236/2135
f 2122/2223/2122 2120/2221/2120 2134/2235/2134 2137/2238/2137
f 1690/1777/1690 2138/2239/2138 2139/2240/2139 1691/1778/1691
f 2140/2241/2140 2141/2242/2141 2139/2240/2139 2138/2239/2138
f 2136/2237/2136 2135/2236/2135 2139/2240/2139 2141/2242/2141
f 1694/1781/1694 1691/1778/1691 2139/2240/2139 2135/2236/2135
f 2142/2243/2142 2143/2244/2143 2144/2245/2144 2145/2246/2145
f 2146/2247/2146 2147/2248/2147 2144/2245/2144 2143/2244/2143
f 2136/2237/2136 2141/2242/2141 2144/2245/2144 2147/2248/2147
f 2140/2241/2140 2145/2246/2145 2144/2245/2144 2141/2242/2141
f 2124/2225/2124 2127/2228/2127 2148/2249/2148 2149/2250/2149
f 2122/2223/2122 2137/2238/2137 2148/2249/2148 2127/2228/2127
f 2136/2237/2136 2147/2248/2147 2148/2249/2148 2137/2238/2137
f 2146/2247/2146 2149/2250/2149 2148/2249/2148 2147/2248/2147
f 698/712/698 701/715/701 2150/2251/2150 2151/2252/2151
f 706/720/706 2152/2253/2152 2150/2251/2150 701/715/701
f 2153/2254/2153 2154/2255/2154 2150/2251/2150 2152/2253/2152
f 2155/2256/2155 2151/2252/2151 2150/2251/2150 2154/2255/2154
f 690/704/690 2156/2257/2156 2157/2258/2157 716/730/716
f 2158/2259/2158 2159/2260/2159 2157/2258/2157 2156/2257/2156
f 2153/2254/2153 2152/2253/2152 2157/2258/2157 2159/2260/2159
f 706/720/706 716/730/716 2157/2258/2157 2152/2253/2152
f 2124/2225/2124 2149/2250/2149 2160/2261/2160 2161/2262/2161
f 2146/2247/2146 2162/2263/2162 2160/2261/2160 2149/2250/2149
f 2153/2254/2153 2159/2260/2159 2160/2261/2160 2162/2263/2162
f 2158/2259/2158 2161/2262/2161 2160/2261/2160 2159/2260/2159
f 2142/2243/2142 2163/2264/2163 2164/2265/2164 2143/2244/2143
f 2155/2256/2155 2154/2255/2154 2164/2265/2164 2163/2264/2163
f 2153/2254/2153 2162/2263/2162 2164/2265/2164 2154/2255/2154
f 2146/2247/2146 2143/2244/2143 2164/2265/2164 2162/2263/2162
f 690/704/690 693/707/693 2165/2266/2165 2156/2257/2156
f 688/702/688 2166/2267/2166 2165/2266/2165 693/707/693
f 2167/2268/2167 2168/2269/2168 2165/2266/2165 2166/2267/2166
f 2158/2259/2158 2156/2257/2156 2165/2266/2165 2168/2269/2168
f 684/698/684 2169/2270/2169 2170/2271/2170 685/699/685
f 2171/2272/2171 2172/2273/2172 2170/2271/2170 2169/2270/2169
f 2167/2268/2167 2166/2267/2166 2170/2271/2170 2172/2273/2172
f 688/702/688 685/699/685 2170/2271/2170 2166/2267/2166
f 2130/2231/2130 2133/2234/2133 2173/2274/2173 2174/2275/2174
f 2128/2229/2128 2175/2276/2175 2173/2274/2173 2133/2234/2133
f 2167/2268/2167 2172/2273/2172 2173/2274/2173 2175/2276/2175
f 2171/2272/2171 2174/2275/2174 2173/2274/2173 2172/2273/2172
f 2124/2225/2124 2161/2262/2161 2176/2277/2176 2125/2226/2125
f 2158/2259/2158 2168/2269/2168 2176/2277/2176 2161/2262/2161
f 2167/2268/2167 2175/2276/2175 2176/2277/2176 2168/2269/2168
f 2128/2229/2128 2125/2226/2125 2176/2277/2176 2175/2276/2175
f 1700/1787/1700 1703/1790/1703 2177/2278/2177 2178/2279/2178
f 1708/1795/1708 2179/2280/2179 2177/2278/2177 1703/1790/1703
f 2180/2281/2180 2181/2282/2181 2177/2278/2177 2179/2280/2179
f 2182/2283/2182 2178/2279/2178 2177/2278/2177 2181/2282/2181
f 1721/1808/1721 2183/2284/2183 2184/2285/2184 1722/1809/1722
f 2185/2286/2185 2186/2287/2186 2184/2285/2184 2183/2284/2183
f 2180/2281/2180 2179/2280/2179 2184/2285/2184 2186/2287/2186
f 1708/1795/1708 1722/1809/1722 2184/2285/2184 2179/2280/2179
f 2187/2288/2187 2188/2289/2188 2189/2290/2189 2190/2291/2190
f 2191/2292/2191 2192/2293/2192 2189/2290/2189 2188/2289/2188
f 2180/2281/2180 2186/2287/2186 2189/2290/2189 2192/2293/2192
f 2185/2286/2185 2190/2291/2190 2189/2290/2189 2186/2287/2186
f 2193/2294/2193 2194/2295/2194 2195/2296/2195 2196/2297/2196
f 2182/2283/2182 2181/2282/2181 2195/2296/2195 2194/2295/2194
f 2180/2281/2180 2192/2293/2192 2195/2296/2195 2181/2282/2181
f 2191/2292/2191 2196/2297/2196 2195/2296/2195 2192/2293/2192
f 1721/1808/1721 1777/1864/1777 2197/2298/2197 2183/2284/2183
f 1774/1861/1774 2198/2299/2198 2197/2298/2197 1777/1864/1777
f 2199/2300/2199 2200/2301/2200 2197/2298/2197 2198/2299/2198
f 2185/2286/2185 2183/2284/2183 2197/2298/2197 2200/2301/2200
f 1770/1857/1770 2052/2153/2052 2201/2302/2201 1771/1858/1771
f 2056/2157/2056 2202/2303/2202 2201/2302/2201 2052/2153/2052
f 2199/2300/2199 2198/2299/2198 2201/2302/2201 2202/2303/2202
f 1774/1861/1774 1771/1858/1771 2201/2302/2201 2198/2299/2198
f 2067/2168/2067 2203/2304/2203 2204/2305/2204 2068/2169/2068
f 2205/2306/2205 2206/2307/2206 2204/2305/2204 2203/2304/2203
f 2199/2300/2199 2202/2303/2202 2204/2305/2204 2206/2307/2206
f 2056/2157/2056 2068/2169/2068 2204/2305/2204 2202/2303/2202
f 2187/2288/2187 2190/2291/2190 2207/2308/2207 2208/2309/2208
f 2185/2286/2185 2200/2301/2200 2207/2308/2207 2190/2291/2190
f 2199/2300/2199 2206/2307/2206 2207/2308/2207 2200/2301/2200
f 2205/2306/2205 2208/2309/2208 2207/2308/2207 2206/2307/2206
f 612/626/612 771/785/771 2209/2310/2209 2106/2207/2106
f 775/789/775 2210/2311/2210 2209/2310/2209 771/785/771
f 2211/2312/2211 2212/2313/2212 2209/2310/2209 2210/2311/2210
f 2108/2209/2108 2106/2207/2106 2209/2310/2209 2212/2313/2212
f 762/776/762 2213/2314/2213 2214/2315/2214 783/797/783
f 2215/2316/2215 2216/2317/2216 2214/2315/2214 2213/2314/2213
f 2211/2312/2211 2210/2311/2210 2214/2315/2214 2216/2317/2216
f 775/789/775 783/797/783 2214/2315/2214 2210/2311/2210
f 2187/2288/2187 2208/2309/2208 2217/2318/2217 2218/2319/2218
f 2205/2306/2205 2219/2320/2219 2217/2318/2217 2208/2309/2208
f 2211/2312/2211 2216/2317/2216 2217/2318/2217 2219/2320/2219
f 2215/2316/2215 2218/2319/2218 2217/2318/2217 2216/2317/2216
f 2067/2168/2067 2111/2212/2111 2220/2321/2220 2203/2304/2203
f 2108/2209/2108 2212/2313/2212 2220/2321/2220 2111/2212/2111
f 2211/2312/2211 2219/2320/2219 2220/2321/2220 2212/2313/2212
f 2205/2306/2205 2203/2304/2203 2220/2321/2220 2219/2320/2219
f 762/776/762 765/779/765 2221/2322/2221 2213/2314/2213
f 760/774/760 2222/2323/2222 2221/2322/2221 765/779/765
f 2223/2324/2223 2224/2325/2224 2221/2322/2221 2222/2323/2222
f 2215/2316/2215 2213/2314/2213 2221/2322/2221 2224/2325/2224
f 756/770/756 2225/2326/2225 2226/2327/2226 757/771/757
f 2227/2328/2227 2228/2329/2228 2226/2327/2226 2225/2326/2225
f 2223/2324/2223 2222/2323/2222 2226/2327/2226 2228/2329/2228
f 760/774/760 757/771/757 2226/2327/2226 2222/2323/2222
f 2193/2294/2193 2196/2297/2196 2229/2330/2229 2230/2331/2230
f 2191/2292/2191 2231/2332/2231 2229/2330/2229 2196/2297/2196
f 2223/2324/2223 2228/2329/2228 2229/2330/2229 2231/2332/2231
f 2227/2328/2227 2230/2331/2230 2229/2330/2229 2228/2329/2228
f 2187/2288/2187 2218/2319/2218 2232/2333/2232 2188/2289/2188
f 2215/2316/2215 2224/2325/2224 2232/2333/2232 2218/2319/2218
f 2223/2324/2223 2231/2332/2231 2232/2333/2232 2224/2325/2224
f 2191/2292/2191 2188/2289/2188 2232/2333/2232 2231/2332/2231
f 2233/2334/2233 2234/2335/2234 2235/2336/2235 2236/2337/2236
f 2237/2338/2237 2238/2339/2238 2235/2336/2235 2234/2335/2234
f 2239/2340/2239 2240/2341/2240 2235/2336/2235 2238/2339/2238
f 2241/2342/2241 2236/2337/2236 2235/2336/2235 2240/2341/2240
f 2242/2343/2242 2243/2344/2243 2244/2345/2244 2245/2346/2245
f 2246/2347/2246 2247/2348/2247 2244/2345/2244 2243/2344/2243
f 2239/2340/2239 2238/2339/2238 2244/2345/2244 2247/2348/2247
f 2237/2338/2237 2245/2346/2245 2244/2345/2244 2238/2339/2238
f 2248/2349/2248 2249/2350/2249 2250/2351/2250 2251/2352/2251
f 2252/2353/2252 2253/2354/2253 2250/2351/2250 2249/2350/2249
f 2239/2340/2239 2247/2348/2247 2250/2351/2250 2253/2354/2253
f 2246/2347/2246 2251/2352/2251 2250/2351/2250 2247/2348/2247
f 2254/2355/2254 2255/2356/2255 2256/2357/2256 2257/2358/2257
f 2241/2342/2241 2240/2341/2240 2256/2357/2256 2255/2356/2255
f 2239/2340/2239 2253/2354/2253 2256/2357/2256 2240/2341/2240
f 2252/2353/2252 2257/2358/2257 2256/2357/2256 2253/2354/2253
f 2242/2343/2242 2258/2359/2258 2259/2360/2259 2243/2344/2243
f 2260/2361/2260 2261/2362/2261 2259/2360/2259 2258/2359/2258
f 2262/2363/2262 2263/2364/2263 2259/2360/2259 2261/2362/2261
f 2246/2347/2246 2243/2344/2243 2259/2360/2259 2263/2364/2263
f 1511/2365/1511 2264/2366/2264 2265/2367/2265 2266/2368/2266
f 2267/2369/2267 2268/2370/2268 2265/2367/2265 2264/2366/2264
f 2262/2363/2262 2261/2362/2261 2265/2367/2265 2268/2370/2268
f 2260/2361/2260 2266/2368/2266 2265/2367/2265 2261/2362/2261
f 2269/2371/2269 2270/2372/2270 2271/2373/2271 2272/2374/2272
f 2273/2375/2273 2274/2376/2274 2271/2373/2271 2270/2372/2270
f 2262/2363/2262 2268/2370/2268 2271/2373/2271 2274/2376/2274
f 2267/2369/2267 2272/2374/2272 2271/2373/2271 2268/2370/2268
f 2248/2349/2248 2251/2352/2251 2275/2377/2275 2276/2378/2276
f 2246/2347/2246 2263/2364/2263 2275/2377/2275 2251/2352/2251
f 2262/2363/2262 2274/2376/2274 2275/2377/2275 2263/2364/2263
f 2273/2375/2273 2276/2378/2276 2275/2377/2275 2274/2376/2274
f 839/853/839 842/856/842 2277/2379/2277 2278/2380/2278
f 847/861/847 2279/2381/2279 2277/2379/2277 842/856/842
f 2280/2382/2280 2281/2383/2281 2277/2379/2277 2279/2381/2279
f 2282/2384/2282 2278/2380/2278 2277/2379/2277 2281/2383/2281
f 831/845/831 2283/2385/2283 2284/2386/2284 857/871/857
f 2285/2387/2285 2286/2388/2286 2284/2386/2284 2283/2385/2283
f 2280/2382/2280 2279/2381/2279 2284/2386/2284 2286/2388/2286
f 847/861/847 857/871/857 2284/2386/2284 2279/2381/2279
f 2248/2349/2248 2276/2378/2276 2287/2389/2287 2288/2390/2288
f 2273/2375/2273 2289/2391/2289 2287/2389/2287 2276/2378/2276
f 2280/2382/2280 2286/2388/2286 2287/2389/2287 2289/2391/2289
f 2285/2387/2285 2288/2390/2288 2287/2389/2287 2286/2388/2286
f 2269/2371/2269 2290/2392/2290 2291/2393/2291 2270/2372/2270
f 2282/2384/2282 2281/2383/2281 2291/2393/2291 2290/2392/2290
f 2280/2382/2280 2289/2391/2289 2291/2393/2291 2281/2383/2281
f 2273/2375/2273 2270/2372/2270 2291/2393/2291 2289/2391/2289
f 831/845/831 834/848/834 2292/2394/2292 2283/2385/2283
f 829/843/829 2293/2395/2293 2292/2394/2292 834/848/834
f 2294/2396/2294 2295/2397/2295 2292/2394/2292 2293/2395/2293
f 2285/2387/2285 2283/2385/2283 2292/2394/2292 2295/2397/2295
f 825/839/825 2296/2398/2296 2297/2399/2297 826/840/826
f 2298/2400/2298 2299/2401/2299 2297/2399/2297 2296/2398/2296
f 2294/2396/2294 2293/2395/2293 2297/2399/2297 2299/2401/2299
f 829/843/829 826/840/826 2297/2399/2297 2293/2395/2293
f 2254/2355/2254 2257/2358/2257 2300/2402/2300 2301/2403/2301
f 2252/2353/2252 2302/2404/2302 2300/2402/2300 2257/2358/2257
f 2294/2396/2294 2299/2401/2299 2300/2402/2300 2302/2404/2302
f 2298/2400/2298 2301/2403/2301 2300/2402/2300 2299/2401/2299
f 2248/2349/2248 2288/2390/2288 2303/2405/2303 2249/2350/2249
f 2285/2387/2285 2295/2397/2295 2303/2405/2303 2288/2390/2288
f 2294/2396/2294 2302/2404/2302 2303/2405/2303 2295/2397/2295
f 2252/2353/2252 2249/2350/2249 2303/2405/2303 2302/2404/2302
f 698/712/698 2151/2252/2151 2304/2406/2304 874/889/874
f 2155/2256/2155 2305/2407/2305 2304/2406/2304 2151/2252/2151
f 2306/2408/2306 2307/2409/2307 2304/2406/2304 2305/2407/2305
f 876/891/876 874/889/874 2304/2406/2304 2307/2409/2307
f 2142/2243/2142 2308/2410/2308 2309/2411/2309 2163/2264/2163
f 2310/2412/2310 2311/2413/2311 2309/2411/2309 2308/2410/2308
f 2306/2408/2306 2305/2407/2305 2309/2411/2309 2311/2413/2311
f 2155/2256/2155 2163/2264/2163 2309/2411/2309 2305/2407/2305
f 2312/2414/2312 2313/2415/2313 2314/2416/2314 2315/2417/2315
f 2316/2418/2316 2317/2419/2317 2314/2416/2314 2313/2415/2313
f 2306/2408/2306 2311/2413/2311 2314/2416/2314 2317/2419/2317
f 2310/2412/2310 2315/2417/2315 2314/2416/2314 2311/2413/2311
f 880/895/880 883/898/883 2318/2420/2318 2319/2421/2319
f 876/891/876 2307/2409/2307 2318/2420/2318 883/898/883
f 2306/2408/2306 2317/2419/2317 2318/2420/2318 2307/2409/2307
f 2316/2418/2316 2319/2421/2319 2318/2420/2318 2317/2419/2317
f 2142/2243/2142 2145/2246/2145 2320/2422/2320 2308/2410/2308
f 2140/2241/2140 2321/2423/2321 2320/2422/2320 2145/2246/2145
f 2322/2424/2322 2323/2425/2323 2320/2422/2320 2321/2423/2321
f 2310/2412/2310 2308/2410/2308 2320/2422/2320 2323/2425/2323
f 1690/1777/1690 2324/2426/2324 2325/2427/2325 2138/2239/2138
f 2326/2428/2326 2327/2429/2327 2325/2427/2325 2324/2426/2324
f 2322/2424/2322 2321/2423/2321 2325/2427/2325 2327/2429/2327
f 2140/2241/2140 2138/2239/2138 2325/2427/2325 2321/2423/2321
f 2328/2430/2328 2329/2431/2329 2330/2432/2330 2331/2433/2331
f 2332/2434/2332 2333/2435/2333 2330/2432/2330 2329/2431/2329
f 2322/2424/2322 2327/2429/2327 2330/2432/2330 2333/2435/2333
f 2326/2428/2326 2331/2433/2331 2330/2432/2330 2327/2429/2327
f 2312/2414/2312 2315/2417/2315 2334/2436/2334 2335/2437/2335
f 2310/2412/2310 2323/2425/2323 2334/2436/2334 2315/2417/2315
f 2322/2424/2322 2333/2435/2333 2334/2436/2334 2323/2425/2323
f 2332/2434/2332 2335/2437/2335 2334/2436/2334 2333/2435/2333
f 1700/1787/1700 2178/2279/2178 2336/2438/2336 2337/2439/2337
f 2182/2283/2182 2338/2440/2338 2336/2438/2336 2178/2279/2178
f 2339/2441/2339 2340/2442/2340 2336/2438/2336 2338/2440/2338
f 2341/2443/2341 2337/2439/2337 2336/2438/2336 2340/2442/2340
f 2193/2294/2193 2342/2444/2342 2343/2445/2343 2194/2295/2194
f 2344/2446/2344 2345/2447/2345 2343/2445/2343 2342/2444/2342
f 2339/2441/2339 2338/2440/2338 2343/2445/2343 2345/2447/2345
f 2182/2283/2182 2194/2295/2194 2343/2445/2343 2338/2440/2338
f 2312/2414/2312 2335/2437/2335 2346/2448/2346 2347/2449/2347
f 2332/2434/2332 2348/2450/2348 2346/2448/2346 2335/2437/2335
f 2339/2441/2339 2345/2447/2345 2346/2448/2346 2348/2450/2348
f 2344/2446/2344 2347/2449/2347 2346/2448/2346 2345/2447/2345
f 2328/2430/2328 2349/2451/2349 2350/2452/2350 2329/2431/2329
f 2341/2443/2341 2340/2442/2340 2350/2452/2350 2349/2451/2349
f 2339/2441/2339 2348/2450/2348 2350/2452/2350 2340/2442/2340
f 2332/2434/2332 2329/2431/2329 2350/2452/2350 2348/2450/2348
f 2193/2294/2193 2230/2331/2230 2351/2453/2351 2342/2444/2342
f 2227/2328/2227 2352/2454/2352 2351/2453/2351 2230/2331/2230
f 2353/2455/2353 2354/2456/2354 2351/2453/2351 2352/2454/2352
f 2344/2446/2344 2342/2444/2342 2351/2453/2351 2354/2456/2354
f 756/770/756 901/916/901 2355/2457/2355 2225/2326/2225
f 896/911/896 2356/2458/2356 2355/2457/2355 901/916/901
f 2353/2455/2353 2352/2454/2352 2355/2457/2355 2356/2458/2356
f 2227/2328/2227 2225/2326/2225 2355/2457/2355 2352/2454/2352
f 880/895/880 2319/2421/2319 2357/2459/2357 894/909/894
f 2316/2418/2316 2358/2460/2358 2357/2459/2357 2319/2421/2319
f 2353/2455/2353 2356/2458/2356 2357/2459/2357 2358/2460/2358
f 896/911/896 894/909/894 2357/2459/2357 2356/2458/2356
f 2312/2414/2312 2347/2449/2347 2359/2461/2359 2313/2415/2313
f 2344/2446/2344 2354/2456/2354 2359/2461/2359 2347/2449/2347
f 2353/2455/2353 2358/2460/2358 2359/2461/2359 2354/2456/2354
f 2316/2418/2316 2313/2415/2313 2359/2461/2359 2358/2460/2358
f 1690/1777/1690 1693/1780/1693 2360/2462/2360 2324/2426/2324
f 1686/1773/1686 2361/2463/2361 2360/2462/2360 1693/1780/1693
f 2362/2464/2362 2363/2465/2363 2360/2462/2360 2361/2463/2361
f 2326/2428/2326 2324/2426/2324 2360/2462/2360 2363/2465/2363
f 1673/1760/1673 2364/2466/2364 2365/2467/2365 1684/1771/1684
f 2366/2468/2366 2367/2469/2367 2365/2467/2365 2364/2466/2364
f 2362/2464/2362 2361/2463/2361 2365/2467/2365 2367/2469/2367
f 1686/1773/1686 1684/1771/1684 2365/2467/2365 2361/2463/2361
f 2368/2470/2368 2369/2471/2369 2370/2472/2370 2371/2473/2371
f 2372/2474/2372 2373/2475/2373 2370/2472/2370 2369/2471/2369
f 2362/2464/2362 2367/2469/2367 2370/2472/2370 2373/2475/2373
f 2366/2468/2366 2371/2473/2371 2370/2472/2370 2367/2469/2367
f 2328/2430/2328 2331/2433/2331 2374/2476/2374 2375/2477/2375
f 2326/2428/2326 2363/2465/2363 2374/2476/2374 2331/2433/2331
f 2362/2464/2362 2373/2475/2373 2374/2476/2374 2363/2465/2363
f 2372/2474/2372 2375/2477/2375 2374/2476/2374 2373/2475/2373
f 1673/1760/1673 1676/1763/1676 2376/2478/2376 2364/2466/2364
f 1668/1755/1668 2377/2479/2377 2376/2478/2376 1676/1763/1676
f 2378/2480/2378 2379/2481/2379 2376/2478/2376 2377/2479/2377
f 2366/2468/2366 2364/2466/2364 2376/2478/2376 2379/2481/2379
f 1664/1751/1664 2380/2482/2380 2381/2483/2381 1665/1752/1665
f 2382/2484/2382 2383/2485/2383 2381/2483/2381 2380/2482/2380
f 2378/2480/2378 2377/2479/2377 2381/2483/2381 2383/2485/2383
f 1668/1755/1668 1665/1752/1665 2381/2483/2381 2377/2479/2377
f 2384/2486/2384 2385/2487/2385 2386/2488/2386 2387/2489/2387
f 2388/2490/2388 2389/2491/2389 2386/2488/2386 2385/2487/2385
f 2378/2480/2378 2383/2485/2383 2386/2488/2386 2389/2491/2389
f 2382/2484/2382 2387/2489/2387 2386/2488/2386 2383/2485/2383
f 2368/2470/2368 2371/2473/2371 2390/2492/2390 2391/2493/2391
f 2366/2468/2366 2379/2481/2379 2390/2492/2390 2371/2473/2371
f 2378/2480/2378 2389/2491/2389 2390/2492/2390 2379/2481/2379
f 2388/2490/2388 2391/2493/2391 2390/2492/2390 2389/2491/2389
f 1731/1818/1731 1734/1821/1734 2392/2494/2392 2393/2495/2393
f 1727/1814/1727 2394/2496/2394 2392/2494/2392 1734/1821/1734
f 2395/2497/2395 2396/2498/2396 2392/2494/2392 2394/2496/2394
f 2397/2499/2397 2393/2495/2393 2392/2494/2392 2396/2498/2396
f 1709/1796/1709 2398/2500/2398 2399/2501/2399 1725/1812/1725
f 2400/2502/2400 2401/2503/2401 2399/2501/2399 2398/2500/2398
f 2395/2497/2395 2394/2496/2394 2399/2501/2399 2401/2503/2401
f 1727/1814/1727 1725/1812/1725 2399/2501/2399 2394/2496/2394
f 2368/2470/2368 2391/2493/2391 2402/2504/2402 2403/2505/2403
f 2388/2490/2388 2404/2506/2404 2402/2504/2402 2391/2493/2391
f 2395/2497/2395 2401/2503/2401 2402/2504/2402 2404/2506/2404
f 2400/2502/2400 2403/2505/2403 2402/2504/2402 2401/2503/2401
f 2384/2486/2384 2405/2507/2405 2406/2508/2406 2385/2487/2385
f 2397/2499/2397 2396/2498/2396 2406/2508/2406 2405/2507/2405
f 2395/2497/2395 2404/2506/2404 2406/2508/2406 2396/2498/2396
f 2388/2490/2388 2385/2487/2385 2406/2508/2406 2404/2506/2404
f 1709/1796/1709 1712/1799/1712 2407/2509/2407 2398/2500/2398
f 1704/1791/1704 2408/2510/2408 2407/2509/2407 1712/1799/1712
f 2409/2511/2409 2410/2512/2410 2407/2509/2407 2408/2510/2408
f 2400/2502/2400 2398/2500/2398 2407/2509/2407 2410/2512/2410
f 1700/1787/1700 2337/2439/2337 2411/2513/2411 1701/1788/1701
f 2341/2443/2341 2412/2514/2412 2411/2513/2411 2337/2439/2337
f 2409/2511/2409 2408/2510/2408 2411/2513/2411 2412/2514/2412
f 1704/1791/1704 1701/1788/1701 2411/2513/2411 2408/2510/2408
f 2328/2430/2328 2375/2477/2375 2413/2515/2413 2349/2451/2349
f 2372/2474/2372 2414/2516/2414 2413/2515/2413 2375/2477/2375
f 2409/2511/2409 2412/2514/2412 2413/2515/2413 2414/2516/2414
f 2341/2443/2341 2349/2451/2349 2413/2515/2413 2412/2514/2412
f 2368/2470/2368 2403/2505/2403 2415/2517/2415 2369/2471/2369
f 2400/2502/2400 2410/2512/2410 2415/2517/2415 2403/2505/2403
f 2409/2511/2409 2414/2516/2414 2415/2517/2415 2410/2512/2410
f 2372/2474/2372 2369/2471/2369 2415/2517/2415 2414/2516/2414
f 1664/1751/1664 1667/1754/1667 2416/2518/2416 2380/2482/2380
f 1672/1759/1672 2417/2519/2417 2416/2518/2416 1667/1754/1667
f 2418/2520/2418 2419/2521/2419 2416/2518/2416 2417/2519/2417
f 2382/2484/2382 2380/2482/2380 2416/2518/2416 2419/2521/2419
f 1656/1743/1656 2420/2522/2420 2421/2523/2421 1682/1769/1682
f 2422/2524/2422 2423/2525/2423 2421/2523/2421 2420/2522/2420
f 2418/2520/2418 2417/2519/2417 2421/2523/2421 2423/2525/2423
f 1672/1759/1672 1682/1769/1682 2421/2523/2421 2417/2519/2417
f 2424/2526/2424 2425/2527/2425 2426/2528/2426 2427/2529/2427
f 2428/2530/2428 2429/2531/2429 2426/2528/2426 2425/2527/2425
f 2418/2520/2418 2423/2525/2423 2426/2528/2426 2429/2531/2429
f 2422/2524/2422 2427/2529/2427 2426/2528/2426 2423/2525/2423
f 2384/2486/2384 2387/2489/2387 2430/2532/2430 2431/2533/2431
f 2382/2484/2382 2419/2521/2419 2430/2532/2430 2387/2489/2387
f 2418/2520/2418 2429/2531/2429 2430/2532/2430 2419/2521/2419
f 2428/2530/2428 2431/2533/2431 2430/2532/2430 2429/2531/2429
f 1656/1743/1656 1659/1746/1659 2432/2534/2432 2420/2522/2420
f 1654/1741/1654 2433/2535/2433 2432/2534/2432 1659/1746/1659
f 2434/2536/2434 2435/2537/2435 2432/2534/2432 2433/2535/2433
f 2422/2524/2422 2420/2522/2420 2432/2534/2432 2435/2537/2435
f 1466/1553/1466 2436/2538/2436 2437/2539/2437 1652/1739/1652
f 2438/2540/2438 2439/2541/2439 2437/2539/2437 2436/2538/2436
f 2434/2536/2434 2433/2535/2433 2437/2539/2437 2439/2541/2439
f 1654/1741/1654 1652/1739/1652 2437/2539/2437 2433/2535/2433
f 2440/2542/2440 2441/2543/2441 2442/2544/2442 2443/2545/2443
f 2444/2546/2444 2445/2547/2445 2442/2544/2442 2441/2543/2441
f 2434/2536/2434 2439/2541/2439 2442/2544/2442 2445/2547/2445
f 2438/2540/2438 2443/2545/2443 2442/2544/2442 2439/2541/2439
f 2424/2526/2424 2427/2529/2427 2446/2548/2446 2447/2549/2447
f 2422/2524/2422 2435/2537/2435 2446/2548/2446 2427/2529/2427
f 2434/2536/2434 2445/2547/2445 2446/2548/2446 2435/2537/2435
f 2444/2546/2444 2447/2549/2447 2446/2548/2446 2445/2547/2445
f 1780/1867/1780 1949/2049/1949 2448/2550/2448 2449/2551/2449
f 1953/2053/1953 2450/2552/2450 2448/2550/2448 1949/2049/1949
f 2451/2553/2451 2452/2554/2452 2448/2550/2448 2450/2552/2450
f 2453/2555/2453 2449/2551/2449 2448/2550/2448 2452/2554/2452
f 1940/2040/1940 2454/2556/2454 2455/2557/2455 1961/2061/1961
f 2456/2558/2456 2457/2559/2457 2455/2557/2455 2454/2556/2454
f 2451/2553/2451 2450/2552/2450 2455/2557/2455 2457/2559/2457
f 1953/2053/1953 1961/2061/1961 2455/2557/2455 2450/2552/2450
f 2424/2526/2424 2447/2549/2447 2458/2560/2458 2459/2561/2459
f 2444/2546/2444 2460/2562/2460 2458/2560/2458 2447/2549/2447
f 2451/2553/2451 2457/2559/2457 2458/2560/2458 2460/2562/2460
f 2456/2558/2456 2459/2561/2459 2458/2560/2458 2457/2559/2457
f 2440/2542/2440 2461/2563/2461 2462/2564/2462 2441/2543/2441
f 2453/2555/2453 2452/2554/2452 2462/2564/2462 2461/2563/2461
f 2451/2553/2451 2460/2562/2460 2462/2564/2462 2452/2554/2452
f 2444/2546/2444 2441/2543/2441 2462/2564/2462 2460/2562/2460
f 1940/2040/1940 1943/2043/1943 2463/2565/2463 2454/2556/2454
f 1938/2038/1938 2464/2566/2464 2463/2565/2463 1943/2043/1943
f 2465/2567/2465 2466/2568/2466 2463/2565/2463 2464/2566/2464
f 2456/2558/2456 2454/2556/2454 2463/2565/2463 2466/2568/2466
f 1731/1818/1731 2393/2495/2393 2467/2569/2467 1936/2036/1936
f 2397/2499/2397 2468/2570/2468 2467/2569/2467 2393/2495/2393
f 2465/2567/2465 2464/2566/2464 2467/2569/2467 2468/2570/2468
f 1938/2038/1938 1936/2036/1936 2467/2569/2467 2464/2566/2464
f 2384/2486/2384 2431/2533/2431 2469/2571/2469 2405/2507/2405
f 2428/2530/2428 2470/2572/2470 2469/2571/2469 2431/2533/2431
f 2465/2567/2465 2468/2570/2468 2469/2571/2469 2470/2572/2470
f 2397/2499/2397 2405/2507/2405 2469/2571/2469 2468/2570/2468
f 2424/2526/2424 2459/2561/2459 2471/2573/2471 2425/2527/2425
f 2456/2558/2456 2466/2568/2466 2471/2573/2471 2459/2561/2459
f 2465/2567/2465 2470/2572/2470 2471/2573/2471 2466/2568/2466
f 2428/2530/2428 2425/2527/2425 2471/2573/2471 2470/2572/2470
f 1537/2574/1537 1540/2575/1540 2472/2576/2472 2042/2577/2042
f 1533/2578/1533 2473/2579/2473 2472/2576/2472 1540/2575/1540
f 2474/2580/2474 2475/2581/2475 2472/2576/2472 2473/2579/2473
f 2045/2582/2045 2042/2577/2042 2472/2576/2472 2475/2581/2475
f 1520/2583/1520 2476/2584/2476 2477/2585/2477 1531/2586/1531
f 2478/2587/2478 2479/2588/2479 2477/2585/2477 2476/2584/2476
f 2474/2580/2474 2473/2579/2473 2477/2585/2477 2479/2588/2479
f 1533/2578/1533 1531/2586/1531 2477/2585/2477 2473/2579/2473
f 2480/2589/2480 2481/2590/2481 2482/2591/2482 2483/2592/2483
f 2484/2593/2484 2485/2594/2485 2482/2591/2482 2481/2590/2481
f 2474/2580/2474 2479/2588/2479 2482/2591/2482 2485/2594/2485
f 2478/2587/2478 2483/2592/2483 2482/2591/2482 2479/2588/2479
f 1993/2595/1993 2048/2596/2048 2486/2597/2486 2487/2598/2487
f 2045/2582/2045 2475/2581/2475 2486/2597/2486 2048/2596/2048
f 2474/2580/2474 2485/2594/2485 2486/2597/2486 2475/2581/2475
f 2484/2593/2484 2487/2598/2487 2486/2597/2486 2485/2594/2485
f 1520/2583/1520 1523/2599/1523 2488/2600/2488 2476/2584/2476
f 1515/2601/1515 2489/2602/2489 2488/2600/2488 1523/2599/1523
f 2490/2603/2490 2491/2604/2491 2488/2600/2488 2489/2602/2489
f 2478/2587/2478 2476/2584/2476 2488/2600/2488 2491/2604/2491
f 1511/2365/1511 2266/2368/2266 2492/2605/2492 1512/2606/1512
f 2260/2361/2260 2493/2607/2493 2492/2605/2492 2266/2368/2266
f 2490/2603/2490 2489/2602/2489 2492/2605/2492 2493/2607/2493
f 1515/2601/1515 1512/2606/1512 2492/2605/2492 2489/2602/2489
f 2242/2343/2242 2494/2608/2494 2495/2609/2495 2258/2359/2258
f 2496/2610/2496 2497/2611/2497 2495/2609/2495 2494/2608/2494
f 2490/2603/2490 2493/2607/2493 2495/2609/2495 2497/2611/2497
f 2260/2361/2260 2258/2359/2258 2495/2609/2495 2493/2607/2493
f 2480/2589/2480 2483/2592/2483 2498/2612/2498 2499/2613/2499
f 2478/2587/2478 2491/2604/2491 2498/2612/2498 2483/2592/2483
f 2490/2603/2490 2497/2611/2497 2498/2612/2498 2491/2604/2491
f 2496/2610/2496 2499/2613/2499 2498/2612/2498 2497/2611/2497
f 2233/2334/2233 2500/2614/2500 2501/2615/2501 2234/2335/2234
f 2502/2616/2502 2503/2617/2503 2501/2615/2501 2500/2614/2500
f 2504/2618/2504 2505/2619/2505 2501/2615/2501 2503/2617/2503
f 2237/2338/2237 2234/2335/2234 2501/2615/2501 2505/2619/2505
f 2506/2620/2506 2507/2621/2507 2508/2622/2508 2509/2623/2509
f 2510/2624/2510 2511/2625/2511 2508/2622/2508 2507/2621/2507
f 2504/2618/2504 2503/2617/2503 2508/2622/2508 2511/2625/2511
f 2502/2616/2502 2509/2623/2509 2508/2622/2508 2503/2617/2503
f 2480/2589/2480 2499/2613/2499 2512/2626/2512 2513/2627/2513
f 2496/2610/2496 2514/2628/2514 2512/2626/2512 2499/2613/2499
f 2504/2618/2504 2511/2625/2511 2512/2626/2512 2514/2628/2514
f 2510/2624/2510 2513/2627/2513 2512/2626/2512 2511/2625/2511
f 2242/2343/2242 2245/2346/2245 2515/2629/2515 2494/2608/2494
f 2237/2338/2237 2505/2619/2505 2515/2629/2515 2245/2346/2245
f 2504/2618/2504 2514/2628/2514 2515/2629/2515 2505/2619/2505
f 2496/2610/2496 2494/2608/2494 2515/2629/2515 2514/2628/2514
f 2506/2630/2506 2516/2631/2516 2517/2632/2517 2507/2633/2507
f 2518/2634/2518 2519/2635/2519 2517/2632/2517 2516/2631/2516
f 2520/2636/2520 2521/2637/2521 2517/2632/2517 2519/2635/2519
f 2510/2638/2510 2507/2633/2507 2517/2632/2517 2521/2637/2521
f 1972/2072/1972 1975/2075/1975 2522/2639/2522 2523/2640/2523
f 1980/2080/1980 2524/2641/2524 2522/2639/2522 1975/2075/1975
f 2520/2636/2520 2519/2635/2519 2522/2639/2522 2524/2641/2524
f 2518/2634/2518 2523/2640/2523 2522/2639/2522 2519/2635/2519
f 1993/2093/1993 2487/2642/2487 2525/2643/2525 1994/2094/1994
f 2484/2644/2484 2526/2645/2526 2525/2643/2525 2487/2642/2487
f 2520/2636/2520 2524/2641/2524 2525/2643/2525 2526/2645/2526
f 1980/2080/1980 1994/2094/1994 2525/2643/2525 2524/2641/2524
f 2480/2646/2480 2513/2647/2513 2527/2648/2527 2481/2649/2481
f 2510/2638/2510 2521/2637/2521 2527/2648/2527 2513/2647/2513
f 2520/2636/2520 2526/2645/2526 2527/2648/2527 2521/2637/2521
f 2484/2644/2484 2481/2649/2481 2527/2648/2527 2526/2645/2526
f 1592/2650/1592 1595/2651/1595 2528/2652/2528 2529/2653/2529
f 1600/2654/1600 2530/2655/2530 2528/2652/2528 1595/2651/1595
f 2531/2656/2531 2532/2657/2532 2528/2652/2528 2530/2655/2530
f 2533/2658/2533 2529/2653/2529 2528/2652/2528 2532/2657/2532
f 1584/2659/1584 2534/2660/2534 2535/2661/2535 1610/2662/1610
f 2536/2663/2536 2537/2664/2537 2535/2661/2535 2534/2660/2534
f 2531/2656/2531 2530/2655/2530 2535/2661/2535 2537/2664/2537
f 1600/2654/1600 1610/2662/1610 2535/2661/2535 2530/2655/2530
f 2538/2665/2538 2539/2666/2539 2540/2667/2540 2541/2668/2541
f 2542/2669/2542 2543/2670/2543 2540/2667/2540 2539/2666/2539
f 2531/2656/2531 2537/2664/2537 2540/2667/2540 2543/2670/2543
f 2536/2663/2536 2541/2668/2541 2540/2667/2540 2537/2664/2537
f 2544/2671/2544 2545/2672/2545 2546/2673/2546 2547/2674/2547
f 2533/2658/2533 2532/2657/2532 2546/2673/2546 2545/2672/2545
f 2531/2656/2531 2543/2670/2543 2546/2673/2546 2532/2657/2532
f 2542/2669/2542 2547/2674/2547 2546/2673/2546 2543/2670/2543
f 1584/2675/1584 1587/2676/1587 2548/2677/2548 2534/2678/2534
f 1582/2679/1582 2549/2680/2549 2548/2677/2548 1587/2676/1587
f 2550/2681/2550 2551/2682/2551 2548/2677/2548 2549/2680/2549
f 2536/2683/2536 2534/2678/2534 2548/2677/2548 2551/2682/2551
f 1578/1917/1578 2552/2684/2552 2553/2685/2553 1579/2686/1579
f 2554/2687/2554 2555/2688/2555 2553/2685/2553 2552/2684/2552
f 2550/2681/2550 2549/2680/2549 2553/2685/2553 2555/2688/2555
f 1582/2679/1582 1579/2686/1579 2553/2685/2553 2549/2680/2549
f 2556/2689/2556 2557/2690/2557 2558/2691/2558 2559/2692/2559
f 2560/2693/2560 2561/2694/2561 2558/2691/2558 2557/2690/2557
f 2550/2681/2550 2555/2688/2555 2558/2691/2558 2561/2694/2561
f 2554/2687/2554 2559/2692/2559 2558/2691/2558 2555/2688/2555
f 2538/2695/2538 2541/2696/2541 2562/2697/2562 2563/2698/2563
f 2536/2683/2536 2551/2682/2551 2562/2697/2562 2541/2696/2541
f 2550/2681/2550 2561/2694/2561 2562/2697/2562 2551/2682/2551
f 2560/2693/2560 2563/2698/2563 2562/2697/2562 2561/2694/2561
f 2564/2699/2564 2565/2700/2565 2566/2701/2566 2567/2702/2567
f 2568/2703/2568 2569/2704/2569 2566/2701/2566 2565/2700/2565
f 2570/2705/2570 2571/2706/2571 2566/2701/2566 2569/2704/2569
f 2572/2707/2572 2567/2702/2567 2566/2701/2566 2571/2706/2571
f 2573/2708/2573 2574/2709/2574 2575/2710/2575 2576/2711/2576
f 2577/2712/2577 2578/2713/2578 2575/2710/2575 2574/2709/2574
f 2570/2705/2570 2569/2704/2569 2575/2710/2575 2578/2713/2578
f 2568/2703/2568 2576/2711/2576 2575/2710/2575 2569/2704/2569
f 2538/2695/2538 2563/2698/2563 2579/2714/2579 2580/2715/2580
f 2560/2693/2560 2581/2716/2581 2579/2714/2579 2563/2698/2563
f 2570/2705/2570 2578/2713/2578 2579/2714/2579 2581/2716/2581
f 2577/2712/2577 2580/2715/2580 2579/2714/2579 2578/2713/2578
f 2556/2689/2556 2582/2717/2582 2583/2718/2583 2557/2690/2557
f 2572/2707/2572 2571/2706/2571 2583/2718/2583 2582/2717/2582
f 2570/2705/2570 2581/2716/2581 2583/2718/2583 2571/2706/2571
f 2560/2693/2560 2557/2690/2557 2583/2718/2583 2581/2716/2581
f 2573/2719/2573 2584/2720/2584 2585/2721/2585 2574/2722/2574
f 2586/2723/2586 2587/2724/2587 2585/2721/2585 2584/2720/2584
f 2588/2725/2588 2589/2726/2589 2585/2721/2585 2587/2724/2587
f 2577/2727/2577 2574/2722/2574 2585/2721/2585 2589/2726/2589
f 2590/2728/2590 2591/2729/2591 2592/2730/2592 2593/2731/2593
f 2594/2732/2594 2595/2733/2595 2592/2730/2592 2591/2729/2591
f 2588/2725/2588 2587/2724/2587 2592/2730/2592 2595/2733/2595
f 2586/2723/2586 2593/2731/2593 2592/2730/2592 2587/2724/2587
f 2544/2671/2544 2547/2674/2547 2596/2734/2596 2597/2735/2597
f 2542/2669/2542 2598/2736/2598 2596/2734/2596 2547/2674/2547
f 2588/2725/2588 2595/2733/2595 2596/2734/2596 2598/2736/2598
f 2594/2732/2594 2597/2735/2597 2596/2734/2596 2595/2733/2595
f 2538/2665/2538 2580/2737/2580 2599/2738/2599 2539/2666/2539
f 2577/2727/2577 2589/2726/2589 2599/2738/2599 2580/2737/2580
f 2588/2725/2588 2598/2736/2598 2599/2738/2599 2589/2726/2589
f 2542/2669/2542 2539/2666/2539 2599/2738/2599 2598/2736/2598
f 1578/1917/1578 1826/1920/1826 2600/2739/2600 2552/2684/2552
f 1830/1925/1830 2601/2740/2601 2600/2739/2600 1826/1920/1826
f 2602/2741/2602 2603/2742/2603 2600/2739/2600 2601/2740/2601
f 2554/2687/2554 2552/2684/2552 2600/2739/2600 2603/2742/2603
f 1817/1907/1817 2604/2743/2604 2605/2744/2605 1838/1935/1838
f 2606/2745/2606 2607/2746/2607 2605/2744/2605 2604/2743/2604
f 2602/2741/2602 2601/2740/2601 2605/2744/2605 2607/2746/2607
f 1830/1925/1830 1838/1935/1838 2605/2744/2605 2601/2740/2601
f 2608/2747/2608 2609/2748/2609 2610/2749/2610 2611/2750/2611
f 2612/2751/2612 2613/2752/2613 2610/2749/2610 2609/2748/2609
f 2602/2741/2602 2607/2746/2607 2610/2749/2610 2613/2752/2613
f 2606/2745/2606 2611/2750/2611 2610/2749/2610 2607/2746/2607
f 2556/2689/2556 2559/2692/2559 2614/2753/2614 2615/2754/2615
f 2554/2687/2554 2603/2742/2603 2614/2753/2614 2559/2692/2559
f 2602/2741/2602 2613/2752/2613 2614/2753/2614 2603/2742/2603
f 2612/2751/2612 2615/2754/2615 2614/2753/2614 2613/2752/2613
f 1817/1907/1817 1820/1910/1820 2616/2755/2616 2604/2743/2604
f 1815/1905/1815 2617/2756/2617 2616/2755/2616 1820/1910/1820
f 2618/2757/2618 2619/2758/2619 2616/2755/2616 2617/2756/2617
f 2606/2745/2606 2604/2743/2604 2616/2755/2616 2619/2758/2619
f 1811/1901/1811 2019/2119/2019 2620/2759/2620 1812/1902/1812
f 2024/2124/2024 2621/2760/2621 2620/2759/2620 2019/2119/2019
f 2618/2757/2618 2617/2756/2617 2620/2759/2620 2621/2760/2621
f 1815/1905/1815 1812/1902/1812 2620/2759/2620 2617/2756/2617
f 2009/2109/2009 2622/2761/2622 2623/2762/2623 2034/2134/2034
f 2624/2763/2624 2625/2764/2625 2623/2762/2623 2622/2761/2622
f 2618/2757/2618 2621/2760/2621 2623/2762/2623 2625/2764/2625
f 2024/2124/2024 2034/2134/2034 2623/2762/2623 2621/2760/2621
f 2608/2747/2608 2611/2750/2611 2626/2765/2626 2627/2766/2627
f 2606/2745/2606 2619/2758/2619 2626/2765/2626 2611/2750/2611
f 2618/2757/2618 2625/2764/2625 2626/2765/2626 2619/2758/2619
f 2624/2763/2624 2627/2766/2627 2626/2765/2626 2625/2764/2625
f 2003/2103/2003 2628/2767/2628 2629/2768/2629 2004/2104/2004
f 2630/2769/2630 2631/2770/2631 2629/2768/2629 2628/2767/2628
f 2632/2771/2632 2633/2772/2633 2629/2768/2629 2631/2770/2631
f 2007/2107/2007 2004/2104/2004 2629/2768/2629 2633/2772/2633
f 2634/2773/2634 2635/2774/2635 2636/2775/2636 2637/2776/2637
f 2638/2777/2638 2639/2778/2639 2636/2775/2636 2635/2774/2635
f 2632/2771/2632 2631/2770/2631 2636/2775/2636 2639/2778/2639
f 2630/2769/2630 2637/2776/2637 2636/2775/2636 2631/2770/2631
f 2608/2747/2608 2627/2766/2627 2640/2779/2640 2641/2780/2641
f 2624/2763/2624 2642/2781/2642 2640/2779/2640 2627/2766/2627
f 2632/2771/2632 2639/2778/2639 2640/2779/2640 2642/2781/2642
f 2638/2777/2638 2641/2780/2641 2640/2779/2640 2639/2778/2639
f 2009/2109/2009 2012/2112/2012 2643/2782/2643 2622/2761/2622
f 2007/2107/2007 2633/2772/2633 2643/2782/2643 2012/2112/2012
f 2632/2771/2632 2642/2781/2642 2643/2782/2643 2633/2772/2633
f 2624/2763/2624 2622/2761/2622 2643/2782/2643 2642/2781/2642
f 2634/2773/2634 2644/2783/2644 2645/2784/2645 2635/2774/2635
f 2646/2785/2646 2647/2786/2647 2645/2784/2645 2644/2783/2644
f 2648/2787/2648 2649/2788/2649 2645/2784/2645 2647/2786/2647
f 2638/2777/2638 2635/2774/2635 2645/2784/2645 2649/2788/2649
f 2564/2699/2564 2567/2702/2567 2650/2789/2650 2651/2790/2651
f 2572/2707/2572 2652/2791/2652 2650/2789/2650 2567/2702/2567
f 2648/2787/2648 2647/2786/2647 2650/2789/2650 2652/2791/2652
f 2646/2785/2646 2651/2790/2651 2650/2789/2650 2647/2786/2647
f 2556/2689/2556 2615/2754/2615 2653/2792/2653 2582/2717/2582
f 2612/2751/2612 2654/2793/2654 2653/2792/2653 2615/2754/2615
f 2648/2787/2648 2652/2791/2652 2653/2792/2653 2654/2793/2654
f 2572/2707/2572 2582/2717/2582 2653/2792/2653 2652/2791/2652
f 2608/2747/2608 2641/2780/2641 2655/2794/2655 2609/2748/2609
f 2638/2777/2638 2649/2788/2649 2655/2794/2655 2641/2780/2641
f 2648/2787/2648 2654/2793/2654 2655/2794/2655 2649/2788/2649
f 2612/2751/2612 2609/2748/2609 2655/2794/2655 2654/2793/2654
f 1884/2795/1884 1887/2796/1887 2656/2797/2656 2657/2798/2657
f 1892/2799/1892 2658/2800/2658 2656/2797/2656 1887/2796/1887
f 2659/2801/2659 2660/2802/2660 2656/2797/2656 2658/2800/2658
f 2661/2803/2661 2657/2798/2657 2656/2797/2656 2660/2802/2660
f 1876/2804/1876 2662/2805/2662 2663/2806/2663 1902/2807/1902
f 2664/2808/2664 2665/2809/2665 2663/2806/2663 2662/2805/2662
f 2659/2801/2659 2658/2800/2658 2663/2806/2663 2665/2809/2665
f 1892/2799/1892 1902/2807/1902 2663/2806/2663 2658/2800/2658
f 2666/2810/2666 2667/2811/2667 2668/2812/2668 2669/2813/2669
f 2670/2814/2670 2671/2815/2671 2668/2812/2668 2667/2811/2667
f 2659/2801/2659 2665/2809/2665 2668/2812/2668 2671/2815/2671
f 2664/2808/2664 2669/2813/2669 2668/2812/2668 2665/2809/2665
f 2672/2816/2672 2673/2817/2673 2674/2818/2674 2675/2819/2675
f 2661/2803/2661 2660/2802/2660 2674/2818/2674 2673/2817/2673
f 2659/2801/2659 2671/2815/2671 2674/2818/2674 2660/2802/2660
f 2670/2814/2670 2675/2819/2675 2674/2818/2674 2671/2815/2671
f 1876/2804/1876 1879/2820/1879 2676/2821/2676 2662/2805/2662
f 1874/2822/1874 2677/2823/2677 2676/2821/2676 1879/2820/1879
f 2678/2824/2678 2679/2825/2679 2676/2821/2676 2677/2823/2677
f 2664/2808/2664 2662/2805/2662 2676/2821/2676 2679/2825/2679
f 1592/2650/1592 2529/2653/2529 2680/2826/2680 1872/2827/1872
f 2533/2658/2533 2681/2828/2681 2680/2826/2680 2529/2653/2529
f 2678/2824/2678 2677/2823/2677 2680/2826/2680 2681/2828/2681
f 1874/2822/1874 1872/2827/1872 2680/2826/2680 2677/2823/2677
f 2544/2671/2544 2682/2829/2682 2683/2830/2683 2545/2672/2545
f 2684/2831/2684 2685/2832/2685 2683/2830/2683 2682/2829/2682
f 2678/2824/2678 2681/2828/2681 2683/2830/2683 2685/2832/2685
f 2533/2658/2533 2545/2672/2545 2683/2830/2683 2681/2828/2681
f 2666/2810/2666 2669/2813/2669 2686/2833/2686 2687/2834/2687
f 2664/2808/2664 2679/2825/2679 2686/2833/2686 2669/2813/2669
f 2678/2824/2678 2685/2832/2685 2686/2833/2686 2679/2825/2679
f 2684/2831/2684 2687/2834/2687 2686/2833/2686 2685/2832/2685
f 2590/2728/2590 2688/2835/2688 2689/2836/2689 2591/2729/2591
f 2690/2837/2690 2691/2838/2691 2689/2836/2689 2688/2835/2688
f 2692/2839/2692 2693/2840/2693 2689/2836/2689 2691/2838/2691
f 2594/2732/2594 2591/2729/2591 2689/2836/2689 2693/2840/2693
f 2694/2841/2694 2695/2842/2695 2696/2843/2696 2697/2844/2697
f 2698/2845/2698 2699/2846/2699 2696/2843/2696 2695/2842/2695
f 2692/2839/2692 2691/2838/2691 2696/2843/2696 2699/2846/2699
f 2690/2837/2690 2697/2844/2697 2696/2843/2696 2691/2838/2691
f 2666/2810/2666 2687/2834/2687 2700/2847/2700 2701/2848/2701
f 2684/2831/2684 2702/2849/2702 2700/2847/2700 2687/2834/2687
f 2692/2839/2692 2699/2846/2699 2700/2847/2700 2702/2849/2702
f 2698/2845/2698 2701/2848/2701 2700/2847/2700 2699/2846/2699
f 2544/2671/2544 2597/2735/2597 2703/2850/2703 2682/2829/2682
f 2594/2732/2594 2693/2840/2693 2703/2850/2703 2597/2735/2597
f 2692/2839/2692 2702/2849/2702 2703/2850/2703 2693/2840/2693
f 2684/2831/2684 2682/2829/2682 2703/2850/2703 2702/2849/2702
f 2694/2841/2694 2704/2851/2704 2705/2852/2705 2695/2842/2695
f 2706/2853/2706 2707/2854/2707 2705/2852/2705 2704/2851/2704
f 2708/2855/2708 2709/2856/2709 2705/2852/2705 2707/2854/2707
f 2698/2845/2698 2695/2842/2695 2705/2852/2705 2709/2856/2709
f 2710/2857/2710 2711/2858/2711 2712/2859/2712 2713/2860/2713
f 2714/2861/2714 2715/2862/2715 2712/2859/2712 2711/2858/2711
f 2708/2855/2708 2707/2854/2707 2712/2859/2712 2715/2862/2715
f 2706/2853/2706 2713/2860/2713 2712/2859/2712 2707/2854/2707
f 2672/2816/2672 2675/2819/2675 2716/2863/2716 2717/2864/2717
f 2670/2814/2670 2718/2865/2718 2716/2863/2716 2675/2819/2675
f 2708/2855/2708 2715/2862/2715 2716/2863/2716 2718/2865/2718
f 2714/2861/2714 2717/2864/2717 2716/2863/2716 2715/2862/2715
f 2666/2810/2666 2701/2848/2701 2719/2866/2719 2667/2811/2667
f 2698/2845/2698 2709/2856/2709 2719/2866/2719 2701/2848/2701
f 2708/2855/2708 2718/2865/2718 2719/2866/2719 2709/2856/2709
f 2670/2814/2670 2667/2811/2667 2719/2866/2719 2718/2865/2718
f 1537/1624/1537 2044/2867/2044 2720/2868/2720 1538/1625/1538
f 2038/2869/2038 2721/2870/2721 2720/2868/2720 2044/2867/2044
f 2722/2871/2722 2723/2872/2723 2720/2868/2720 2721/2870/2721
f 1541/1628/1541 1538/1625/1538 2720/2868/2720 2723/2872/2723
f 2025/2873/2025 2724/2874/2724 2725/2875/2725 2036/2876/2036
f 2726/2877/2726 2727/2878/2727 2725/2875/2725 2724/2874/2724
f 2722/2871/2722 2721/2870/2721 2725/2875/2725 2727/2878/2727
f 2038/2869/2038 2036/2876/2036 2725/2875/2725 2721/2870/2721
f 2728/2879/2728 2729/2880/2729 2730/2881/2730 2731/2882/2731
f 2732/2883/2732 2733/2884/2733 2730/2881/2730 2729/2880/2729
f 2722/2871/2722 2727/2878/2727 2730/2881/2730 2733/2884/2733
f 2726/2877/2726 2731/2882/2731 2730/2881/2730 2727/2878/2727
f 1487/1574/1487 1544/1631/1544 2734/2885/2734 2735/2886/2735
f 1541/1628/1541 2723/2872/2723 2734/2885/2734 1544/1631/1544
f 2722/2871/2722 2733/2884/2733 2734/2885/2734 2723/2872/2723
f 2732/2883/2732 2735/2886/2735 2734/2885/2734 2733/2884/2733
f 2025/2125/2025 2028/2128/2028 2736/2887/2736 2724/2888/2724
f 2020/2120/2020 2737/2889/2737 2736/2887/2736 2028/2128/2028
f 2738/2890/2738 2739/2891/2739 2736/2887/2736 2737/2889/2737
f 2726/2892/2726 2724/2888/2724 2736/2887/2736 2739/2891/2739
f 1811/1901/1811 1814/1904/1814 2740/2893/2740 2017/2117/2017
f 1807/1896/1807 2741/2894/2741 2740/2893/2740 1814/1904/1814
f 2738/2890/2738 2737/2889/2737 2740/2893/2740 2741/2894/2741
f 2020/2120/2020 2017/2117/2017 2740/2893/2740 2737/2889/2737
f 1789/1892/1789 2742/2895/2742 2743/2896/2743 1805/1893/1805
f 2744/2897/2744 2745/2898/2745 2743/2896/2743 2742/2895/2742
f 2738/2890/2738 2741/2894/2741 2743/2896/2743 2745/2898/2745
f 1807/1896/1807 1805/1893/1805 2743/2896/2743 2741/2894/2741
f 2728/2899/2728 2731/2900/2731 2746/2901/2746 2747/2902/2747
f 2726/2892/2726 2739/2891/2739 2746/2901/2746 2731/2900/2731
f 2738/2890/2738 2745/2898/2745 2746/2901/2746 2739/2891/2739
f 2744/2897/2744 2747/2902/2747 2746/2901/2746 2745/2898/2745
f 1780/1867/1780 2449/2551/2449 2748/2903/2748 1781/1868/1781
f 2453/2555/2453 2749/2904/2749 2748/2903/2748 2449/2551/2449
f 2750/2905/2750 2751/2906/2751 2748/2903/2748 2749/2904/2749
f 1784/1871/1784 1781/1868/1781 2748/2903/2748 2751/2906/2751
f 2440/2542/2440 2752/2907/2752 2753/2908/2753 2461/2563/2461
f 2754/2909/2754 2755/2910/2755 2753/2908/2753 2752/2907/2752
f 2750/2905/2750 2749/2904/2749 2753/2908/2753 2755/2910/2755
f 2453/2555/2453 2461/2563/2461 2753/2908/2753 2749/2904/2749
f 2728/2879/2728 2747/2911/2747 2756/2912/2756 2757/2913/2757
f 2744/2914/2744 2758/2915/2758 2756/2912/2756 2747/2911/2747
f 2750/2905/2750 2755/2910/2755 2756/2912/2756 2758/2915/2758
f 2754/2909/2754 2757/2913/2757 2756/2912/2756 2755/2910/2755
f 1789/1876/1789 1792/1879/1792 2759/2916/2759 2742/2917/2742
f 1784/1871/1784 2751/2906/2751 2759/2916/2759 1792/1879/1792
f 2750/2905/2750 2758/2915/2758 2759/2916/2759 2751/2906/2751
f 2744/2914/2744 2742/2917/2742 2759/2916/2759 2758/2915/2758
f 2440/2542/2440 2443/2545/2443 2760/2918/2760 2752/2907/2752
f 2438/2540/2438 2761/2919/2761 2760/2918/2760 2443/2545/2443
f 2762/2920/2762 2763/2921/2763 2760/2918/2760 2761/2919/2761
f 2754/2909/2754 2752/2907/2752 2760/2918/2760 2763/2921/2763
f 1466/1553/1466 1469/1556/1469 2764/2922/2764 2436/2538/2436
f 1474/1561/1474 2765/2923/2765 2764/2922/2764 1469/1556/1469
f 2762/2920/2762 2761/2919/2761 2764/2922/2764 2765/2923/2765
f 2438/2540/2438 2436/2538/2436 2764/2922/2764 2761/2919/2761
f 1487/1574/1487 2735/2886/2735 2766/2924/2766 1488/1575/1488
f 2732/2883/2732 2767/2925/2767 2766/2924/2766 2735/2886/2735
f 2762/2920/2762 2765/2923/2765 2766/2924/2766 2767/2925/2767
f 1474/1561/1474 1488/1575/1488 2766/2924/2766 2765/2923/2765
f 2728/2879/2728 2757/2913/2757 2768/2926/2768 2729/2880/2729
f 2754/2909/2754 2763/2921/2763 2768/2926/2768 2757/2913/2757
f 2762/2920/2762 2767/2925/2767 2768/2926/2768 2763/2921/2763
f 2732/2883/2732 2729/2880/2729 2768/2926/2768 2767/2925/2767
f 626/1417/626 2088/2927/2088 2769/2928/2769 1346/1418/1346
f 2092/2929/2092 2770/2930/2770 2769/2928/2769 2088/2927/2088
f 2771/2931/2771 2772/2932/2772 2769/2928/2769 2770/2930/2770
f 1348/1421/1348 1346/1418/1346 2769/2928/2769 2772/2932/2772
f 2079/2933/2079 2773/2934/2773 2774/2935/2774 2100/2936/2100
f 2775/2937/2775 2776/2938/2776 2774/2935/2774 2773/2934/2773
f 2771/2931/2771 2770/2930/2770 2774/2935/2774 2776/2938/2776
f 2092/2929/2092 2100/2936/2100 2774/2935/2774 2770/2930/2770
f 2777/2939/2777 2778/2940/2778 2779/2941/2779 2780/2942/2780
f 2781/2943/2781 2782/2944/2782 2779/2941/2779 2778/2940/2778
f 2771/2931/2771 2776/2938/2776 2779/2941/2779 2782/2944/2782
f 2775/2937/2775 2780/2942/2780 2779/2941/2779 2776/2938/2776
f 1352/1426/1352 1355/1429/1355 2783/2945/2783 2784/2946/2784
f 1348/1421/1348 2772/2932/2772 2783/2945/2783 1355/1429/1355
f 2771/2931/2771 2782/2944/2782 2783/2945/2783 2772/2932/2772
f 2781/2943/2781 2784/2946/2784 2783/2945/2783 2782/2944/2782
f 2079/2933/2079 2082/2947/2082 2785/2948/2785 2773/2934/2773
f 2077/2949/2077 2786/2950/2786 2785/2948/2785 2082/2947/2082
f 2787/2951/2787 2788/2952/2788 2785/2948/2785 2786/2950/2786
f 2775/2937/2775 2773/2934/2773 2785/2948/2785 2788/2952/2788
f 1884/2795/1884 2657/2798/2657 2789/2953/2789 2075/2954/2075
f 2661/2803/2661 2790/2955/2790 2789/2953/2789 2657/2798/2657
f 2787/2951/2787 2786/2950/2786 2789/2953/2789 2790/2955/2790
f 2077/2949/2077 2075/2954/2075 2789/2953/2789 2786/2950/2786
f 2672/2816/2672 2791/2956/2791 2792/2957/2792 2673/2817/2673
f 2793/2958/2793 2794/2959/2794 2792/2957/2792 2791/2956/2791
f 2787/2951/2787 2790/2955/2790 2792/2957/2792 2794/2959/2794
f 2661/2803/2661 2673/2817/2673 2792/2957/2792 2790/2955/2790
f 2777/2939/2777 2780/2942/2780 2795/2960/2795 2796/2961/2796
f 2775/2937/2775 2788/2952/2788 2795/2960/2795 2780/2942/2780
f 2787/2951/2787 2794/2959/2794 2795/2960/2795 2788/2952/2788
f 2793/2958/2793 2796/2961/2796 2795/2960/2795 2794/2959/2794
f 2710/2857/2710 2797/2962/2797 2798/2963/2798 2711/2858/2711
f 2799/2964/2799 2800/2965/2800 2798/2963/2798 2797/2962/2797
f 2801/2966/2801 2802/2967/2802 2798/2963/2798 2800/2965/2800
f 2714/2861/2714 2711/2858/2711 2798/2963/2798 2802/2967/2802
f 2803/2968/2803 2804/2969/2804 2805/2970/2805 2806/2971/2806
f 2807/2972/2807 2808/2973/2808 2805/2970/2805 2804/2969/2804
f 2801/2966/2801 2800/2965/2800 2805/2970/2805 2808/2973/2808
f 2799/2964/2799 2806/2971/2806 2805/2970/2805 2800/2965/2800
f 2777/2939/2777 2796/2961/2796 2809/2974/2809 2810/2975/2810
f 2793/2958/2793 2811/2976/2811 2809/2974/2809 2796/2961/2796
f 2801/2966/2801 2808/2973/2808 2809/2974/2809 2811/2976/2811
f 2807/2972/2807 2810/2975/2810 2809/2974/2809 2808/2973/2808
f 2672/2816/2672 2717/2864/2717 2812/2977/2812 2791/2956/2791
f 2714/2861/2714 2802/2967/2802 2812/2977/2812 2717/2864/2717
f 2801/2966/2801 2811/2976/2811 2812/2977/2812 2802/2967/2802
f 2793/2958/2793 2791/2956/2791 2812/2977/2812 2811/2976/2811
f 2803/2968/2803 2813/2978/2813 2814/2979/2814 2804/2969/2804
f 2815/2980/2815 2816/2981/2816 2814/2979/2814 2813/2978/2813
f 2817/2982/2817 2818/2983/2818 2814/2979/2814 2816/2981/2816
f 2807/2972/2807 2804/2969/2804 2814/2979/2814 2818/2983/2818
f 1372/1448/1372 1375/1451/1375 2819/2984/2819 2820/2985/2820
f 1368/1444/1368 2821/2986/2821 2819/2984/2819 1375/1451/1375
f 2817/2982/2817 2816/2981/2816 2819/2984/2819 2821/2986/2821
f 2815/2980/2815 2820/2985/2820 2819/2984/2819 2816/2981/2816
f 1352/1426/1352 2784/2946/2784 2822/2987/2822 1366/1442/1366
f 2781/2943/2781 2823/2988/2823 2822/2987/2822 2784/2946/2784
f 2817/2982/2817 2821/2986/2821 2822/2987/2822 2823/2988/2823
f 1368/1444/1368 1366/1442/1366 2822/2987/2822 2821/2986/2821
f 2777/2939/2777 2810/2975/2810 2824/2989/2824 2778/2940/2778
f 2807/2972/2807 2818/2983/2818 2824/2989/2824 2810/2975/2810
f 2817/2982/2817 2823/2988/2823 2824/2989/2824 2818/2983/2818
f 2781/2943/2781 2778/2940/2778 2824/2989/2824 2823/2988/2823
f 839/1489/839 2278/2990/2278 2825/2991/2825 1410/1490/1410
f 2282/2992/2282 2826/2993/2826 2825/2991/2825 2278/2990/2278
f 2827/2994/2827 2828/2995/2828 2825/2991/2825 2826/2993/2826
f 1412/1493/1412 1410/1490/1410 2825/2991/2825 2828/2995/2828
f 2269/2996/2269 2829/2997/2829 2830/2998/2830 2290/2999/2290
f 2831/3000/2831 2832/3001/2832 2830/2998/2830 2829/2997/2829
f 2827/2994/2827 2826/2993/2826 2830/2998/2830 2832/3001/2832
f 2282/2992/2282 2290/2999/2290 2830/2998/2830 2826/2993/2826
f 2833/3002/2833 2834/3003/2834 2835/3004/2835 2836/3005/2836
f 2837/3006/2837 2838/3007/2838 2835/3004/2835 2834/3003/2834
f 2827/2994/2827 2832/3001/2832 2835/3004/2835 2838/3007/2838
f 2831/3000/2831 2836/3005/2836 2835/3004/2835 2832/3001/2832
f 1416/1498/1416 1419/1501/1419 2839/3008/2839 2840/3009/2840
f 1412/1493/1412 2828/2995/2828 2839/3008/2839 1419/1501/1419
f 2827/2994/2827 2838/3007/2838 2839/3008/2839 2828/2995/2828
f 2837/3006/2837 2840/3009/2840 2839/3008/2839 2838/3007/2838
f 2269/2996/2269 2272/3010/2272 2841/3011/2841 2829/2997/2829
f 2267/3012/2267 2842/3013/2842 2841/3011/2841 2272/3010/2272
f 2843/3014/2843 2844/3015/2844 2841/3011/2841 2842/3013/2842
f 2831/3000/2831 2829/2997/2829 2841/3011/2841 2844/3015/2844
f 1511/1598/1511 1514/1601/1514 2845/3016/2845 2264/3017/2264
f 1519/1606/1519 2846/3018/2846 2845/3016/2845 1514/1601/1514
f 2843/3014/2843 2842/3013/2842 2845/3016/2845 2846/3018/2846
f 2267/3012/2267 2264/3017/2264 2845/3016/2845 2842/3013/2842
f 1503/1590/1503 2847/3019/2847 2848/3020/2848 1529/1616/1529
f 2849/3021/2849 2850/3022/2850 2848/3020/2848 2847/3019/2847
f 2843/3014/2843 2846/3018/2846 2848/3020/2848 2850/3022/2850
f 1519/1606/1519 1529/1616/1529 2848/3020/2848 2846/3018/2846
f 2833/3002/2833 2836/3005/2836 2851/3023/2851 2852/3024/2852
f 2831/3000/2831 2844/3015/2844 2851/3023/2851 2836/3005/2836
f 2843/3014/2843 2850/3022/2850 2851/3023/2851 2844/3015/2844
f 2849/3021/2849 2852/3024/2852 2851/3023/2851 2850/3022/2850
f 1497/1584/1497 2115/2216/2115 2853/3025/2853 1498/1585/1498
f 2119/2220/2119 2854/3026/2854 2853/3025/2853 2115/2216/2115
f 2855/3027/2855 2856/3028/2856 2853/3025/2853 2854/3026/2854
f 1501/1588/1501 1498/1585/1498 2853/3025/2853 2856/3028/2856
f 2130/2231/2130 2857/3029/2857 2858/3030/2858 2131/2232/2131
f 2859/3031/2859 2860/3032/2860 2858/3030/2858 2857/3029/2857
f 2855/3027/2855 2854/3026/2854 2858/3030/2858 2860/3032/2860
f 2119/2220/2119 2131/2232/2131 2858/3030/2858 2854/3026/2854
f 2833/3002/2833 2852/3024/2852 2861/3033/2861 2862/3034/2862
f 2849/3021/2849 2863/3035/2863 2861/3033/2861 2852/3024/2852
f 2855/3027/2855 2860/3032/2860 2861/3033/2861 2863/3035/2863
f 2859/3031/2859 2862/3034/2862 2861/3033/2861 2860/3032/2860
f 1503/1590/1503 1506/1593/1506 2864/3036/2864 2847/3019/2847
f 1501/1588/1501 2856/3028/2856 2864/3036/2864 1506/1593/1506
f 2855/3027/2855 2863/3035/2863 2864/3036/2864 2856/3028/2856
f 2849/3021/2849 2847/3019/2847 2864/3036/2864 2863/3035/2863
f 2130/2231/2130 2174/2275/2174 2865/3037/2865 2857/3029/2857
f 2171/2272/2171 2866/3038/2866 2865/3037/2865 2174/2275/2174
f 2867/3039/2867 2868/3040/2868 2865/3037/2865 2866/3038/2866
f 2859/3031/2859 2857/3029/2857 2865/3037/2865 2868/3040/2868
f 684/698/684 1437/1521/1437 2869/3041/2869 2169/2270/2169
f 1432/1516/1432 2870/3042/2870 2869/3041/2869 1437/1521/1437
f 2867/3039/2867 2866/3038/2866 2869/3041/2869 2870/3042/2870
f 2171/2272/2171 2169/2270/2169 2869/3041/2869 2866/3038/2866
f 1416/1498/1416 2840/3009/2840 2871/3043/2871 1430/1514/1430
f 2837/3006/2837 2872/3044/2872 2871/3043/2871 2840/3009/2840
f 2867/3039/2867 2870/3042/2870 2871/3043/2871 2872/3044/2872
f 1432/1516/1432 1430/1514/1430 2871/3043/2871 2870/3042/2870
f 2833/3002/2833 2862/3034/2862 2873/3045/2873 2834/3003/2834
f 2859/3031/2859 2868/3040/2868 2873/3045/2873 2862/3034/2862
f 2867/3039/2867 2872/3044/2872 2873/3045/2873 2868/3040/2868
f 2837/3006/2837 2834/3003/2834 2873/3045/2873 2872/3044/2872
f 2874/3046/2874 2875/3047/2875 2876/3048/2876 2877/3049/2877
f 2878/3050/2878 2879/3051/2879 2876/3048/2876 2875/3047/2875
f 2880/3052/2880 2881/3053/2881 2876/3048/2876 2879/3051/2879
f 2882/3054/2882 2877/3049/2877 2876/3048/2876 2881/3053/2881
f 2883/3055/2883 2884/3056/2884 2885/3057/2885 2886/3058/2886
f 2887/3059/2887 2888/3060/2888 2885/3057/2885 2884/3056/2884
f 2880/3052/2880 2879/3051/2879 2885/3057/2885 2888/3060/2888
f 2878/3050/2878 2886/3058/2886 2885/3057/2885 2879/3051/2879
f 2889/3061/2889 2890/3062/2890 2891/3063/2891 2892/3064/2892
f 2893/3065/2893 2894/3066/2894 2891/3063/2891 2890/3062/2890
f 2880/3052/2880 2888/3060/2888 2891/3063/2891 2894/3066/2894
f 2887/3059/2887 2892/3064/2892 2891/3063/2891 2888/3060/2888
f 2895/3067/2895 2896/3068/2896 2897/3069/2897 2898/3070/2898
f 2882/3054/2882 2881/3053/2881 2897/3069/2897 2896/3068/2896
f 2880/3052/2880 2894/3066/2894 2897/3069/2897 2881/3053/2881
f 2893/3065/2893 2898/3070/2898 2897/3069/2897 2894/3066/2894
f 2883/3055/2883 2899/3071/2899 2900/3072/2900 2884/3056/2884
f 2901/3073/2901 2902/3074/2902 2900/3072/2900 2899/3071/2899
f 2903/3075/2903 2904/3076/2904 2900/3072/2900 2902/3074/2902
f 2887/3059/2887 2884/3056/2884 2900/3072/2900 2904/3076/2904
f 2905/3077/2905 2906/3078/2906 2907/3079/2907 2908/3080/2908
f 2909/3081/2909 2910/3082/2910 2907/3079/2907 2906/3078/2906
f 2903/3075/2903 2902/3074/2902 2907/3079/2907 2910/3082/2910
f 2901/3073/2901 2908/3080/2908 2907/3079/2907 2902/3074/2902
f 2911/3083/2911 2912/3084/2912 2913/3085/2913 2914/3086/2914
f 2915/3087/2915 2916/3088/2916 2913/3085/2913 2912/3084/2912
f 2903/3075/2903 2910/3082/2910 2913/3085/2913 2916/3088/2916
f 2909/3081/2909 2914/3086/2914 2913/3085/2913 2910/3082/2910
f 2889/3061/2889 2892/3064/2892 2917/3089/2917 2918/3090/2918
f 2887/3059/2887 2904/3076/2904 2917/3089/2917 2892/3064/2892
f 2903/3075/2903 2916/3088/2916 2917/3089/2917 2904/3076/2904
f 2915/3087/2915 2918/3090/2918 2917/3089/2917 2916/3088/2916
f 2919/3091/2919 2920/3092/2920 2921/3093/2921 2922/3094/2922
f 2923/3095/2923 2924/3096/2924 2921/3093/2921 2920/3092/2920
f 2925/3097/2925 2926/3098/2926 2921/3093/2921 2924/3096/2924
f 2927/3099/2927 2922/3094/2922 2921/3093/2921 2926/3098/2926
f 2928/3100/2928 2929/3101/2929 2930/3102/2930 2931/3103/2931
f 2932/3104/2932 2933/3105/2933 2930/3102/2930 2929/3101/2929
f 2925/3097/2925 2924/3096/2924 2930/3102/2930 2933/3105/2933
f 2923/3095/2923 2931/3103/2931 2930/3102/2930 2924/3096/2924
f 2889/3061/2889 2918/3090/2918 2934/3106/2934 2935/3107/2935
f 2915/3087/2915 2936/3108/2936 2934/3106/2934 2918/3090/2918
f 2925/3097/2925 2933/3105/2933 2934/3106/2934 2936/3108/2936
f 2932/3104/2932 2935/3107/2935 2934/3106/2934 2933/3105/2933
f 2911/3083/2911 2937/3109/2937 2938/3110/2938 2912/3084/2912
f 2927/3099/2927 2926/3098/2926 2938/3110/2938 2937/3109/2937
f 2925/3097/2925 2936/3108/2936 2938/3110/2938 2926/3098/2926
f 2915/3087/2915 2912/3084/2912 2938/3110/2938 2936/3108/2936
f 2928/3100/2928 2939/3111/2939 2940/3112/2940 2929/3101/2929
f 2941/3113/2941 2942/3114/2942 2940/3112/2940 2939/3111/2939
f 2943/3115/2943 2944/3116/2944 2940/3112/2940 2942/3114/2942
f 2932/3104/2932 2929/3101/2929 2940/3112/2940 2944/3116/2944
f 2945/3117/2945 2946/3118/2946 2947/3119/2947 2948/3120/2948
f 2949/3121/2949 2950/3122/2950 2947/3119/2947 2946/3118/2946
f 2943/3115/2943 2942/3114/2942 2947/3119/2947 2950/3122/2950
f 2941/3113/2941 2948/3120/2948 2947/3119/2947 2942/3114/2942
f 2895/3067/2895 2898/3070/2898 2951/3123/2951 2952/3124/2952
f 2893/3065/2893 2953/3125/2953 2951/3123/2951 2898/3070/2898
f 2943/3115/2943 2950/3122/2950 2951/3123/2951 2953/3125/2953
f 2949/3121/2949 2952/3124/2952 2951/3123/2951 2950/3122/2950
f 2889/3061/2889 2935/3107/2935 2954/3126/2954 2890/3062/2890
f 2932/3104/2932 2944/3116/2944 2954/3126/2954 2935/3107/2935
f 2943/3115/2943 2953/3125/2953 2954/3126/2954 2944/3116/2944
f 2893/3065/2893 2890/3062/2890 2954/3126/2954 2953/3125/2953
f 2955/3127/2955 2956/3128/2956 2957/3129/2957 2958/3130/2958
f 2959/3131/2959 2960/3132/2960 2957/3129/2957 2956/3128/2956
f 2961/3133/2961 2962/3134/2962 2957/3129/2957 2960/3132/2960
f 2963/3135/2963 2958/3130/2958 2957/3129/2957 2962/3134/2962
f 2964/3136/2964 2965/3137/2965 2966/3138/2966 2967/3139/2967
f 2968/3140/2968 2969/3141/2969 2966/3138/2966 2965/3137/2965
f 2961/3133/2961 2960/3132/2960 2966/3138/2966 2969/3141/2969
f 2959/3131/2959 2967/3139/2967 2966/3138/2966 2960/3132/2960
f 2970/3142/2970 2971/3143/2971 2972/3144/2972 2973/3145/2973
f 2974/3146/2974 2975/3147/2975 2972/3144/2972 2971/3143/2971
f 2961/3133/2961 2969/3141/2969 2972/3144/2972 2975/3147/2975
f 2968/3140/2968 2973/3145/2973 2972/3144/2972 2969/3141/2969
f 2976/3148/2976 2977/3149/2977 2978/3150/2978 2979/3151/2979
f 2963/3135/2963 2962/3134/2962 2978/3150/2978 2977/3149/2977
f 2961/3133/2961 2975/3147/2975 2978/3150/2978 2962/3134/2962
f 2974/3146/2974 2979/3151/2979 2978/3150/2978 2975/3147/2975
f 2964/3136/2964 2980/3152/2980 2981/3153/2981 2965/3137/2965
f 2982/3154/2982 2983/3155/2983 2981/3153/2981 2980/3152/2980
f 2984/3156/2984 2985/3157/2985 2981/3153/2981 2983/3155/2983
f 2968/3140/2968 2965/3137/2965 2981/3153/2981 2985/3157/2985
f 2986/3158/2986 2987/3159/2987 2988/3160/2988 2989/3161/2989
f 2990/3162/2990 2991/3163/2991 2988/3160/2988 2987/3159/2987
f 2984/3156/2984 2983/3155/2983 2988/3160/2988 2991/3163/2991
f 2982/3154/2982 2989/3161/2989 2988/3160/2988 2983/3155/2983
f 2992/3164/2992 2993/3165/2993 2994/3166/2994 2995/3167/2995
f 2996/3168/2996 2997/3169/2997 2994/3166/2994 2993/3165/2993
f 2984/3156/2984 2991/3163/2991 2994/3166/2994 2997/3169/2997
f 2990/3162/2990 2995/3167/2995 2994/3166/2994 2991/3163/2991
f 2970/3142/2970 2973/3145/2973 2998/3170/2998 2999/3171/2999
f 2968/3140/2968 2985/3157/2985 2998/3170/2998 2973/3145/2973
f 2984/3156/2984 2997/3169/2997 2998/3170/2998 2985/3157/2985
f 2996/3168/2996 2999/3171/2999 2998/3170/2998 2997/3169/2997
f 3000/3172/3000 3001/3173/3001 3002/3174/3002 3003/3175/3003
f 3004/3176/3004 3005/3177/3005 3002/3174/3002 3001/3173/3001
f 3006/3178/3006 3007/3179/3007 3002/3174/3002 3005/3177/3005
f 3008/3180/3008 3003/3175/3003 3002/3174/3002 3007/3179/3007
f 3009/3181/3009 3010/3182/3010 3011/3183/3011 3012/3184/3012
f 3013/3185/3013 3014/3186/3014 3011/3183/3011 3010/3182/3010
f 3006/3178/3006 3005/3177/3005 3011/3183/3011 3014/3186/3014
f 3004/3176/3004 3012/3184/3012 3011/3183/3011 3005/3177/3005
f 2970/3142/2970 2999/3171/2999 3015/3187/3015 3016/3188/3016
f 2996/3168/2996 3017/3189/3017 3015/3187/3015 2999/3171/2999
f 3006/3178/3006 3014/3186/3014 3015/3187/3015 3017/3189/3017
f 3013/3185/3013 3016/3188/3016 3015/3187/3015 3014/3186/3014
f 2992/3164/2992 3018/3190/3018 3019/3191/3019 2993/3165/2993
f 3008/3180/3008 3007/3179/3007 3019/3191/3019 3018/3190/3018
f 3006/3178/3006 3017/3189/3017 3019/3191/3019 3007/3179/3007
f 2996/3168/2996 2993/3165/2993 3019/3191/3019 3017/3189/3017
f 3009/3181/3009 3020/3192/3020 3021/3193/3021 3010/3182/3010
f 3022/3194/3022 3023/3195/3023 3021/3193/3021 3020/3192/3020
f 3024/3196/3024 3025/3197/3025 3021/3193/3021 3023/3195/3023
f 3013/3185/3013 3010/3182/3010 3021/3193/3021 3025/3197/3025
f 3026/3198/3026 3027/3199/3027 3028/3200/3028 3029/3201/3029
f 3030/3202/3030 3031/3203/3031 3028/3200/3028 3027/3199/3027
f 3024/3196/3024 3023/3195/3023 3028/3200/3028 3031/3203/3031
f 3022/3194/3022 3029/3201/3029 3028/3200/3028 3023/3195/3023
f 2976/3148/2976 2979/3151/2979 3032/3204/3032 3033/3205/3033
f 2974/3146/2974 3034/3206/3034 3032/3204/3032 2979/3151/2979
f 3024/3196/3024 3031/3203/3031 3032/3204/3032 3034/3206/3034
f 3030/3202/3030 3033/3205/3033 3032/3204/3032 3031/3203/3031
f 2970/3142/2970 3016/3188/3016 3035/3207/3035 2971/3143/2971
f 3013/3185/3013 3025/3197/3025 3035/3207/3035 3016/3188/3016
f 3024/3196/3024 3034/3206/3034 3035/3207/3035 3025/3197/3025
f 2974/3146/2974 2971/3143/2971 3035/3207/3035 3034/3206/3034
f 2905/3077/2905 2908/3080/2908 3036/3208/3036 3037/3209/3037
f 2901/3073/2901 3038/3210/3038 3036/3208/3036 2908/3080/2908
f 3039/3211/3039 3040/3212/3040 3036/3208/3036 3038/3210/3038
f 3041/3213/3041 3037/3209/3037 3036/3208/3036 3040/3212/3040
f 2883/3055/2883 3042/3214/3042 3043/3215/3043 2899/3071/2899
f 3044/3216/3044 3045/3217/3045 3043/3215/3043 3042/3214/3042
f 3039/3211/3039 3038/3210/3038 3043/3215/3043 3045/3217/3045
f 2901/3073/2901 2899/3071/2899 3043/3215/3043 3038/3210/3038
f 3046/3218/3046 3047/3219/3047 3048/3220/3048 3049/3221/3049
f 3050/3222/3050 3051/3223/3051 3048/3220/3048 3047/3219/3047
f 3039/3211/3039 3045/3217/3045 3048/3220/3048 3051/3223/3051
f 3044/3216/3044 3049/3221/3049 3048/3220/3048 3045/3217/3045
f 3052/3224/3052 3053/3225/3053 3054/3226/3054 3055/3227/3055
f 3041/3213/3041 3040/3212/3040 3054/3226/3054 3053/3225/3053
f 3039/3211/3039 3051/3223/3051 3054/3226/3054 3040/3212/3040
f 3050/3222/3050 3055/3227/3055 3054/3226/3054 3051/3223/3051
f 2883/3055/2883 2886/3058/2886 3056/3228/3056 3042/3214/3042
f 2878/3050/2878 3057/3229/3057 3056/3228/3056 2886/3058/2886
f 3058/3230/3058 3059/3231/3059 3056/3228/3056 3057/3229/3057
f 3044/3216/3044 3042/3214/3042 3056/3228/3056 3059/3231/3059
f 2874/3046/2874 3060/3232/3060 3061/3233/3061 2875/3047/2875
f 3062/3234/3062 3063/3235/3063 3061/3233/3061 3060/3232/3060
f 3058/3230/3058 3057/3229/3057 3061/3233/3061 3063/3235/3063
f 2878/3050/2878 2875/3047/2875 3061/3233/3061 3057/3229/3057
f 3064/3236/3064 3065/3237/3065 3066/3238/3066 3067/3239/3067
f 3068/3240/3068 3069/3241/3069 3066/3238/3066 3065/3237/3065
f 3058/3230/3058 3063/3235/3063 3066/3238/3066 3069/3241/3069
f 3062/3234/3062 3067/3239/3067 3066/3238/3066 3063/3235/3063
f 3046/3218/3046 3049/3221/3049 3070/3242/3070 3071/3243/3071
f 3044/3216/3044 3059/3231/3059 3070/3242/3070 3049/3221/3049
f 3058/3230/3058 3069/3241/3069 3070/3242/3070 3059/3231/3059
f 3068/3240/3068 3071/3243/3071 3070/3242/3070 3069/3241/3069
f 3072/3244/3072 3073/3245/3073 3074/3246/3074 3075/3247/3075
f 3076/3248/3076 3077/3249/3077 3074/3246/3074 3073/3245/3073
f 3078/3250/3078 3079/3251/3079 3074/3246/3074 3077/3249/3077
f 3080/3252/3080 3075/3247/3075 3074/3246/3074 3079/3251/3079
f 3081/3253/3081 3082/3254/3082 3083/3255/3083 3084/3256/3084
f 3085/3257/3085 3086/3258/3086 3083/3255/3083 3082/3254/3082
f 3078/3250/3078 3077/3249/3077 3083/3255/3083 3086/3258/3086
f 3076/3248/3076 3084/3256/3084 3083/3255/3083 3077/3249/3077
f 3046/3218/3046 3071/3243/3071 3087/3259/3087 3088/3260/3088
f 3068/3240/3068 3089/3261/3089 3087/3259/3087 3071/3243/3071
f 3078/3250/3078 3086/3258/3086 3087/3259/3087 3089/3261/3089
f 3085/3257/3085 3088/3260/3088 3087/3259/3087 3086/3258/3086
f 3064/3236/3064 3090/3262/3090 3091/3263/3091 3065/3237/3065
f 3080/3252/3080 3079/3251/3079 3091/3263/3091 3090/3262/3090
f 3078/3250/3078 3089/3261/3089 3091/3263/3091 3079/3251/3079
f 3068/3240/3068 3065/3237/3065 3091/3263/3091 3089/3261/3089
f 3081/3253/3081 3092/3264/3092 3093/3265/3093 3082/3254/3082
f 3094/3266/3094 3095/3267/3095 3093/3265/3093 3092/3264/3092
f 3096/3268/3096 3097/3269/3097 3093/3265/3093 3095/3267/3095
f 3085/3257/3085 3082/3254/3082 3093/3265/3093 3097/3269/3097
f 3098/3270/3098 3099/3271/3099 3100/3272/3100 3101/3273/3101
f 3102/3274/3102 3103/3275/3103 3100/3272/3100 3099/3271/3099
f 3096/3268/3096 3095/3267/3095 3100/3272/3100 3103/3275/3103
f 3094/3266/3094 3101/3273/3101 3100/3272/3100 3095/3267/3095
f 3052/3224/3052 3055/3227/3055 3104/3276/3104 3105/3277/3105
f 3050/3222/3050 3106/3278/3106 3104/3276/3104 3055/3227/3055
f 3096/3268/3096 3103/3275/3103 3104/3276/3104 3106/3278/3106
f 3102/3274/3102 3105/3277/3105 3104/3276/3104 3103/3275/3103
f 3046/3218/3046 3088/3260/3088 3107/3279/3107 3047/3219/3047
f 3085/3257/3085 3097/3269/3097 3107/3279/3107 3088/3260/3088
f 3096/3268/3096 3106/3278/3106 3107/3279/3107 3097/3269/3097
f 3050/3222/3050 3047/3219/3047 3107/3279/3107 3106/3278/3106
f 3108/3280/3108 3109/3281/3109 3110/3282/3110 3111/3283/3111
f 3112/3284/3112 3113/3285/3113 3110/3282/3110 3109/3281/3109
f 3114/3286/3114 3115/3287/3115 3110/3282/3110 3113/3285/3113
f 3116/3288/3116 3111/3283/3111 3110/3282/3110 3115/3287/3115
f 3117/3289/3117 3118/3290/3118 3119/3291/3119 3120/3292/3120
f 3121/3293/3121 3122/3294/3122 3119/3291/3119 3118/3290/3118
f 3114/3286/3114 3113/3285/3113 3119/3291/3119 3122/3294/3122
f 3112/3284/3112 3120/3292/3120 3119/3291/3119 3113/3285/3113
f 3123/3295/3123 3124/3296/3124 3125/3297/3125 3126/3298/3126
f 3127/3299/3127 3128/3300/3128 3125/3297/3125 3124/3296/3124
f 3114/3286/3114 3122/3294/3122 3125/3297/3125 3128/3300/3128
f 3121/3293/3121 3126/3298/3126 3125/3297/3125 3122/3294/3122
f 3129/3301/3129 3130/3302/3130 3131/3303/3131 3132/3304/3132
f 3116/3288/3116 3115/3287/3115 3131/3303/3131 3130/3302/3130
f 3114/3286/3114 3128/3300/3128 3131/3303/3131 3115/3287/3115
f 3127/3299/3127 3132/3304/3132 3131/3303/3131 3128/3300/3128
f 3117/3289/3117 3133/3305/3133 3134/3306/3134 3118/3290/3118
f 3135/3307/3135 3136/3308/3136 3134/3306/3134 3133/3305/3133
f 3137/3309/3137 3138/3310/3138 3134/3306/3134 3136/3308/3136
f 3121/3293/3121 3118/3290/3118 3134/3306/3134 3138/3310/3138
f 3139/3311/3139 3140/3312/3140 3141/3313/3141 3142/3314/3142
f 3143/3315/3143 3144/3316/3144 3141/3313/3141 3140/3312/3140
f 3137/3309/3137 3136/3308/3136 3141/3313/3141 3144/3316/3144
f 3135/3307/3135 3142/3314/3142 3141/3313/3141 3136/3308/3136
f 3145/3317/3145 3146/3318/3146 3147/3319/3147 3148/3320/3148
f 3149/3321/3149 3150/3322/3150 3147/3319/3147 3146/3318/3146
f 3137/3309/3137 3144/3316/3144 3147/3319/3147 3150/3322/3150
f 3143/3315/3143 3148/3320/3148 3147/3319/3147 3144/3316/3144
f 3123/3295/3123 3126/3298/3126 3151/3323/3151 3152/3324/3152
f 3121/3293/3121 3138/3310/3138 3151/3323/3151 3126/3298/3126
f 3137/3309/3137 3150/3322/3150 3151/3323/3151 3138/3310/3138
f 3149/3321/3149 3152/3324/3152 3151/3323/3151 3150/3322/3150
f 3026/3198/3026 3153/3325/3153 3154/3326/3154 3155/3327/3155
f 3156/3328/3156 3157/3329/3157 3154/3326/3154 3153/3325/3153
f 3158/3330/3158 3159/3331/3159 3154/3326/3154 3157/3329/3157
f 3160/3332/3160 3155/3327/3155 3154/3326/3154 3159/3331/3159
f 3161/3333/3161 3162/3334/3162 3163/3335/3163 3164/3336/3164
f 3165/3337/3165 3166/3338/3166 3163/3335/3163 3162/3334/3162
f 3158/3330/3158 3157/3329/3157 3163/3335/3163 3166/3338/3166
f 3156/3328/3156 3164/3336/3164 3163/3335/3163 3157/3329/3157
f 3123/3295/3123 3152/3324/3152 3167/3339/3167 3168/3340/3168
f 3149/3321/3149 3169/3341/3169 3167/3339/3167 3152/3324/3152
f 3158/3330/3158 3166/3338/3166 3167/3339/3167 3169/3341/3169
f 3165/3337/3165 3168/3340/3168 3167/3339/3167 3166/3338/3166
f 3145/3317/3145 3170/3342/3170 3171/3343/3171 3146/3318/3146
f 3160/3332/3160 3159/3331/3159 3171/3343/3171 3170/3342/3170
f 3158/3330/3158 3169/3341/3169 3171/3343/3171 3159/3331/3159
f 3149/3321/3149 3146/3318/3146 3171/3343/3171 3169/3341/3169
f 3161/3333/3161 3172/3344/3172 3173/3345/3173 3162/3334/3162
f 3174/3346/3174 3175/3347/3175 3173/3345/3173 3172/3344/3172
f 3176/3348/3176 3177/3349/3177 3173/3345/3173 3175/3347/3175
f 3165/3337/3165 3162/3334/3162 3173/3345/3173 3177/3349/3177
f 3178/3350/3178 3179/3351/3179 3180/3352/3180 3181/3353/3181
f 3182/3354/3182 3183/3355/3183 3180/3352/3180 3179/3351/3179
f 3176/3348/3176 3175/3347/3175 3180/3352/3180 3183/3355/3183
f 3174/3346/3174 3181/3353/3181 3180/3352/3180 3175/3347/3175
f 3129/3301/3129 3132/3304/3132 3184/3356/3184 3185/3357/3185
f 3127/3299/3127 3186/3358/3186 3184/3356/3184 3132/3304/3132
f 3176/3348/3176 3183/3355/3183 3184/3356/3184 3186/3358/3186
f 3182/3354/3182 3185/3357/3185 3184/3356/3184 3183/3355/3183
f 3123/3295/3123 3168/3340/3168 3187/3359/3187 3124/3296/3124
f 3165/3337/3165 3177/3349/3177 3187/3359/3187 3168/3340/3168
f 3176/3348/3176 3186/3358/3186 3187/3359/3187 3177/3349/3177
f 3127/3299/3127 3124/3296/3124 3187/3359/3187 3186/3358/3186
f 3188/3360/3188 3189/3361/3189 3190/3362/3190 3191/3363/3191
f 3192/3364/3192 3193/3365/3193 3190/3362/3190 3189/3361/3189
f 3194/3366/3194 3195/3367/3195 3190/3362/3190 3193/3365/3193
f 3196/3368/3196 3191/3363/3191 3190/3362/3190 3195/3367/3195
f 3197/3369/3197 3198/3370/3198 3199/3371/3199 3200/3372/3200
f 3201/3373/3201 3202/3374/3202 3199/3371/3199 3198/3370/3198
f 3194/3366/3194 3193/3365/3193 3199/3371/3199 3202/3374/3202
f 3192/3364/3192 3200/3372/3200 3199/3371/3199 3193/3365/3193
f 3203/3375/3203 3204/3376/3204 3205/3377/3205 3206/3378/3206
f 3207/3379/3207 3208/3380/3208 3205/3377/3205 3204/3376/3204
f 3194/3366/3194 3202/3374/3202 3205/3377/3205 3208/3380/3208
f 3201/3373/3201 3206/3378/3206 3205/3377/3205 3202/3374/3202
f 3209/3381/3209 3210/3382/3210 3211/3383/3211 3212/3384/3212
f 3196/3368/3196 3195/3367/3195 3211/3383/3211 3210/3382/3210
f 3194/3366/3194 3208/3380/3208 3211/3383/3211 3195/3367/3195
f 3207/3379/3207 3212/3384/3212 3211/3383/3211 3208/3380/3208
f 3197/3385/3197 3213/3386/3213 3214/3387/3214 3198/3388/3198
f 3215/3389/3215 3216/3390/3216 3214/3387/3214 3213/3386/3213
f 3217/3391/3217 3218/3392/3218 3214/3387/3214 3216/3390/3216
f 3201/3393/3201 3198/3388/3198 3214/3387/3214 3218/3392/3218
f 3219/3394/3219 3220/3395/3220 3221/3396/3221 3222/3397/3222
f 3223/3398/3223 3224/3399/3224 3221/3396/3221 3220/3395/3220
f 3217/3391/3217 3216/3390/3216 3221/3396/3221 3224/3399/3224
f 3215/3389/3215 3222/3397/3222 3221/3396/3221 3216/3390/3216
f 3225/3400/3225 3226/3401/3226 3227/3402/3227 3228/3403/3228
f 3229/3404/3229 3230/3405/3230 3227/3402/3227 3226/3401/3226
f 3217/3391/3217 3224/3399/3224 3227/3402/3227 3230/3405/3230
f 3223/3398/3223 3228/3403/3228 3227/3402/3227 3224/3399/3224
f 3203/3406/3203 3206/3407/3206 3231/3408/3231 3232/3409/3232
f 3201/3393/3201 3218/3392/3218 3231/3408/3231 3206/3407/3206
f 3217/3391/3217 3230/3405/3230 3231/3408/3231 3218/3392/3218
f 3229/3404/3229 3232/3409/3232 3231/3408/3231 3230/3405/3230
f 2986/3410/2986 2989/3411/2989 3233/3412/3233 3234/3413/3234
f 2982/3414/2982 3235/3415/3235 3233/3412/3233 2989/3411/2989
f 3236/3416/3236 3237/3417/3237 3233/3412/3233 3235/3415/3235
f 3238/3418/3238 3234/3413/3234 3233/3412/3233 3237/3417/3237
f 2964/3419/2964 3239/3420/3239 3240/3421/3240 2980/3422/2980
f 3241/3423/3241 3242/3424/3242 3240/3421/3240 3239/3420/3239
f 3236/3416/3236 3235/3415/3235 3240/3421/3240 3242/3424/3242
f 2982/3414/2982 2980/3422/2980 3240/3421/3240 3235/3415/3235
f 3203/3406/3203 3232/3409/3232 3243/3425/3243 3244/3426/3244
f 3229/3404/3229 3245/3427/3245 3243/3425/3243 3232/3409/3232
f 3236/3416/3236 3242/3424/3242 3243/3425/3243 3245/3427/3245
f 3241/3423/3241 3244/3426/3244 3243/3425/3243 3242/3424/3242
f 3225/3400/3225 3246/3428/3246 3247/3429/3247 3226/3401/3226
f 3238/3418/3238 3237/3417/3237 3247/3429/3247 3246/3428/3246
f 3236/3416/3236 3245/3427/3245 3247/3429/3247 3237/3417/3237
f 3229/3404/3229 3226/3401/3226 3247/3429/3247 3245/3427/3245
f 2964/3136/2964 2967/3139/2967 3248/3430/3248 3239/3431/3239
f 2959/3131/2959 3249/3432/3249 3248/3430/3248 2967/3139/2967
f 3250/3433/3250 3251/3434/3251 3248/3430/3248 3249/3432/3249
f 3241/3435/3241 3239/3431/3239 3248/3430/3248 3251/3434/3251
f 2955/3127/2955 3252/3436/3252 3253/3437/3253 2956/3128/2956
f 3254/3438/3254 3255/3439/3255 3253/3437/3253 3252/3436/3252
f 3250/3433/3250 3249/3432/3249 3253/3437/3253 3255/3439/3255
f 2959/3131/2959 2956/3128/2956 3253/3437/3253 3249/3432/3249
f 3209/3381/3209 3212/3384/3212 3256/3440/3256 3257/3441/3257
f 3207/3379/3207 3258/3442/3258 3256/3440/3256 3212/3384/3212
f 3250/3433/3250 3255/3439/3255 3256/3440/3256 3258/3442/3258
f 3254/3438/3254 3257/3441/3257 3256/3440/3256 3255/3439/3255
f 3203/3375/3203 3244/3443/3244 3259/3444/3259 3204/3376/3204
f 3241/3435/3241 3251/3434/3251 3259/3444/3259 3244/3443/3244
f 3250/3433/3250 3258/3442/3258 3259/3444/3259 3251/3434/3251
f 3207/3379/3207 3204/3376/3204 3259/3444/3259 3258/3442/3258
f 3026/3198/3026 3029/3201/3029 3260/3445/3260 3153/3325/3153
f 3022/3194/3022 3261/3446/3261 3260/3445/3260 3029/3201/3029
f 3262/3447/3262 3263/3448/3263 3260/3445/3260 3261/3446/3261
f 3156/3328/3156 3153/3325/3153 3260/3445/3260 3263/3448/3263
f 3009/3181/3009 3264/3449/3264 3265/3450/3265 3020/3192/3020
f 3266/3451/3266 3267/3452/3267 3265/3450/3265 3264/3449/3264
f 3262/3447/3262 3261/3446/3261 3265/3450/3265 3267/3452/3267
f 3022/3194/3022 3020/3192/3020 3265/3450/3265 3261/3446/3261
f 3268/3453/3268 3269/3454/3269 3270/3455/3270 3271/3456/3271
f 3272/3457/3272 3273/3458/3273 3270/3455/3270 3269/3454/3269
f 3262/3447/3262 3267/3452/3267 3270/3455/3270 3273/3458/3273
f 3266/3451/3266 3271/3456/3271 3270/3455/3270 3267/3452/3267
f 3161/3333/3161 3164/3336/3164 3274/3459/3274 3275/3460/3275
f 3156/3328/3156 3263/3448/3263 3274/3459/3274 3164/3336/3164
f 3262/3447/3262 3273/3458/3273 3274/3459/3274 3263/3448/3263
f 3272/3457/3272 3275/3460/3275 3274/3459/3274 3273/3458/3273
f 3009/3181/3009 3012/3184/3012 3276/3461/3276 3264/3449/3264
f 3004/3176/3004 3277/3462/3277 3276/3461/3276 3012/3184/3012
f 3278/3463/3278 3279/3464/3279 3276/3461/3276 3277/3462/3277
f 3266/3451/3266 3264/3449/3264 3276/3461/3276 3279/3464/3279
f 3000/3172/3000 3280/3465/3280 3281/3466/3281 3001/3173/3001
f 3282/3467/3282 3283/3468/3283 3281/3466/3281 3280/3465/3280
f 3278/3463/3278 3277/3462/3277 3281/3466/3281 3283/3468/3283
f 3004/3176/3004 3001/3173/3001 3281/3466/3281 3277/3462/3277
f 3284/3469/3284 3285/3470/3285 3286/3471/3286 3287/3472/3287
f 3288/3473/3288 3289/3474/3289 3286/3471/3286 3285/3470/3285
f 3278/3463/3278 3283/3468/3283 3286/3471/3286 3289/3474/3289
f 3282/3467/3282 3287/3472/3287 3286/3471/3286 3283/3468/3283
f 3268/3453/3268 3271/3456/3271 3290/3475/3290 3291/3476/3291
f 3266/3451/3266 3279/3464/3279 3290/3475/3290 3271/3456/3271
f 3278/3463/3278 3289/3474/3289 3290/3475/3290 3279/3464/3279
f 3288/3473/3288 3291/3476/3291 3290/3475/3290 3289/3474/3289
f 3292/3477/3292 3293/3478/3293 3294/3479/3294 3295/3480/3295
f 3296/3481/3296 3297/3482/3297 3294/3479/3294 3293/3478/3293
f 3298/3483/3298 3299/3484/3299 3294/3479/3294 3297/3482/3297
f 3300/3485/3300 3295/3480/3295 3294/3479/3294 3299/3484/3299
f 3301/3486/3301 3302/3487/3302 3303/3488/3303 3304/3489/3304
f 3305/3490/3305 3306/3491/3306 3303/3488/3303 3302/3487/3302
f 3298/3483/3298 3297/3482/3297 3303/3488/3303 3306/3491/3306
f 3296/3481/3296 3304/3489/3304 3303/3488/3303 3297/3482/3297
f 3268/3453/3268 3291/3476/3291 3307/3492/3307 3308/3493/3308
f 3288/3473/3288 3309/3494/3309 3307/3492/3307 3291/3476/3291
f 3298/3483/3298 3306/3491/3306 3307/3492/3307 3309/3494/3309
f 3305/3490/3305 3308/3493/3308 3307/3492/3307 3306/3491/3306
f 3284/3469/3284 3310/3495/3310 3311/3496/3311 3285/3470/3285
f 3300/3485/3300 3299/3484/3299 3311/3496/3311 3310/3495/3310
f 3298/3483/3298 3309/3494/3309 3311/3496/3311 3299/3484/3299
f 3288/3473/3288 3285/3470/3285 3311/3496/3311 3309/3494/3309
f 3301/3486/3301 3312/3497/3312 3313/3498/3313 3302/3487/3302
f 3314/3499/3314 3315/3500/3315 3313/3498/3313 3312/3497/3312
f 3316/3501/3316 3317/3502/3317 3313/3498/3313 3315/3500/3315
f 3305/3490/3305 3302/3487/3302 3313/3498/3313 3317/3502/3317
f 3178/3350/3178 3181/3353/3181 3318/3503/3318 3319/3504/3319
f 3174/3346/3174 3320/3505/3320 3318/3503/3318 3181/3353/3181
f 3316/3501/3316 3315/3500/3315 3318/3503/3318 3320/3505/3320
f 3314/3499/3314 3319/3504/3319 3318/3503/3318 3315/3500/3315
f 3161/3333/3161 3275/3460/3275 3321/3506/3321 3172/3344/3172
f 3272/3457/3272 3322/3507/3322 3321/3506/3321 3275/3460/3275
f 3316/3501/3316 3320/3505/3320 3321/3506/3321 3322/3507/3322
f 3174/3346/3174 3172/3344/3172 3321/3506/3321 3320/3505/3320
f 3268/3453/3268 3308/3493/3308 3323/3508/3323 3269/3454/3269
f 3305/3490/3305 3317/3502/3317 3323/3508/3323 3308/3493/3308
f 3316/3501/3316 3322/3507/3322 3323/3508/3323 3317/3502/3317
f 3272/3457/3272 3269/3454/3269 3323/3508/3323 3322/3507/3322
f 3026/3198/3026 3155/3327/3155 3324/3509/3324 3027/3199/3027
f 3160/3332/3160 3325/3510/3325 3324/3509/3324 3155/3327/3155
f 3326/3511/3326 3327/3512/3327 3324/3509/3324 3325/3510/3325
f 3030/3202/3030 3027/3199/3027 3324/3509/3324 3327/3512/3327
f 3145/3317/3145 3328/3513/3328 3329/3514/3329 3170/3342/3170
f 3330/3515/3330 3331/3516/3331 3329/3514/3329 3328/3513/3328
f 3326/3511/3326 3325/3510/3325 3329/3514/3329 3331/3516/3331
f 3160/3332/3160 3170/3342/3170 3329/3514/3329 3325/3510/3325
f 3332/3517/3332 3333/3518/3333 3334/3519/3334 3335/3520/3335
f 3336/3521/3336 3337/3522/3337 3334/3519/3334 3333/3518/3333
f 3326/3511/3326 3331/3516/3331 3334/3519/3334 3337/3522/3337
f 3330/3515/3330 3335/3520/3335 3334/3519/3334 3331/3516/3331
f 2976/3148/2976 3033/3205/3033 3338/3523/3338 3339/3524/3339
f 3030/3202/3030 3327/3512/3327 3338/3523/3338 3033/3205/3033
f 3326/3511/3326 3337/3522/3337 3338/3523/3338 3327/3512/3327
f 3336/3521/3336 3339/3524/3339 3338/3523/3338 3337/3522/3337
f 3145/3317/3145 3148/3320/3148 3340/3525/3340 3328/3513/3328
f 3143/3315/3143 3341/3526/3341 3340/3525/3340 3148/3320/3148
f 3342/3527/3342 3343/3528/3343 3340/3525/3340 3341/3526/3341
f 3330/3515/3330 3328/3513/3328 3340/3525/3340 3343/3528/3343
f 3139/3311/3139 3344/3529/3344 3345/3530/3345 3140/3312/3140
f 3346/3531/3346 3347/3532/3347 3345/3530/3345 3344/3529/3344
f 3342/3527/3342 3341/3526/3341 3345/3530/3345 3347/3532/3347
f 3143/3315/3143 3140/3312/3140 3345/3530/3345 3341/3526/3341
f 3348/3533/3348 3349/3534/3349 3350/3535/3350 3351/3536/3351
f 3352/3537/3352 3353/3538/3353 3350/3535/3350 3349/3534/3349
f 3342/3527/3342 3347/3532/3347 3350/3535/3350 3353/3538/3353
f 3346/3531/3346 3351/3536/3351 3350/3535/3350 3347/3532/3347
f 3332/3517/3332 3335/3520/3335 3354/3539/3354 3355/3540/3355
f 3330/3515/3330 3343/3528/3343 3354/3539/3354 3335/3520/3335
f 3342/3527/3342 3353/3538/3353 3354/3539/3354 3343/3528/3343
f 3352/3537/3352 3355/3540/3355 3354/3539/3354 3353/3538/3353
f 3188/3360/3188 3191/3363/3191 3356/3541/3356 3357/3542/3357
f 3196/3368/3196 3358/3543/3358 3356/3541/3356 3191/3363/3191
f 3359/3544/3359 3360/3545/3360 3356/3541/3356 3358/3543/3358
f 3361/3546/3361 3357/3542/3357 3356/3541/3356 3360/3545/3360
f 3209/3381/3209 3362/3547/3362 3363/3548/3363 3210/3382/3210
f 3364/3549/3364 3365/3550/3365 3363/3548/3363 3362/3547/3362
f 3359/3544/3359 3358/3543/3358 3363/3548/3363 3365/3550/3365
f 3196/3368/3196 3210/3382/3210 3363/3548/3363 3358/3543/3358
f 3332/3517/3332 3355/3540/3355 3366/3551/3366 3367/3552/3367
f 3352/3537/3352 3368/3553/3368 3366/3551/3366 3355/3540/3355
f 3359/3544/3359 3365/3550/3365 3366/3551/3366 3368/3553/3368
f 3364/3549/3364 3367/3552/3367 3366/3551/3366 3365/3550/3365
f 3348/3533/3348 3369/3554/3369 3370/3555/3370 3349/3534/3349
f 3361/3546/3361 3360/3545/3360 3370/3555/3370 3369/3554/3369
f 3359/3544/3359 3368/3553/3368 3370/3555/3370 3360/3545/3360
f 3352/3537/3352 3349/3534/3349 3370/3555/3370 3368/3553/3368
f 3209/3381/3209 3257/3441/3257 3371/3556/3371 3362/3547/3362
f 3254/3438/3254 3372/3557/3372 3371/3556/3371 3257/3441/3257
f 3373/3558/3373 3374/3559/3374 3371/3556/3371 3372/3557/3372
f 3364/3549/3364 3362/3547/3362 3371/3556/3371 3374/3559/3374
f 2955/3127/2955 2958/3130/2958 3375/3560/3375 3252/3436/3252
f 2963/3135/2963 3376/3561/3376 3375/3560/3375 2958/3130/2958
f 3373/3558/3373 3372/3557/3372 3375/3560/3375 3376/3561/3376
f 3254/3438/3254 3252/3436/3252 3375/3560/3375 3372/3557/3372
f 2976/3148/2976 3339/3524/3339 3377/3562/3377 2977/3149/2977
f 3336/3521/3336 3378/3563/3378 3377/3562/3377 3339/3524/3339
f 3373/3558/3373 3376/3561/3376 3377/3562/3377 3378/3563/3378
f 2963/3135/2963 2977/3149/2977 3377/3562/3377 3376/3561/3376
f 3332/3517/3332 3367/3552/3367 3379/3564/3379 3333/3518/3333
f 3364/3549/3364 3374/3559/3374 3379/3564/3379 3367/3552/3367
f 3373/3558/3373 3378/3563/3378 3379/3564/3379 3374/3559/3374
f 3336/3521/3336 3333/3518/3333 3379/3564/3379 3378/3563/3378
f 507/520/507 510/523/510 3380/3565/3380 3381/3566/3381
f 515/528/515 3382/3567/3382 3380/3565/3380 510/523/510
f 3383/3568/3383 3384/3569/3384 3380/3565/3380 3382/3567/3382
f 3385/3570/3385 3381/3566/3381 3380/3565/3380 3384/3569/3384
f 528/541/528 3386/3571/3386 3387/3572/3387 529/542/529
f 3388/3573/3388 3389/3574/3389 3387/3572/3387 3386/3571/3386
f 3383/3568/3383 3382/3567/3382 3387/3572/3387 3389/3574/3389
f 515/528/515 529/542/529 3387/3572/3387 3382/3567/3382
f 3390/3575/3390 3391/3576/3391 3392/3577/3392 3393/3578/3393
f 3394/3579/3394 3395/3580/3395 3392/3577/3392 3391/3576/3391
f 3383/3568/3383 3389/3574/3389 3392/3577/3392 3395/3580/3395
f 3388/3573/3388 3393/3578/3393 3392/3577/3392 3389/3574/3389
f 3396/3581/3396 3397/3582/3397 3398/3583/3398 3399/3584/3399
f 3385/3570/3385 3384/3569/3384 3398/3583/3398 3397/3582/3397
f 3383/3568/3383 3395/3580/3395 3398/3583/3398 3384/3569/3384
f 3394/3579/3394 3399/3584/3399 3398/3583/3398 3395/3580/3395
f 528/541/528 583/597/583 3400/3585/3400 3386/3571/3386
f 580/594/580 3401/3586/3401 3400/3585/3400 583/597/583
f 3402/3587/3402 3403/3588/3403 3400/3585/3400 3401/3586/3401
f 3388/3573/3388 3386/3571/3386 3400/3585/3400 3403/3588/3403
f 576/590/576 3404/3589/3404 3405/3590/3405 577/591/577
f 3406/3591/3406 3407/3592/3407 3405/3590/3405 3404/3589/3404
f 3402/3587/3402 3401/3586/3401 3405/3590/3405 3407/3592/3407
f 580/594/580 577/591/577 3405/3590/3405 3401/3586/3401
f 3408/3593/3408 3409/3594/3409 3410/3595/3410 3411/3596/3411
f 3412/3597/3412 3413/3598/3413 3410/3595/3410 3409/3594/3409
f 3402/3587/3402 3407/3592/3407 3410/3595/3410 3413/3598/3413
f 3406/3591/3406 3411/3596/3411 3410/3595/3410 3407/3592/3407
f 3390/3575/3390 3393/3578/3393 3414/3599/3414 3415/3600/3415
f 3388/3573/3388 3403/3588/3403 3414/3599/3414 3393/3578/3393
f 3402/3587/3402 3413/3598/3413 3414/3599/3414 3403/3588/3403
f 3412/3597/3412 3415/3600/3415 3414/3599/3414 3413/3598/3413
f 3219/3394/3219 3416/3601/3416 3417/3602/3417 3418/3603/3418
f 3419/3604/3419 3420/3605/3420 3417/3602/3417 3416/3601/3416
f 3421/3606/3421 3422/3607/3422 3417/3602/3417 3420/3605/3420
f 3423/3608/3423 3418/3603/3418 3417/3602/3417 3422/3607/3422
f 3424/3609/3424 3425/3610/3425 3426/3611/3426 3427/3612/3427
f 3428/3613/3428 3429/3614/3429 3426/3611/3426 3425/3610/3425
f 3421/3606/3421 3420/3605/3420 3426/3611/3426 3429/3614/3429
f 3419/3604/3419 3427/3612/3427 3426/3611/3426 3420/3605/3420
f 3390/3575/3390 3415/3600/3415 3430/3615/3430 3431/3616/3431
f 3412/3597/3412 3432/3617/3432 3430/3615/3430 3415/3600/3415
f 3421/3606/3421 3429/3614/3429 3430/3615/3430 3432/3617/3432
f 3428/3613/3428 3431/3616/3431 3430/3615/3430 3429/3614/3429
f 3408/3593/3408 3433/3618/3433 3434/3619/3434 3409/3594/3409
f 3423/3608/3423 3422/3607/3422 3434/3619/3434 3433/3618/3433
f 3421/3606/3421 3432/3617/3432 3434/3619/3434 3422/3607/3422
f 3412/3597/3412 3409/3594/3409 3434/3619/3434 3432/3617/3432
f 3424/3609/3424 3435/3620/3435 3436/3621/3436 3425/3610/3425
f 3437/3622/3437 3438/3623/3438 3436/3621/3436 3435/3620/3435
f 3439/3624/3439 3440/3625/3440 3436/3621/3436 3438/3623/3438
f 3428/3613/3428 3425/3610/3425 3436/3621/3436 3440/3625/3440
f 2945/3626/2945 3441/3627/3441 3442/3628/3442 3443/3629/3443
f 3444/3630/3444 3445/3631/3445 3442/3628/3442 3441/3627/3441
f 3439/3624/3439 3438/3623/3438 3442/3628/3442 3445/3631/3445
f 3437/3622/3437 3443/3629/3443 3442/3628/3442 3438/3623/3438
f 3396/3581/3396 3399/3584/3399 3446/3632/3446 3447/3633/3447
f 3394/3579/3394 3448/3634/3448 3446/3632/3446 3399/3584/3399
f 3439/3624/3439 3445/3631/3445 3446/3632/3446 3448/3634/3448
f 3444/3630/3444 3447/3633/3447 3446/3632/3446 3445/3631/3445
f 3390/3575/3390 3431/3616/3431 3449/3635/3449 3391/3576/3391
f 3428/3613/3428 3440/3625/3440 3449/3635/3449 3431/3616/3431
f 3439/3624/3439 3448/3634/3448 3449/3635/3449 3440/3625/3440
f 3394/3579/3394 3391/3576/3391 3449/3635/3449 3448/3634/3448
f 3178/3350/3178 3319/3504/3319 3450/3636/3450 3451/3637/3451
f 3314/3499/3314 3452/3638/3452 3450/3636/3450 3319/3504/3319
f 3453/3639/3453 3454/3640/3454 3450/3636/3450 3452/3638/3452
f 3455/3641/3455 3451/3637/3451 3450/3636/3450 3454/3640/3454
f 3301/3486/3301 3456/3642/3456 3457/3643/3457 3312/3497/3312
f 3458/3644/3458 3459/3645/3459 3457/3643/3457 3456/3642/3456
f 3453/3639/3453 3452/3638/3452 3457/3643/3457 3459/3645/3459
f 3314/3499/3314 3312/3497/3312 3457/3643/3457 3452/3638/3452
f 3460/3646/3460 3461/3647/3461 3462/3648/3462 3463/3649/3463
f 3464/3650/3464 3465/3651/3465 3462/3648/3462 3461/3647/3461
f 3453/3639/3453 3459/3645/3459 3462/3648/3462 3465/3651/3465
f 3458/3644/3458 3463/3649/3463 3462/3648/3462 3459/3645/3459
f 3466/3652/3466 3467/3653/3467 3468/3654/3468 3469/3655/3469
f 3455/3641/3455 3454/3640/3454 3468/3654/3468 3467/3653/3467
f 3453/3639/3453 3465/3651/3465 3468/3654/3468 3454/3640/3454
f 3464/3650/3464 3469/3655/3469 3468/3654/3468 3465/3651/3465
f 3301/3486/3301 3304/3489/3304 3470/3656/3470 3456/3642/3456
f 3296/3481/3296 3471/3657/3471 3470/3656/3470 3304/3489/3304
f 3472/3658/3472 3473/3659/3473 3470/3656/3470 3471/3657/3471
f 3458/3644/3458 3456/3642/3456 3470/3656/3470 3473/3659/3473
f 3292/3477/3292 3474/3660/3474 3475/3661/3475 3293/3478/3293
f 3476/3662/3476 3477/3663/3477 3475/3661/3475 3474/3660/3474
f 3472/3658/3472 3471/3657/3471 3475/3661/3475 3477/3663/3477
f 3296/3481/3296 3293/3478/3293 3475/3661/3475 3471/3657/3471
f 3478/3664/3478 3479/3665/3479 3480/3666/3480 3481/3667/3481
f 3482/3668/3482 3483/3669/3483 3480/3666/3480 3479/3665/3479
f 3472/3658/3472 3477/3663/3477 3480/3666/3480 3483/3669/3483
f 3476/3662/3476 3481/3667/3481 3480/3666/3480 3477/3663/3477
f 3460/3646/3460 3463/3649/3463 3484/3670/3484 3485/3671/3485
f 3458/3644/3458 3473/3659/3473 3484/3670/3484 3463/3649/3463
f 3472/3658/3472 3483/3669/3483 3484/3670/3484 3473/3659/3473
f 3482/3668/3482 3485/3671/3485 3484/3670/3484 3483/3669/3483
f 3486/3672/3486 3487/3673/3487 3488/3674/3488 3489/3675/3489
f 3490/3676/3490 3491/3677/3491 3488/3674/3488 3487/3673/3487
f 3492/3678/3492 3493/3679/3493 3488/3674/3488 3491/3677/3491
f 3494/3680/3494 3489/3675/3489 3488/3674/3488 3493/3679/3493
f 3495/3681/3495 3496/3682/3496 3497/3683/3497 3498/3684/3498
f 3499/3685/3499 3500/3686/3500 3497/3683/3497 3496/3682/3496
f 3492/3678/3492 3491/3677/3491 3497/3683/3497 3500/3686/3500
f 3490/3676/3490 3498/3684/3498 3497/3683/3497 3491/3677/3491
f 3460/3646/3460 3485/3671/3485 3501/3687/3501 3502/3688/3502
f 3482/3668/3482 3503/3689/3503 3501/3687/3501 3485/3671/3485
f 3492/3678/3492 3500/3686/3500 3501/3687/3501 3503/3689/3503
f 3499/3685/3499 3502/3688/3502 3501/3687/3501 3500/3686/3500
f 3478/3664/3478 3504/3690/3504 3505/3691/3505 3479/3665/3479
f 3494/3680/3494 3493/3679/3493 3505/3691/3505 3504/3690/3504
f 3492/3678/3492 3503/3689/3503 3505/3691/3505 3493/3679/3493
f 3482/3668/3482 3479/3665/3479 3505/3691/3505 3503/3689/3503
f 3495/3681/3495 3506/3692/3506 3507/3693/3507 3496/3682/3496
f 3508/3694/3508 3509/3695/3509 3507/3693/3507 3506/3692/3506
f 3510/3696/3510 3511/3697/3511 3507/3693/3507 3509/3695/3509
f 3499/3685/3499 3496/3682/3496 3507/3693/3507 3511/3697/3511
f 3512/3698/3512 3513/3699/3513 3514/3700/3514 3515/3701/3515
f 3516/3702/3516 3517/3703/3517 3514/3700/3514 3513/3699/3513
f 3510/3696/3510 3509/3695/3509 3514/3700/3514 3517/3703/3517
f 3508/3694/3508 3515/3701/3515 3514/3700/3514 3509/3695/3509
f 3466/3652/3466 3469/3655/3469 3518/3704/3518 3519/3705/3519
f 3464/3650/3464 3520/3706/3520 3518/3704/3518 3469/3655/3469
f 3510/3696/3510 3517/3703/3517 3518/3704/3518 3520/3706/3520
f 3516/3702/3516 3519/3705/3519 3518/3704/3518 3517/3703/3517
f 3460/3646/3460 3502/3688/3502 3521/3707/3521 3461/3647/3461
f 3499/3685/3499 3511/3697/3511 3521/3707/3521 3502/3688/3502
f 3510/3696/3510 3520/3706/3520 3521/3707/3521 3511/3697/3511
f 3464/3650/3464 3461/3647/3461 3521/3707/3521 3520/3706/3520
f 2905/3077/2905 3037/3209/3037 3522/3708/3522 3523/3709/3523
f 3041/3213/3041 3524/3710/3524 3522/3708/3522 3037/3209/3037
f 3525/3711/3525 3526/3712/3526 3522/3708/3522 3524/3710/3524
f 3527/3713/3527 3523/3709/3523 3522/3708/3522 3526/3712/3526
f 3052/3224/3052 3528/3714/3528 3529/3715/3529 3053/3225/3053
f 3530/3716/3530 3531/3717/3531 3529/3715/3529 3528/3714/3528
f 3525/3711/3525 3524/3710/3524 3529/3715/3529 3531/3717/3531
f 3041/3213/3041 3053/3225/3053 3529/3715/3529 3524/3710/3524
f 3532/3718/3532 3533/3719/3533 3534/3720/3534 3535/3721/3535
f 3536/3722/3536 3537/3723/3537 3534/3720/3534 3533/3719/3533
f 3525/3711/3525 3531/3717/3531 3534/3720/3534 3537/3723/3537
f 3530/3716/3530 3535/3721/3535 3534/3720/3534 3531/3717/3531
f 3538/3724/3538 3539/3725/3539 3540/3726/3540 3541/3727/3541
f 3527/3713/3527 3526/3712/3526 3540/3726/3540 3539/3725/3539
f 3525/3711/3525 3537/3723/3537 3540/3726/3540 3526/3712/3526
f 3536/3722/3536 3541/3727/3541 3540/3726/3540 3537/3723/3537
f 3052/3224/3052 3105/3277/3105 3542/3728/3542 3528/3714/3528
f 3102/3274/3102 3543/3729/3543 3542/3728/3542 3105/3277/3105
f 3544/3730/3544 3545/3731/3545 3542/3728/3542 3543/3729/3543
f 3530/3716/3530 3528/3714/3528 3542/3728/3542 3545/3731/3545
f 3098/3270/3098 3546/3732/3546 3547/3733/3547 3099/3271/3099
f 3548/3734/3548 3549/3735/3549 3547/3733/3547 3546/3732/3546
f 3544/3730/3544 3543/3729/3543 3547/3733/3547 3549/3735/3549
f 3102/3274/3102 3099/3271/3099 3547/3733/3547 3543/3729/3543
f 3550/3736/3550 3551/3737/3551 3552/3738/3552 3553/3739/3553
f 3554/3740/3554 3555/3741/3555 3552/3738/3552 3551/3737/3551
f 3544/3730/3544 3549/3735/3549 3552/3738/3552 3555/3741/3555
f 3548/3734/3548 3553/3739/3553 3552/3738/3552 3549/3735/3549
f 3532/3718/3532 3535/3721/3535 3556/3742/3556 3557/3743/3557
f 3530/3716/3530 3545/3731/3545 3556/3742/3556 3535/3721/3535
f 3544/3730/3544 3555/3741/3555 3556/3742/3556 3545/3731/3545
f 3554/3740/3554 3557/3743/3557 3556/3742/3556 3555/3741/3555
f 3558/3744/3558 3559/3745/3559 3560/3746/3560 3561/3747/3561
f 3562/3748/3562 3563/3749/3563 3560/3746/3560 3559/3745/3559
f 3564/3750/3564 3565/3751/3565 3560/3746/3560 3563/3749/3563
f 3566/3752/3566 3561/3747/3561 3560/3746/3560 3565/3751/3565
f 3567/3753/3567 3568/3754/3568 3569/3755/3569 3570/3756/3570
f 3571/3757/3571 3572/3758/3572 3569/3755/3569 3568/3754/3568
f 3564/3750/3564 3563/3749/3563 3569/3755/3569 3572/3758/3572
f 3562/3748/3562 3570/3756/3570 3569/3755/3569 3563/3749/3563
f 3532/3718/3532 3557/3743/3557 3573/3759/3573 3574/3760/3574
f 3554/3740/3554 3575/3761/3575 3573/3759/3573 3557/3743/3557
f 3564/3750/3564 3572/3758/3572 3573/3759/3573 3575/3761/3575
f 3571/3757/3571 3574/3760/3574 3573/3759/3573 3572/3758/3572
f 3550/3736/3550 3576/3762/3576 3577/3763/3577 3551/3737/3551
f 3566/3752/3566 3565/3751/3565 3577/3763/3577 3576/3762/3576
f 3564/3750/3564 3575/3761/3575 3577/3763/3577 3565/3751/3565
f 3554/3740/3554 3551/3737/3551 3577/3763/3577 3575/3761/3575
f 3567/3753/3567 3578/3764/3578 3579/3765/3579 3568/3754/3568
f 3580/3766/3580 3581/3767/3581 3579/3765/3579 3578/3764/3578
f 3582/3768/3582 3583/3769/3583 3579/3765/3579 3581/3767/3581
f 3571/3757/3571 3568/3754/3568 3579/3765/3579 3583/3769/3583
f 3584/3770/3584 3585/3771/3585 3586/3772/3586 3587/3773/3587
f 3588/3774/3588 3589/3775/3589 3586/3772/3586 3585/3771/3585
f 3582/3768/3582 3581/3767/3581 3586/3772/3586 3589/3775/3589
f 3580/3766/3580 3587/3773/3587 3586/3772/3586 3581/3767/3581
f 3538/3724/3538 3541/3727/3541 3590/3776/3590 3591/3777/3591
f 3536/3722/3536 3592/3778/3592 3590/3776/3590 3541/3727/3541
f 3582/3768/3582 3589/3775/3589 3590/3776/3590 3592/3778/3592
f 3588/3774/3588 3591/3777/3591 3590/3776/3590 3589/3775/3589
f 3532/3718/3532 3574/3760/3574 3593/3779/3593 3533/3719/3533
f 3571/3757/3571 3583/3769/3583 3593/3779/3593 3574/3760/3574
f 3582/3768/3582 3592/3778/3592 3593/3779/3593 3583/3769/3583
f 3536/3722/3536 3533/3719/3533 3593/3779/3593 3592/3778/3592
f 3108/3280/3108 3111/3283/3111 3594/3780/3594 3595/3781/3595
f 3116/3288/3116 3596/3782/3596 3594/3780/3594 3111/3283/3111
f 3597/3783/3597 3598/3784/3598 3594/3780/3594 3596/3782/3596
f 3599/3785/3599 3595/3781/3595 3594/3780/3594 3598/3784/3598
f 3129/3301/3129 3600/3786/3600 3601/3787/3601 3130/3302/3130
f 3602/3788/3602 3603/3789/3603 3601/3787/3601 3600/3786/3600
f 3597/3783/3597 3596/3782/3596 3601/3787/3601 3603/3789/3603
f 3116/3288/3116 3130/3302/3130 3601/3787/3601 3596/3782/3596
f 3604/3790/3604 3605/3791/3605 3606/3792/3606 3607/3793/3607
f 3608/3794/3608 3609/3795/3609 3606/3792/3606 3605/3791/3605
f 3597/3783/3597 3603/3789/3603 3606/3792/3606 3609/3795/3609
f 3602/3788/3602 3607/3793/3607 3606/3792/3606 3603/3789/3603
f 3610/3796/3610 3611/3797/3611 3612/3798/3612 3613/3799/3613
f 3599/3785/3599 3598/3784/3598 3612/3798/3612 3611/3797/3611
f 3597/3783/3597 3609/3795/3609 3612/3798/3612 3598/3784/3598
f 3608/3794/3608 3613/3799/3613 3612/3798/3612 3609/3795/3609
f 3129/3301/3129 3185/3357/3185 3614/3800/3614 3600/3786/3600
f 3182/3354/3182 3615/3801/3615 3614/3800/3614 3185/3357/3185
f 3616/3802/3616 3617/3803/3617 3614/3800/3614 3615/3801/3615
f 3602/3788/3602 3600/3786/3600 3614/3800/3614 3617/3803/3617
f 3178/3350/3178 3451/3637/3451 3618/3804/3618 3179/3351/3179
f 3455/3641/3455 3619/3805/3619 3618/3804/3618 3451/3637/3451
f 3616/3802/3616 3615/3801/3615 3618/3804/3618 3619/3805/3619
f 3182/3354/3182 3179/3351/3179 3618/3804/3618 3615/3801/3615
f 3466/3652/3466 3620/3806/3620 3621/3807/3621 3467/3653/3467
f 3622/3808/3622 3623/3809/3623 3621/3807/3621 3620/3806/3620
f 3616/3802/3616 3619/3805/3619 3621/3807/3621 3623/3809/3623
f 3455/3641/3455 3467/3653/3467 3621/3807/3621 3619/3805/3619
f 3604/3790/3604 3607/3793/3607 3624/3810/3624 3625/3811/3625
f 3602/3788/3602 3617/3803/3617 3624/3810/3624 3607/3793/3607
f 3616/3802/3616 3623/3809/3623 3624/3810/3624 3617/3803/3617
f 3622/3808/3622 3625/3811/3625 3624/3810/3624 3623/3809/3623
f 3512/3698/3512 3626/3812/3626 3627/3813/3627 3513/3699/3513
f 3628/3814/3628 3629/3815/3629 3627/3813/3627 3626/3812/3626
f 3630/3816/3630 3631/3817/3631 3627/3813/3627 3629/3815/3629
f 3516/3702/3516 3513/3699/3513 3627/3813/3627 3631/3817/3631
f 3632/3818/3632 3633/3819/3633 3634/3820/3634 3635/3821/3635
f 3636/3822/3636 3637/3823/3637 3634/3820/3634 3633/3819/3633
f 3630/3816/3630 3629/3815/3629 3634/3820/3634 3637/3823/3637
f 3628/3814/3628 3635/3821/3635 3634/3820/3634 3629/3815/3629
f 3604/3790/3604 3625/3811/3625 3638/3824/3638 3639/3825/3639
f 3622/3808/3622 3640/3826/3640 3638/3824/3638 3625/3811/3625
f 3630/3816/3630 3637/3823/3637 3638/3824/3638 3640/3826/3640
f 3636/3822/3636 3639/3825/3639 3638/3824/3638 3637/3823/3637
f 3466/3652/3466 3519/3705/3519 3641/3827/3641 3620/3806/3620
f 3516/3702/3516 3631/3817/3631 3641/3827/3641 3519/3705/3519
f 3630/3816/3630 3640/3826/3640 3641/3827/3641 3631/3817/3631
f 3622/3808/3622 3620/3806/3620 3641/3827/3641 3640/3826/3640
f 3632/3818/3632 3642/3828/3642 3643/3829/3643 3633/3819/3633
f 3644/3830/3644 3645/3831/3645 3643/3829/3643 3642/3828/3642
f 3646/3832/3646 3647/3833/3647 3643/3829/3643 3645/3831/3645
f 3636/3822/3636 3633/3819/3633 3643/3829/3643 3647/3833/3647
f 3648/3834/3648 3649/3835/3649 3650/3836/3650 3651/3837/3651
f 3652/3838/3652 3653/3839/3653 3650/3836/3650 3649/3835/3649
f 3646/3832/3646 3645/3831/3645 3650/3836/3650 3653/3839/3653
f 3644/3830/3644 3651/3837/3651 3650/3836/3650 3645/3831/3645
f 3610/3796/3610 3613/3799/3613 3654/3840/3654 3655/3841/3655
f 3608/3794/3608 3656/3842/3656 3654/3840/3654 3613/3799/3613
f 3646/3832/3646 3653/3839/3653 3654/3840/3654 3656/3842/3656
f 3652/3838/3652 3655/3841/3655 3654/3840/3654 3653/3839/3653
f 3604/3790/3604 3639/3825/3639 3657/3843/3657 3605/3791/3605
f 3636/3822/3636 3647/3833/3647 3657/3843/3657 3639/3825/3639
f 3646/3832/3646 3656/3842/3656 3657/3843/3657 3647/3833/3647
f 3608/3794/3608 3605/3791/3605 3657/3843/3657 3656/3842/3656
f 794/808/794 3658/3844/3658 3659/3845/3659 795/809/795
f 3660/3846/3660 3661/3847/3661 3659/3845/3659 3658/3844/3658
f 3662/3848/3662 3663/3849/3663 3659/3845/3659 3661/3847/3661
f 798/812/798 795/809/795 3659/3845/3659 3663/3849/3663
f 3664/3850/3664 3665/3851/3665 3666/3852/3666 3667/3853/3667
f 3668/3854/3668 3669/3855/3669 3666/3852/3666 3665/3851/3665
f 3662/3848/3662 3661/3847/3661 3666/3852/3666 3669/3855/3669
f 3660/3846/3660 3667/3853/3667 3666/3852/3666 3661/3847/3661
f 3670/3856/3670 3671/3857/3671 3672/3858/3672 3673/3859/3673
f 3674/3860/3674 3675/3861/3675 3672/3858/3672 3671/3857/3671
f 3662/3848/3662 3669/3855/3669 3672/3858/3672 3675/3861/3675
f 3668/3854/3668 3673/3859/3673 3672/3858/3672 3669/3855/3669
f 803/817/803 806/820/806 3676/3862/3676 3677/3863/3677
f 798/812/798 3663/3849/3663 3676/3862/3676 806/820/806
f 3662/3848/3662 3675/3861/3675 3676/3862/3676 3663/3849/3663
f 3674/3860/3674 3677/3863/3677 3676/3862/3676 3675/3861/3675
f 3664/3850/3664 3678/3864/3678 3679/3865/3679 3665/3851/3665
f 3680/3866/3680 3681/3867/3681 3679/3865/3679 3678/3864/3678
f 3682/3868/3682 3683/3869/3683 3679/3865/3679 3681/3867/3681
f 3668/3854/3668 3665/3851/3665 3679/3865/3679 3683/3869/3683
f 2919/3870/2919 3684/3871/3684 3685/3872/3685 3686/3873/3686
f 3687/3874/3687 3688/3875/3688 3685/3872/3685 3684/3871/3684
f 3682/3868/3682 3681/3867/3681 3685/3872/3685 3688/3875/3688
f 3680/3866/3680 3686/3873/3686 3685/3872/3685 3681/3867/3681
f 3689/3876/3689 3690/3877/3690 3691/3878/3691 3692/3879/3692
f 3693/3880/3693 3694/3881/3694 3691/3878/3691 3690/3877/3690
f 3682/3868/3682 3688/3875/3688 3691/3878/3691 3694/3881/3694
f 3687/3874/3687 3692/3879/3692 3691/3878/3691 3688/3875/3688
f 3670/3856/3670 3673/3859/3673 3695/3882/3695 3696/3883/3696
f 3668/3854/3668 3683/3869/3683 3695/3882/3695 3673/3859/3673
f 3682/3868/3682 3694/3881/3694 3695/3882/3695 3683/3869/3683
f 3693/3880/3693 3696/3883/3696 3695/3882/3695 3694/3881/3694
f 3697/3884/3697 3698/3885/3698 3699/3886/3699 3700/3887/3700
f 3701/3888/3701 3702/3889/3702 3699/3886/3699 3698/3885/3698
f 3703/3890/3703 3704/3891/3704 3699/3886/3699 3702/3889/3702
f 3705/3892/3705 3700/3887/3700 3699/3886/3699 3704/3891/3704
f 3706/3893/3706 3707/3894/3707 3708/3895/3708 3709/3896/3709
f 3710/3897/3710 3711/3898/3711 3708/3895/3708 3707/3894/3707
f 3703/3890/3703 3702/3889/3702 3708/3895/3708 3711/3898/3711
f 3701/3888/3701 3709/3896/3709 3708/3895/3708 3702/3889/3702
f 3670/3856/3670 3696/3883/3696 3712/3899/3712 3713/3900/3713
f 3693/3880/3693 3714/3901/3714 3712/3899/3712 3696/3883/3696
f 3703/3890/3703 3711/3898/3711 3712/3899/3712 3714/3901/3714
f 3710/3897/3710 3713/3900/3713 3712/3899/3712 3711/3898/3711
f 3689/3876/3689 3715/3902/3715 3716/3903/3716 3690/3877/3690
f 3705/3892/3705 3704/3891/3704 3716/3903/3716 3715/3902/3715
f 3703/3890/3703 3714/3901/3714 3716/3903/3716 3704/3891/3704
f 3693/3880/3693 3690/3877/3690 3716/3903/3716 3714/3901/3714
f 3706/3893/3706 3717/3904/3717 3718/3905/3718 3707/3894/3707
f 3719/3906/3719 3720/3907/3720 3718/3905/3718 3717/3904/3717
f 3721/3908/3721 3722/3909/3722 3718/3905/3718 3720/3907/3720
f 3710/3897/3710 3707/3894/3707 3718/3905/3718 3722/3909/3722
f 825/839/825 828/842/828 3723/3910/3723 3724/3911/3724
f 821/835/821 3725/3912/3725 3723/3910/3723 828/842/828
f 3721/3908/3721 3720/3907/3720 3723/3910/3723 3725/3912/3725
f 3719/3906/3719 3724/3911/3724 3723/3910/3723 3720/3907/3720
f 803/817/803 3677/3863/3677 3726/3913/3726 819/833/819
f 3674/3860/3674 3727/3914/3727 3726/3913/3726 3677/3863/3677
f 3721/3908/3721 3725/3912/3725 3726/3913/3726 3727/3914/3727
f 821/835/821 819/833/819 3726/3913/3726 3725/3912/3725
f 3670/3856/3670 3713/3900/3713 3728/3915/3728 3671/3857/3671
f 3710/3897/3710 3722/3909/3722 3728/3915/3728 3713/3900/3713
f 3721/3908/3721 3727/3914/3727 3728/3915/3728 3722/3909/3722
f 3674/3860/3674 3671/3857/3671 3728/3915/3728 3727/3914/3727
f 3558/3744/3558 3561/3747/3561 3729/3916/3729 3730/3917/3730
f 3566/3752/3566 3731/3918/3731 3729/3916/3729 3561/3747/3561
f 3732/3919/3732 3733/3920/3733 3729/3916/3729 3731/3918/3731
f 3734/3921/3734 3730/3917/3730 3729/3916/3729 3733/3920/3733
f 3550/3736/3550 3735/3922/3735 3736/3923/3736 3576/3762/3576
f 3737/3924/3737 3738/3925/3738 3736/3923/3736 3735/3922/3735
f 3732/3919/3732 3731/3918/3731 3736/3923/3736 3738/3925/3738
f 3566/3752/3566 3576/3762/3576 3736/3923/3736 3731/3918/3731
f 3739/3926/3739 3740/3927/3740 3741/3928/3741 3742/3929/3742
f 3743/3930/3743 3744/3931/3744 3741/3928/3741 3740/3927/3740
f 3732/3919/3732 3738/3925/3738 3741/3928/3741 3744/3931/3744
f 3737/3924/3737 3742/3929/3742 3741/3928/3741 3738/3925/3738
f 3745/3932/3745 3746/3933/3746 3747/3934/3747 3748/3935/3748
f 3734/3921/3734 3733/3920/3733 3747/3934/3747 3746/3933/3746
f 3732/3919/3732 3744/3931/3744 3747/3934/3747 3733/3920/3733
f 3743/3930/3743 3748/3935/3748 3747/3934/3747 3744/3931/3744
f 3550/3736/3550 3553/3739/3553 3749/3936/3749 3735/3922/3735
f 3548/3734/3548 3750/3937/3750 3749/3936/3749 3553/3739/3553
f 3751/3938/3751 3752/3939/3752 3749/3936/3749 3750/3937/3750
f 3737/3924/3737 3735/3922/3735 3749/3936/3749 3752/3939/3752
f 3098/3270/3098 3753/3940/3753 3754/3941/3754 3546/3732/3546
f 3755/3942/3755 3756/3943/3756 3754/3941/3754 3753/3940/3753
f 3751/3938/3751 3750/3937/3750 3754/3941/3754 3756/3943/3756
f 3548/3734/3548 3546/3732/3546 3754/3941/3754 3750/3937/3750
f 3757/3944/3757 3758/3945/3758 3759/3946/3759 3760/3947/3760
f 3761/3948/3761 3762/3949/3762 3759/3946/3759 3758/3945/3758
f 3751/3938/3751 3756/3943/3756 3759/3946/3759 3762/3949/3762
f 3755/3942/3755 3760/3947/3760 3759/3946/3759 3756/3943/3756
f 3739/3926/3739 3742/3929/3742 3763/3950/3763 3764/3951/3764
f 3737/3924/3737 3752/3939/3752 3763/3950/3763 3742/3929/3742
f 3751/3938/3751 3762/3949/3762 3763/3950/3763 3752/3939/3752
f 3761/3948/3761 3764/3951/3764 3763/3950/3763 3762/3949/3762
f 3108/3280/3108 3595/3781/3595 3765/3952/3765 3766/3953/3766
f 3599/3785/3599 3767/3954/3767 3765/3952/3765 3595/3781/3595
f 3768/3955/3768 3769/3956/3769 3765/3952/3765 3767/3954/3767
f 3770/3957/3770 3766/3953/3766 3765/3952/3765 3769/3956/3769
f 3610/3796/3610 3771/3958/3771 3772/3959/3772 3611/3797/3611
f 3773/3960/3773 3774/3961/3774 3772/3959/3772 3771/3958/3771
f 3768/3955/3768 3767/3954/3767 3772/3959/3772 3774/3961/3774
f 3599/3785/3599 3611/3797/3611 3772/3959/3772 3767/3954/3767
f 3739/3926/3739 3764/3951/3764 3775/3962/3775 3776/3963/3776
f 3761/3948/3761 3777/3964/3777 3775/3962/3775 3764/3951/3764
f 3768/3955/3768 3774/3961/3774 3775/3962/3775 3777/3964/3777
f 3773/3960/3773 3776/3963/3776 3775/3962/3775 3774/3961/3774
f 3757/3944/3757 3778/3965/3778 3779/3966/3779 3758/3945/3758
f 3770/3957/3770 3769/3956/3769 3779/3966/3779 3778/3965/3778
f 3768/3955/3768 3777/3964/3777 3779/3966/3779 3769/3956/3769
f 3761/3948/3761 3758/3945/3758 3779/3966/3779 3777/3964/3777
f 3610/3796/3610 3655/3841/3655 3780/3967/3780 3771/3958/3771
f 3652/3838/3652 3781/3968/3781 3780/3967/3780 3655/3841/3655
f 3782/3969/3782 3783/3970/3783 3780/3967/3780 3781/3968/3781
f 3773/3960/3773 3771/3958/3771 3780/3967/3780 3783/3970/3783
f 3648/3834/3648 3784/3971/3784 3785/3972/3785 3649/3835/3649
f 3786/3973/3786 3787/3974/3787 3785/3972/3785 3784/3971/3784
f 3782/3969/3782 3781/3968/3781 3785/3972/3785 3787/3974/3787
f 3652/3838/3652 3649/3835/3649 3785/3972/3785 3781/3968/3781
f 3745/3932/3745 3748/3935/3748 3788/3975/3788 3789/3976/3789
f 3743/3930/3743 3790/3977/3790 3788/3975/3788 3748/3935/3748
f 3782/3969/3782 3787/3974/3787 3788/3975/3788 3790/3977/3790
f 3786/3973/3786 3789/3976/3789 3788/3975/3788 3787/3974/3787
f 3739/3926/3739 3776/3963/3776 3791/3978/3791 3740/3927/3740
f 3773/3960/3773 3783/3970/3783 3791/3978/3791 3776/3963/3776
f 3782/3969/3782 3790/3977/3790 3791/3978/3791 3783/3970/3783
f 3743/3930/3743 3740/3927/3740 3791/3978/3791 3790/3977/3790
f 3098/3270/3098 3101/3273/3101 3792/3979/3792 3753/3940/3753
f 3094/3266/3094 3793/3980/3793 3792/3979/3792 3101/3273/3101
f 3794/3981/3794 3795/3982/3795 3792/3979/3792 3793/3980/3793
f 3755/3942/3755 3753/3940/3753 3792/3979/3792 3795/3982/3795
f 3081/3253/3081 3796/3983/3796 3797/3984/3797 3092/3264/3092
f 3798/3985/3798 3799/3986/3799 3797/3984/3797 3796/3983/3796
f 3794/3981/3794 3793/3980/3793 3797/3984/3797 3799/3986/3799
f 3094/3266/3094 3092/3264/3092 3797/3984/3797 3793/3980/3793
f 3800/3987/3800 3801/3988/3801 3802/3989/3802 3803/3990/3803
f 3804/3991/3804 3805/3992/3805 3802/3989/3802 3801/3988/3801
f 3794/3981/3794 3799/3986/3799 3802/3989/3802 3805/3992/3805
f 3798/3985/3798 3803/3990/3803 3802/3989/3802 3799/3986/3799
f 3757/3944/3757 3760/3947/3760 3806/3993/3806 3807/3994/3807
f 3755/3942/3755 3795/3982/3795 3806/3993/3806 3760/3947/3760
f 3794/3981/3794 3805/3992/3805 3806/3993/3806 3795/3982/3795
f 3804/3991/3804 3807/3994/3807 3806/3993/3806 3805/3992/3805
f 3081/3253/3081 3084/3256/3084 3808/3995/3808 3796/3983/3796
f 3076/3248/3076 3809/3996/3809 3808/3995/3808 3084/3256/3084
f 3810/3997/3810 3811/3998/3811 3808/3995/3808 3809/3996/3809
f 3798/3985/3798 3796/3983/3796 3808/3995/3808 3811/3998/3811
f 3072/3244/3072 3812/3999/3812 3813/4000/3813 3073/3245/3073
f 3814/4001/3814 3815/4002/3815 3813/4000/3813 3812/3999/3812
f 3810/3997/3810 3809/3996/3809 3813/4000/3813 3815/4002/3815
f 3076/3248/3076 3073/3245/3073 3813/4000/3813 3809/3996/3809
f 3816/4003/3816 3817/4004/3817 3818/4005/3818 3819/4006/3819
f 3820/4007/3820 3821/4008/3821 3818/4005/3818 3817/4004/3817
f 3810/3997/3810 3815/4002/3815 3818/4005/3818 3821/4008/3821
f 3814/4001/3814 3819/4006/3819 3818/4005/3818 3815/4002/3815
f 3800/3987/3800 3803/3990/3803 3822/4009/3822 3823/4010/3823
f 3798/3985/3798 3811/3998/3811 3822/4009/3822 3803/3990/3803
f 3810/3997/3810 3821/4008/3821 3822/4009/3822 3811/3998/3811
f 3820/4007/3820 3823/4010/3823 3822/4009/3822 3821/4008/3821
f 3139/3311/3139 3142/3314/3142 3824/4011/3824 3825/4012/3825
f 3135/3307/3135 3826/4013/3826 3824/4011/3824 3142/3314/3142
f 3827/4014/3827 3828/4015/3828 3824/4011/3824 3826/4013/3826
f 3829/4016/3829 3825/4012/3825 3824/4011/3824 3828/4015/3828
f 3117/3289/3117 3830/4017/3830 3831/4018/3831 3133/3305/3133
f 3832/4019/3832 3833/4020/3833 3831/4018/3831 3830/4017/3830
f 3827/4014/3827 3826/4013/3826 3831/4018/3831 3833/4020/3833
f 3135/3307/3135 3133/3305/3133 3831/4018/3831 3826/4013/3826
f 3800/3987/3800 3823/4010/3823 3834/4021/3834 3835/4022/3835
f 3820/4007/3820 3836/4023/3836 3834/4021/3834 3823/4010/3823
f 3827/4014/3827 3833/4020/3833 3834/4021/3834 3836/4023/3836
f 3832/4019/3832 3835/4022/3835 3834/4021/3834 3833/4020/3833
f 3816/4003/3816 3837/4024/3837 3838/4025/3838 3817/4004/3817
f 3829/4016/3829 3828/4015/3828 3838/4025/3838 3837/4024/3837
f 3827/4014/3827 3836/4023/3836 3838/4025/3838 3828/4015/3828
f 3820/4007/3820 3817/4004/3817 3838/4025/3838 3836/4023/3836
f 3117/3289/3117 3120/3292/3120 3839/4026/3839 3830/4017/3830
f 3112/3284/3112 3840/4027/3840 3839/4026/3839 3120/3292/3120
f 3841/4028/3841 3842/4029/3842 3839/4026/3839 3840/4027/3840
f 3832/4019/3832 3830/4017/3830 3839/4026/3839 3842/4029/3842
f 3108/3280/3108 3766/3953/3766 3843/4030/3843 3109/3281/3109
f 3770/3957/3770 3844/4031/3844 3843/4030/3843 3766/3953/3766
f 3841/4028/3841 3840/4027/3840 3843/4030/3843 3844/4031/3844
f 3112/3284/3112 3109/3281/3109 3843/4030/3843 3840/4027/3840
f 3757/3944/3757 3807/3994/3807 3845/4032/3845 3778/3965/3778
f 3804/3991/3804 3846/4033/3846 3845/4032/3845 3807/3994/3807
f 3841/4028/3841 3844/4031/3844 3845/4032/3845 3846/4033/3846
f 3770/3957/3770 3778/3965/3778 3845/4032/3845 3844/4031/3844
f 3800/3987/3800 3835/4022/3835 3847/4034/3847 3801/3988/3801
f 3832/4019/3832 3842/4029/3842 3847/4034/3847 3835/4022/3835
f 3841/4028/3841 3846/4033/3846 3847/4034/3847 3842/4029/3842
f 3804/3991/3804 3801/3988/3801 3847/4034/3847 3846/4033/3846
f 3072/3244/3072 3075/3247/3075 3848/4035/3848 3812/3999/3812
f 3080/3252/3080 3849/4036/3849 3848/4035/3848 3075/3247/3075
f 3850/4037/3850 3851/4038/3851 3848/4035/3848 3849/4036/3849
f 3814/4001/3814 3812/3999/3812 3848/4035/3848 3851/4038/3851
f 3064/3236/3064 3852/4039/3852 3853/4040/3853 3090/3262/3090
f 3854/4041/3854 3855/4042/3855 3853/4040/3853 3852/4039/3852
f 3850/4037/3850 3849/4036/3849 3853/4040/3853 3855/4042/3855
f 3080/3252/3080 3090/3262/3090 3853/4040/3853 3849/4036/3849
f 3856/4043/3856 3857/4044/3857 3858/4045/3858 3859/4046/3859
f 3860/4047/3860 3861/4048/3861 3858/4045/3858 3857/4044/3857
f 3850/4037/3850 3855/4042/3855 3858/4045/3858 3861/4048/3861
f 3854/4041/3854 3859/4046/3859 3858/4045/3858 3855/4042/3855
f 3816/4003/3816 3819/4006/3819 3862/4049/3862 3863/4050/3863
f 3814/4001/3814 3851/4038/3851 3862/4049/3862 3819/4006/3819
f 3850/4037/3850 3861/4048/3861 3862/4049/3862 3851/4038/3851
f 3860/4047/3860 3863/4050/3863 3862/4049/3862 3861/4048/3861
f 3064/3236/3064 3067/3239/3067 3864/4051/3864 3852/4039/3852
f 3062/3234/3062 3865/4052/3865 3864/4051/3864 3067/3239/3067
f 3866/4053/3866 3867/4054/3867 3864/4051/3864 3865/4052/3865
f 3854/4041/3854 3852/4039/3852 3864/4051/3864 3867/4054/3867
f 2874/3046/2874 3868/4055/3868 3869/4056/3869 3060/3232/3060
f 3870/4057/3870 3871/4058/3871 3869/4056/3869 3868/4055/3868
f 3866/4053/3866 3865/4052/3865 3869/4056/3869 3871/4058/3871
f 3062/3234/3062 3060/3232/3060 3869/4056/3869 3865/4052/3865
f 3872/4059/3872 3873/4060/3873 3874/4061/3874 3875/4062/3875
f 3876/4063/3876 3877/4064/3877 3874/4061/3874 3873/4060/3873
f 3866/4053/3866 3871/4058/3871 3874/4061/3874 3877/4064/3877
f 3870/4057/3870 3875/4062/3875 3874/4061/3874 3871/4058/3871
f 3856/4043/3856 3859/4046/3859 3878/4065/3878 3879/4066/3879
f 3854/4041/3854 3867/4054/3867 3878/4065/3878 3859/4046/3859
f 3866/4053/3866 3877/4064/3877 3878/4065/3878 3867/4054/3867
f 3876/4063/3876 3879/4066/3879 3878/4065/3878 3877/4064/3877
f 3188/3360/3188 3357/3542/3357 3880/4067/3880 3881/4068/3881
f 3361/3546/3361 3882/4069/3882 3880/4067/3880 3357/3542/3357
f 3883/4070/3883 3884/4071/3884 3880/4067/3880 3882/4069/3882
f 3885/4072/3885 3881/4068/3881 3880/4067/3880 3884/4071/3884
f 3348/3533/3348 3886/4073/3886 3887/4074/3887 3369/3554/3369
f 3888/4075/3888 3889/4076/3889 3887/4074/3887 3886/4073/3886
f 3883/4070/3883 3882/4069/3882 3887/4074/3887 3889/4076/3889
f 3361/3546/3361 3369/3554/3369 3887/4074/3887 3882/4069/3882
f 3856/4043/3856 3879/4066/3879 3890/4077/3890 3891/4078/3891
f 3876/4063/3876 3892/4079/3892 3890/4077/3890 3879/4066/3879
f 3883/4070/3883 3889/4076/3889 3890/4077/3890 3892/4079/3892
f 3888/4075/3888 3891/4078/3891 3890/4077/3890 3889/4076/3889
f 3872/4059/3872 3893/4080/3893 3894/4081/3894 3873/4060/3873
f 3885/4072/3885 3884/4071/3884 3894/4081/3894 3893/4080/3893
f 3883/4070/3883 3892/4079/3892 3894/4081/3894 3884/4071/3884
f 3876/4063/3876 3873/4060/3873 3894/4081/3894 3892/4079/3892
f 3348/3533/3348 3351/3536/3351 3895/4082/3895 3886/4073/3886
f 3346/3531/3346 3896/4083/3896 3895/4082/3895 3351/3536/3351
f 3897/4084/3897 3898/4085/3898 3895/4082/3895 3896/4083/3896
f 3888/4075/3888 3886/4073/3886 3895/4082/3895 3898/4085/3898
f 3139/3311/3139 3825/4012/3825 3899/4086/3899 3344/3529/3344
f 3829/4016/3829 3900/4087/3900 3899/4086/3899 3825/4012/3825
f 3897/4084/3897 3896/4083/3896 3899/4086/3899 3900/4087/3900
f 3346/3531/3346 3344/3529/3344 3899/4086/3899 3896/4083/3896
f 3816/4003/3816 3863/4050/3863 3901/4088/3901 3837/4024/3837
f 3860/4047/3860 3902/4089/3902 3901/4088/3901 3863/4050/3863
f 3897/4084/3897 3900/4087/3900 3901/4088/3901 3902/4089/3902
f 3829/4016/3829 3837/4024/3837 3901/4088/3901 3900/4087/3900
f 3856/4043/3856 3891/4078/3891 3903/4090/3903 3857/4044/3857
f 3888/4075/3888 3898/4085/3898 3903/4090/3903 3891/4078/3891
f 3897/4084/3897 3902/4089/3902 3903/4090/3903 3898/4085/3898
f 3860/4047/3860 3857/4044/3857 3903/4090/3903 3902/4089/3902
f 2945/4091/2945 2948/4092/2948 3904/4093/3904 3441/4094/3441
f 2941/4095/2941 3905/4096/3905 3904/4093/3904 2948/4092/2948
f 3906/4097/3906 3907/4098/3907 3904/4093/3904 3905/4096/3905
f 3444/4099/3444 3441/4094/3441 3904/4093/3904 3907/4098/3907
f 2928/4100/2928 3908/4101/3908 3909/4102/3909 2939/4103/2939
f 3910/4104/3910 3911/4105/3911 3909/4102/3909 3908/4101/3908
f 3906/4097/3906 3905/4096/3905 3909/4102/3909 3911/4105/3911
f 2941/4095/2941 2939/4103/2939 3909/4102/3909 3905/4096/3905
f 3912/4106/3912 3913/4107/3913 3914/4108/3914 3915/4109/3915
f 3916/4110/3916 3917/4111/3917 3914/4108/3914 3913/4107/3913
f 3906/4097/3906 3911/4105/3911 3914/4108/3914 3917/4111/3917
f 3910/4104/3910 3915/4109/3915 3914/4108/3914 3911/4105/3911
f 3396/4112/3396 3447/4113/3447 3918/4114/3918 3919/4115/3919
f 3444/4099/3444 3907/4098/3907 3918/4114/3918 3447/4113/3447
f 3906/4097/3906 3917/4111/3917 3918/4114/3918 3907/4098/3907
f 3916/4110/3916 3919/4115/3919 3918/4114/3918 3917/4111/3917
f 2928/4100/2928 2931/4116/2931 3920/4117/3920 3908/4101/3908
f 2923/4118/2923 3921/4119/3921 3920/4117/3920 2931/4116/2931
f 3922/4120/3922 3923/4121/3923 3920/4117/3920 3921/4119/3921
f 3910/4104/3910 3908/4101/3908 3920/4117/3920 3923/4121/3923
f 2919/3870/2919 3686/3873/3686 3924/4122/3924 2920/4123/2920
f 3680/3866/3680 3925/4124/3925 3924/4122/3924 3686/3873/3686
f 3922/4120/3922 3921/4119/3921 3924/4122/3924 3925/4124/3925
f 2923/4118/2923 2920/4123/2920 3924/4122/3924 3921/4119/3921
f 3664/3850/3664 3926/4125/3926 3927/4126/3927 3678/3864/3678
f 3928/4127/3928 3929/4128/3929 3927/4126/3927 3926/4125/3926
f 3922/4120/3922 3925/4124/3925 3927/4126/3927 3929/4128/3929
f 3680/3866/3680 3678/3864/3678 3927/4126/3927 3925/4124/3925
f 3912/4106/3912 3915/4109/3915 3930/4129/3930 3931/4130/3931
f 3910/4104/3910 3923/4121/3923 3930/4129/3930 3915/4109/3915
f 3922/4120/3922 3929/4128/3929 3930/4129/3930 3923/4121/3923
f 3928/4127/3928 3931/4130/3931 3930/4129/3930 3929/4128/3929
f 794/808/794 1082/1110/1082 3932/4131/3932 3658/3844/3658
f 1086/1114/1086 3933/4132/3933 3932/4131/3932 1082/1110/1082
f 3934/4133/3934 3935/4134/3935 3932/4131/3932 3933/4132/3933
f 3660/3846/3660 3658/3844/3658 3932/4131/3932 3935/4134/3935
f 1073/1124/1073 3936/4135/3936 3937/4136/3937 1094/1125/1094
f 3938/4137/3938 3939/4138/3939 3937/4136/3937 3936/4135/3936
f 3934/4133/3934 3933/4132/3933 3937/4136/3937 3939/4138/3939
f 1086/1114/1086 1094/1125/1094 3937/4136/3937 3933/4132/3933
f 3912/4106/3912 3931/4130/3931 3940/4139/3940 3941/4140/3941
f 3928/4127/3928 3942/4141/3942 3940/4139/3940 3931/4130/3931
f 3934/4133/3934 3939/4138/3939 3940/4139/3940 3942/4141/3942
f 3938/4137/3938 3941/4140/3941 3940/4139/3940 3939/4138/3939
f 3664/3850/3664 3667/3853/3667 3943/4142/3943 3926/4125/3926
f 3660/3846/3660 3935/4134/3935 3943/4142/3943 3667/3853/3667
f 3934/4133/3934 3942/4141/3942 3943/4142/3943 3935/4134/3935
f 3928/4127/3928 3926/4125/3926 3943/4142/3943 3942/4141/3942
f 1073/1099/1073 1076/1102/1076 3944/4143/3944 3936/4144/3936
f 1071/1097/1071 3945/4145/3945 3944/4143/3944 1076/1102/1076
f 3946/4146/3946 3947/4147/3947 3944/4143/3944 3945/4145/3945
f 3938/4148/3938 3936/4144/3936 3944/4143/3944 3947/4147/3947
f 507/520/507 3381/3566/3381 3948/4149/3948 1069/1095/1069
f 3385/3570/3385 3949/4150/3949 3948/4149/3948 3381/3566/3381
f 3946/4146/3946 3945/4145/3945 3948/4149/3948 3949/4150/3949
f 1071/1097/1071 1069/1095/1069 3948/4149/3948 3945/4145/3945
f 3396/3581/3396 3919/4151/3919 3950/4152/3950 3397/3582/3397
f 3916/4153/3916 3951/4154/3951 3950/4152/3950 3919/4151/3919
f 3946/4146/3946 3949/4150/3949 3950/4152/3950 3951/4154/3951
f 3385/3570/3385 3397/3582/3397 3950/4152/3950 3949/4150/3949
f 3912/4155/3912 3941/4156/3941 3952/4157/3952 3913/4158/3913
f 3938/4148/3938 3947/4147/3947 3952/4157/3952 3941/4156/3941
f 3946/4146/3946 3951/4154/3951 3952/4157/3952 3947/4147/3947
f 3916/4153/3916 3913/4158/3913 3952/4157/3952 3951/4154/3951
f 3000/4159/3000 3003/4160/3003 3953/4161/3953 3954/4162/3954
f 3008/4163/3008 3955/4164/3955 3953/4161/3953 3003/4160/3003
f 3956/4165/3956 3957/4166/3957 3953/4161/3953 3955/4164/3955
f 3958/4167/3958 3954/4162/3954 3953/4161/3953 3957/4166/3957
f 2992/4168/2992 3959/4169/3959 3960/4170/3960 3018/4171/3018
f 3961/4172/3961 3962/4173/3962 3960/4170/3960 3959/4169/3959
f 3956/4165/3956 3955/4164/3955 3960/4170/3960 3962/4173/3962
f 3008/4163/3008 3018/4171/3018 3960/4170/3960 3955/4164/3955
f 3963/4174/3963 3964/4175/3964 3965/4176/3965 3966/4177/3966
f 3967/4178/3967 3968/4179/3968 3965/4176/3965 3964/4175/3964
f 3956/4165/3956 3962/4173/3962 3965/4176/3965 3968/4179/3968
f 3961/4172/3961 3966/4177/3966 3965/4176/3965 3962/4173/3962
f 3969/4180/3969 3970/4181/3970 3971/4182/3971 3972/4183/3972
f 3958/4167/3958 3957/4166/3957 3971/4182/3971 3970/4181/3970
f 3956/4165/3956 3968/4179/3968 3971/4182/3971 3957/4166/3957
f 3967/4178/3967 3972/4183/3972 3971/4182/3971 3968/4179/3968
f 2992/4184/2992 2995/4185/2995 3973/4186/3973 3959/4187/3959
f 2990/4188/2990 3974/4189/3974 3973/4186/3973 2995/4185/2995
f 3975/4190/3975 3976/4191/3976 3973/4186/3973 3974/4189/3974
f 3961/4192/3961 3959/4187/3959 3973/4186/3973 3976/4191/3976
f 2986/3410/2986 3977/4193/3977 3978/4194/3978 2987/4195/2987
f 3979/4196/3979 3980/4197/3980 3978/4194/3978 3977/4193/3977
f 3975/4190/3975 3974/4189/3974 3978/4194/3978 3980/4197/3980
f 2990/4188/2990 2987/4195/2987 3978/4194/3978 3974/4189/3974
f 3981/4198/3981 3982/4199/3982 3983/4200/3983 3984/4201/3984
f 3985/4202/3985 3986/4203/3986 3983/4200/3983 3982/4199/3982
f 3975/4190/3975 3980/4197/3980 3983/4200/3983 3986/4203/3986
f 3979/4196/3979 3984/4201/3984 3983/4200/3983 3980/4197/3980
f 3963/4204/3963 3966/4205/3966 3987/4206/3987 3988/4207/3988
f 3961/4192/3961 3976/4191/3976 3987/4206/3987 3966/4205/3966
f 3975/4190/3975 3986/4203/3986 3987/4206/3987 3976/4191/3976
f 3985/4202/3985 3988/4207/3988 3987/4206/3987 3986/4203/3986
f 1145/1185/1145 1148/1188/1148 3989/4208/3989 3990/4209/3990
f 1153/1193/1153 3991/4210/3991 3989/4208/3989 1148/1188/1148
f 3992/4211/3992 3993/4212/3993 3989/4208/3989 3991/4210/3991
f 3994/4213/3994 3990/4209/3990 3989/4208/3989 3993/4212/3993
f 1137/1206/1137 3995/4214/3995 3996/4215/3996 1163/1207/1163
f 3997/4216/3997 3998/4217/3998 3996/4215/3996 3995/4214/3995
f 3992/4211/3992 3991/4210/3991 3996/4215/3996 3998/4217/3998
f 1153/1193/1153 1163/1207/1163 3996/4215/3996 3991/4210/3991
f 3963/4204/3963 3988/4207/3988 3999/4218/3999 4000/4219/4000
f 3985/4202/3985 4001/4220/4001 3999/4218/3999 3988/4207/3988
f 3992/4211/3992 3998/4217/3998 3999/4218/3999 4001/4220/4001
f 3997/4216/3997 4000/4219/4000 3999/4218/3999 3998/4217/3998
f 3981/4198/3981 4002/4221/4002 4003/4222/4003 3982/4199/3982
f 3994/4213/3994 3993/4212/3993 4003/4222/4003 4002/4221/4002
f 3992/4211/3992 4001/4220/4001 4003/4222/4003 3993/4212/3993
f 3985/4202/3985 3982/4199/3982 4003/4222/4003 4001/4220/4001
f 1137/1177/1137 1140/1180/1140 4004/4223/4004 3995/4224/3995
f 1135/1175/1135 4005/4225/4005 4004/4223/4004 1140/1180/1140
f 4006/4226/4006 4007/4227/4007 4004/4223/4004 4005/4225/4005
f 3997/4228/3997 3995/4224/3995 4004/4223/4004 4007/4227/4007
f 1131/1171/1131 4008/4229/4008 4009/4230/4009 1132/1172/1132
f 4010/4231/4010 4011/4232/4011 4009/4230/4009 4008/4229/4008
f 4006/4226/4006 4005/4225/4005 4009/4230/4009 4011/4232/4011
f 1135/1175/1135 1132/1172/1132 4009/4230/4009 4005/4225/4005
f 3969/4180/3969 3972/4183/3972 4012/4233/4012 4013/4234/4013
f 3967/4178/3967 4014/4235/4014 4012/4233/4012 3972/4183/3972
f 4006/4226/4006 4011/4232/4011 4012/4233/4012 4014/4235/4014
f 4010/4231/4010 4013/4234/4013 4012/4233/4012 4011/4232/4011
f 3963/4174/3963 4000/4236/4000 4015/4237/4015 3964/4175/3964
f 3997/4228/3997 4007/4227/4007 4015/4237/4015 4000/4236/4000
f 4006/4226/4006 4014/4235/4014 4015/4237/4015 4007/4227/4007
f 3967/4178/3967 3964/4175/3964 4015/4237/4015 4014/4235/4014
f 2986/3410/2986 3234/3413/3234 4016/4238/4016 3977/4193/3977
f 3238/3418/3238 4017/4239/4017 4016/4238/4016 3234/3413/3234
f 4018/4240/4018 4019/4241/4019 4016/4238/4016 4017/4239/4017
f 3979/4196/3979 3977/4193/3977 4016/4238/4016 4019/4241/4019
f 3225/3400/3225 4020/4242/4020 4021/4243/4021 3246/3428/3246
f 4022/4244/4022 4023/4245/4023 4021/4243/4021 4020/4242/4020
f 4018/4240/4018 4017/4239/4017 4021/4243/4021 4023/4245/4023
f 3238/3418/3238 3246/3428/3246 4021/4243/4021 4017/4239/4017
f 4024/4246/4024 4025/4247/4025 4026/4248/4026 4027/4249/4027
f 4028/4250/4028 4029/4251/4029 4026/4248/4026 4025/4247/4025
f 4018/4240/4018 4023/4245/4023 4026/4248/4026 4029/4251/4029
f 4022/4244/4022 4027/4249/4027 4026/4248/4026 4023/4245/4023
f 3981/4198/3981 3984/4201/3984 4030/4252/4030 4031/4253/4031
f 3979/4196/3979 4019/4241/4019 4030/4252/4030 3984/4201/3984
f 4018/4240/4018 4029/4251/4029 4030/4252/4030 4019/4241/4019
f 4028/4250/4028 4031/4253/4031 4030/4252/4030 4029/4251/4029
f 3225/3400/3225 3228/3403/3228 4032/4254/4032 4020/4242/4020
f 3223/3398/3223 4033/4255/4033 4032/4254/4032 3228/3403/3228
f 4034/4256/4034 4035/4257/4035 4032/4254/4032 4033/4255/4033
f 4022/4244/4022 4020/4242/4020 4032/4254/4032 4035/4257/4035
f 3219/3394/3219 3418/3603/3418 4036/4258/4036 3220/3395/3220
f 3423/3608/3423 4037/4259/4037 4036/4258/4036 3418/3603/3418
f 4034/4256/4034 4033/4255/4033 4036/4258/4036 4037/4259/4037
f 3223/3398/3223 3220/3395/3220 4036/4258/4036 4033/4255/4033
f 3408/3593/3408 4038/4260/4038 4039/4261/4039 3433/3618/3433
f 4040/4262/4040 4041/4263/4041 4039/4261/4039 4038/4260/4038
f 4034/4256/4034 4037/4259/4037 4039/4261/4039 4041/4263/4041
f 3423/3608/3423 3433/3618/3433 4039/4261/4039 4037/4259/4037
f 4024/4246/4024 4027/4249/4027 4042/4264/4042 4043/4265/4043
f 4022/4244/4022 4035/4257/4035 4042/4264/4042 4027/4249/4027
f 4034/4256/4034 4041/4263/4041 4042/4264/4042 4035/4257/4035
f 4040/4262/4040 4043/4265/4043 4042/4264/4042 4041/4263/4041
f 576/590/576 1210/1262/1210 4044/4266/4044 3404/3589/3404
f 1214/1266/1214 4045/4267/4045 4044/4266/4044 1210/1262/1210
f 4046/4268/4046 4047/4269/4047 4044/4266/4044 4045/4267/4045
f 3406/3591/3406 3404/3589/3404 4044/4266/4044 4047/4269/4047
f 1201/1253/1201 4048/4270/4048 4049/4271/4049 1222/1274/1222
f 4050/4272/4050 4051/4273/4051 4049/4271/4049 4048/4270/4048
f 4046/4268/4046 4045/4267/4045 4049/4271/4049 4051/4273/4051
f 1214/1266/1214 1222/1274/1222 4049/4271/4049 4045/4267/4045
f 4024/4246/4024 4043/4265/4043 4052/4274/4052 4053/4275/4053
f 4040/4262/4040 4054/4276/4054 4052/4274/4052 4043/4265/4043
f 4046/4268/4046 4051/4273/4051 4052/4274/4052 4054/4276/4054
f 4050/4272/4050 4053/4275/4053 4052/4274/4052 4051/4273/4051
f 3408/3593/3408 3411/3596/3411 4055/4277/4055 4038/4260/4038
f 3406/3591/3406 4047/4269/4047 4055/4277/4055 3411/3596/3411
f 4046/4268/4046 4054/4276/4054 4055/4277/4055 4047/4269/4047
f 4040/4262/4040 4038/4260/4038 4055/4277/4055 4054/4276/4054
f 1201/1253/1201 1204/1256/1204 4056/4278/4056 4048/4270/4048
f 1199/1251/1199 4057/4279/4057 4056/4278/4056 1204/1256/1204
f 4058/4280/4058 4059/4281/4059 4056/4278/4056 4057/4279/4057
f 4050/4272/4050 4048/4270/4048 4056/4278/4056 4059/4281/4059
f 1145/1185/1145 3990/4209/3990 4060/4282/4060 1197/1249/1197
f 3994/4213/3994 4061/4283/4061 4060/4282/4060 3990/4209/3990
f 4058/4280/4058 4057/4279/4057 4060/4282/4060 4061/4283/4061
f 1199/1251/1199 1197/1249/1197 4060/4282/4060 4057/4279/4057
f 3981/4198/3981 4031/4253/4031 4062/4284/4062 4002/4221/4002
f 4028/4250/4028 4063/4285/4063 4062/4284/4062 4031/4253/4031
f 4058/4280/4058 4061/4283/4061 4062/4284/4062 4063/4285/4063
f 3994/4213/3994 4002/4221/4002 4062/4284/4062 4061/4283/4061
f 4024/4246/4024 4053/4275/4053 4064/4286/4064 4025/4247/4025
f 4050/4272/4050 4059/4281/4059 4064/4286/4064 4053/4275/4053
f 4058/4280/4058 4063/4285/4063 4064/4286/4064 4059/4281/4059
f 4028/4250/4028 4025/4247/4025 4064/4286/4064 4063/4285/4063
f 3292/4287/3292 3295/4288/3295 4065/4289/4065 4066/4290/4066
f 3300/4291/3300 4067/4292/4067 4065/4289/4065 3295/4288/3295
f 4068/4293/4068 4069/4294/4069 4065/4289/4065 4067/4292/4067
f 4070/4295/4070 4066/4290/4066 4065/4289/4065 4069/4294/4069
f 3284/4296/3284 4071/4297/4071 4072/4298/4072 3310/4299/3310
f 4073/4300/4073 4074/4301/4074 4072/4298/4072 4071/4297/4071
f 4068/4293/4068 4067/4292/4067 4072/4298/4072 4074/4301/4074
f 3300/4291/3300 3310/4299/3310 4072/4298/4072 4067/4292/4067
f 4075/4302/4075 4076/4303/4076 4077/4304/4077 4078/4305/4078
f 4079/4306/4079 4080/4307/4080 4077/4304/4077 4076/4303/4076
f 4068/4293/4068 4074/4301/4074 4077/4304/4077 4080/4307/4080
f 4073/4300/4073 4078/4305/4078 4077/4304/4077 4074/4301/4074
f 4081/4308/4081 4082/4309/4082 4083/4310/4083 4084/4311/4084
f 4070/4295/4070 4069/4294/4069 4083/4310/4083 4082/4309/4082
f 4068/4293/4068 4080/4307/4080 4083/4310/4083 4069/4294/4069
f 4079/4306/4079 4084/4311/4084 4083/4310/4083 4080/4307/4080
f 3284/4296/3284 3287/4312/3287 4085/4313/4085 4071/4297/4071
f 3282/4314/3282 4086/4315/4086 4085/4313/4085 3287/4312/3287
f 4087/4316/4087 4088/4317/4088 4085/4313/4085 4086/4315/4086
f 4073/4300/4073 4071/4297/4071 4085/4313/4085 4088/4317/4088
f 3000/4159/3000 3954/4162/3954 4089/4318/4089 3280/4319/3280
f 3958/4167/3958 4090/4320/4090 4089/4318/4089 3954/4162/3954
f 4087/4316/4087 4086/4315/4086 4089/4318/4089 4090/4320/4090
f 3282/4314/3282 3280/4319/3280 4089/4318/4089 4086/4315/4086
f 3969/4180/3969 4091/4321/4091 4092/4322/4092 3970/4181/3970
f 4093/4323/4093 4094/4324/4094 4092/4322/4092 4091/4321/4091
f 4087/4316/4087 4090/4320/4090 4092/4322/4092 4094/4324/4094
f 3958/4167/3958 3970/4181/3970 4092/4322/4092 4090/4320/4090
f 4075/4302/4075 4078/4305/4078 4095/4325/4095 4096/4326/4096
f 4073/4300/4073 4088/4317/4088 4095/4325/4095 4078/4305/4078
f 4087/4316/4087 4094/4324/4094 4095/4325/4095 4088/4317/4088
f 4093/4323/4093 4096/4326/4096 4095/4325/4095 4094/4324/4094
f 1131/1171/1131 1274/1331/1274 4097/4327/4097 4008/4229/4008
f 1278/1335/1278 4098/4328/4098 4097/4327/4097 1274/1331/1274
f 4099/4329/4099 4100/4330/4100 4097/4327/4097 4098/4328/4098
f 4010/4231/4010 4008/4229/4008 4097/4327/4097 4100/4330/4100
f 1265/1322/1265 4101/4331/4101 4102/4332/4102 1286/1343/1286
f 4103/4333/4103 4104/4334/4104 4102/4332/4102 4101/4331/4101
f 4099/4329/4099 4098/4328/4098 4102/4332/4102 4104/4334/4104
f 1278/1335/1278 1286/1343/1286 4102/4332/4102 4098/4328/4098
f 4075/4302/4075 4096/4326/4096 4105/4335/4105 4106/4336/4106
f 4093/4323/4093 4107/4337/4107 4105/4335/4105 4096/4326/4096
f 4099/4329/4099 4104/4334/4104 4105/4335/4105 4107/4337/4107
f 4103/4333/4103 4106/4336/4106 4105/4335/4105 4104/4334/4104
f 3969/4180/3969 4013/4234/4013 4108/4338/4108 4091/4321/4091
f 4010/4231/4010 4100/4330/4100 4108/4338/4108 4013/4234/4013
f 4099/4329/4099 4107/4337/4107 4108/4338/4108 4100/4330/4100
f 4093/4323/4093 4091/4321/4091 4108/4338/4108 4107/4337/4107
f 1265/1322/1265 1268/1325/1268 4109/4339/4109 4101/4331/4101
f 1263/1320/1263 4110/4340/4110 4109/4339/4109 1268/1325/1268
f 4111/4341/4111 4112/4342/4112 4109/4339/4109 4110/4340/4110
f 4103/4333/4103 4101/4331/4101 4109/4339/4109 4112/4342/4112
f 1259/1316/1259 4113/4343/4113 4114/4344/4114 1260/1317/1260
f 4115/4345/4115 4116/4346/4116 4114/4344/4114 4113/4343/4113
f 4111/4341/4111 4110/4340/4110 4114/4344/4114 4116/4346/4116
f 1263/1320/1263 1260/1317/1260 4114/4344/4114 4110/4340/4110
f 4081/4308/4081 4084/4311/4084 4117/4347/4117 4118/4348/4118
f 4079/4306/4079 4119/4349/4119 4117/4347/4117 4084/4311/4084
f 4111/4341/4111 4116/4346/4116 4117/4347/4117 4119/4349/4119
f 4115/4345/4115 4118/4348/4118 4117/4347/4117 4116/4346/4116
f 4075/4302/4075 4106/4336/4106 4120/4350/4120 4076/4303/4076
f 4103/4333/4103 4112/4342/4112 4120/4350/4120 4106/4336/4106
f 4111/4341/4111 4119/4349/4119 4120/4350/4120 4112/4342/4112
f 4079/4306/4079 4076/4303/4076 4120/4350/4120 4119/4349/4119
f 2945/3117/2945 3443/4351/3443 4121/4352/4121 2946/3118/2946
f 3437/4353/3437 4122/4354/4122 4121/4352/4121 3443/4351/3443
f 4123/4355/4123 4124/4356/4124 4121/4352/4121 4122/4354/4122
f 2949/3121/2949 2946/3118/2946 4121/4352/4121 4124/4356/4124
f 3424/4357/3424 4125/4358/4125 4126/4359/4126 3435/4360/3435
f 4127/4361/4127 4128/4362/4128 4126/4359/4126 4125/4358/4125
f 4123/4355/4123 4122/4354/4122 4126/4359/4126 4128/4362/4128
f 3437/4353/3437 3435/4360/3435 4126/4359/4126 4122/4354/4122
f 4129/4363/4129 4130/4364/4130 4131/4365/4131 4132/4366/4132
f 4133/4367/4133 4134/4368/4134 4131/4365/4131 4130/4364/4130
f 4123/4355/4123 4128/4362/4128 4131/4365/4131 4134/4368/4134
f 4127/4361/4127 4132/4366/4132 4131/4365/4131 4128/4362/4128
f 2895/3067/2895 2952/3124/2952 4135/4369/4135 4136/4370/4136
f 2949/3121/2949 4124/4356/4124 4135/4369/4135 2952/3124/2952
f 4123/4355/4123 4134/4368/4134 4135/4369/4135 4124/4356/4124
f 4133/4367/4133 4136/4370/4136 4135/4369/4135 4134/4368/4134
f 3424/3609/3424 3427/3612/3427 4137/4371/4137 4125/4372/4125
f 3419/3604/3419 4138/4373/4138 4137/4371/4137 3427/3612/3427
f 4139/4374/4139 4140/4375/4140 4137/4371/4137 4138/4373/4138
f 4127/4376/4127 4125/4372/4125 4137/4371/4137 4140/4375/4140
f 3219/3394/3219 3222/3397/3222 4141/4377/4141 3416/3601/3416
f 3215/3389/3215 4142/4378/4142 4141/4377/4141 3222/3397/3222
f 4139/4374/4139 4138/4373/4138 4141/4377/4141 4142/4378/4142
f 3419/3604/3419 3416/3601/3416 4141/4377/4141 4138/4373/4138
f 3197/3385/3197 4143/4379/4143 4144/4380/4144 3213/3386/3213
f 4145/4381/4145 4146/4382/4146 4144/4380/4144 4143/4379/4143
f 4139/4374/4139 4142/4378/4142 4144/4380/4144 4146/4382/4146
f 3215/3389/3215 3213/3386/3213 4144/4380/4144 4142/4378/4142
f 4129/4383/4129 4132/4384/4132 4147/4385/4147 4148/4386/4148
f 4127/4376/4127 4140/4375/4140 4147/4385/4147 4132/4384/4132
f 4139/4374/4139 4146/4382/4146 4147/4385/4147 4140/4375/4140
f 4145/4381/4145 4148/4386/4148 4147/4385/4147 4146/4382/4146
f 3188/3360/3188 3881/4068/3881 4149/4387/4149 3189/3361/3189
f 3885/4072/3885 4150/4388/4150 4149/4387/4149 3881/4068/3881
f 4151/4389/4151 4152/4390/4152 4149/4387/4149 4150/4388/4150
f 3192/3364/3192 3189/3361/3189 4149/4387/4149 4152/4390/4152
f 3872/4059/3872 4153/4391/4153 4154/4392/4154 3893/4080/3893
f 4155/4393/4155 4156/4394/4156 4154/4392/4154 4153/4391/4153
f 4151/4389/4151 4150/4388/4150 4154/4392/4154 4156/4394/4156
f 3885/4072/3885 3893/4080/3893 4154/4392/4154 4150/4388/4150
f 4129/4363/4129 4148/4395/4148 4157/4396/4157 4158/4397/4158
f 4145/4398/4145 4159/4399/4159 4157/4396/4157 4148/4395/4148
f 4151/4389/4151 4156/4394/4156 4157/4396/4157 4159/4399/4159
f 4155/4393/4155 4158/4397/4158 4157/4396/4157 4156/4394/4156
f 3197/3369/3197 3200/3372/3200 4160/4400/4160 4143/4401/4143
f 3192/3364/3192 4152/4390/4152 4160/4400/4160 3200/3372/3200
f 4151/4389/4151 4159/4399/4159 4160/4400/4160 4152/4390/4152
f 4145/4398/4145 4143/4401/4143 4160/4400/4160 4159/4399/4159
f 3872/4059/3872 3875/4062/3875 4161/4402/4161 4153/4391/4153
f 3870/4057/3870 4162/4403/4162 4161/4402/4161 3875/4062/3875
f 4163/4404/4163 4164/4405/4164 4161/4402/4161 4162/4403/4162
f 4155/4393/4155 4153/4391/4153 4161/4402/4161 4164/4405/4164
f 2874/3046/2874 2877/3049/2877 4165/4406/4165 3868/4055/3868
f 2882/3054/2882 4166/4407/4166 4165/4406/4165 2877/3049/2877
f 4163/4404/4163 4162/4403/4162 4165/4406/4165 4166/4407/4166
f 3870/4057/3870 3868/4055/3868 4165/4406/4165 4162/4403/4162
f 2895/3067/2895 4136/4370/4136 4167/4408/4167 2896/3068/2896
f 4133/4367/4133 4168/4409/4168 4167/4408/4167 4136/4370/4136
f 4163/4404/4163 4166/4407/4166 4167/4408/4167 4168/4409/4168
f 2882/3054/2882 2896/3068/2896 4167/4408/4167 4166/4407/4166
f 4129/4363/4129 4158/4397/4158 4169/4410/4169 4130/4364/4130
f 4155/4393/4155 4164/4405/4164 4169/4410/4169 4158/4397/4158
f 4163/4404/4163 4168/4409/4168 4169/4410/4169 4164/4405/4164
f 4133/4367/4133 4130/4364/4130 4169/4410/4169 4168/4409/4168
f 3486/4411/3486 3489/4412/3489 4170/4413/4170 4171/4414/4171
f 3494/4415/3494 4172/4416/4172 4170/4413/4170 3489/4412/3489
f 4173/4417/4173 4174/4418/4174 4170/4413/4170 4172/4416/4172
f 4175/4419/4175 4171/4414/4171 4170/4413/4170 4174/4418/4174
f 3478/4420/3478 4176/4421/4176 4177/4422/4177 3504/4423/3504
f 4178/4424/4178 4179/4425/4179 4177/4422/4177 4176/4421/4176
f 4173/4417/4173 4172/4416/4172 4177/4422/4177 4179/4425/4179
f 3494/4415/3494 3504/4423/3504 4177/4422/4177 4172/4416/4172
f 4180/4426/4180 4181/4427/4181 4182/4428/4182 4183/4429/4183
f 4184/4430/4184 4185/4431/4185 4182/4428/4182 4181/4427/4181
f 4173/4417/4173 4179/4425/4179 4182/4428/4182 4185/4431/4185
f 4178/4424/4178 4183/4429/4183 4182/4428/4182 4179/4425/4179
f 4186/4432/4186 4187/4433/4187 4188/4434/4188 4189/4435/4189
f 4175/4419/4175 4174/4418/4174 4188/4434/4188 4187/4433/4187
f 4173/4417/4173 4185/4431/4185 4188/4434/4188 4174/4418/4174
f 4184/4430/4184 4189/4435/4189 4188/4434/4188 4185/4431/4185
f 3478/4420/3478 3481/4436/3481 4190/4437/4190 4176/4421/4176
f 3476/4438/3476 4191/4439/4191 4190/4437/4190 3481/4436/3481
f 4192/4440/4192 4193/4441/4193 4190/4437/4190 4191/4439/4191
f 4178/4424/4178 4176/4421/4176 4190/4437/4190 4193/4441/4193
f 3292/4287/3292 4066/4290/4066 4194/4442/4194 3474/4443/3474
f 4070/4295/4070 4195/4444/4195 4194/4442/4194 4066/4290/4066
f 4192/4440/4192 4191/4439/4191 4194/4442/4194 4195/4444/4195
f 3476/4438/3476 3474/4443/3474 4194/4442/4194 4191/4439/4191
f 4081/4308/4081 4196/4445/4196 4197/4446/4197 4082/4309/4082
f 4198/4447/4198 4199/4448/4199 4197/4446/4197 4196/4445/4196
f 4192/4440/4192 4195/4444/4195 4197/4446/4197 4199/4448/4199
f 4070/4295/4070 4082/4309/4082 4197/4446/4197 4195/4444/4195
f 4180/4426/4180 4183/4429/4183 4200/4449/4200 4201/4450/4201
f 4178/4424/4178 4193/4441/4193 4200/4449/4200 4183/4429/4183
f 4192/4440/4192 4199/4448/4199 4200/4449/4200 4193/4441/4193
f 4198/4447/4198 4201/4450/4201 4200/4449/4200 4199/4448/4199
f 1259/1316/1259 1387/1463/1387 4202/4451/4202 4113/4343/4113
f 1391/1467/1391 4203/4452/4203 4202/4451/4202 1387/1463/1387
f 4204/4453/4204 4205/4454/4205 4202/4451/4202 4203/4452/4203
f 4115/4345/4115 4113/4343/4113 4202/4451/4202 4205/4454/4205
f 1378/1454/1378 4206/4455/4206 4207/4456/4207 1399/1475/1399
f 4208/4457/4208 4209/4458/4209 4207/4456/4207 4206/4455/4206
f 4204/4453/4204 4203/4452/4203 4207/4456/4207 4209/4458/4209
f 1391/1467/1391 1399/1475/1399 4207/4456/4207 4203/4452/4203
f 4180/4426/4180 4201/4450/4201 4210/4459/4210 4211/4460/4211
f 4198/4447/4198 4212/4461/4212 4210/4459/4210 4201/4450/4201
f 4204/4453/4204 4209/4458/4209 4210/4459/4210 4212/4461/4212
f 4208/4457/4208 4211/4460/4211 4210/4459/4210 4209/4458/4209
f 4081/4308/4081 4118/4348/4118 4213/4462/4213 4196/4445/4196
f 4115/4345/4115 4205/4454/4205 4213/4462/4213 4118/4348/4118
f 4204/4453/4204 4212/4461/4212 4213/4462/4213 4205/4454/4205
f 4198/4447/4198 4196/4445/4196 4213/4462/4213 4212/4461/4212
f 1378/1454/1378 1381/1457/1381 4214/4463/4214 4206/4455/4206
f 1376/1452/1376 4215/4464/4215 4214/4463/4214 1381/1457/1381
f 4216/4465/4216 4217/4466/4217 4214/4463/4214 4215/4464/4215
f 4208/4457/4208 4206/4455/4206 4214/4463/4214 4217/4466/4217
f 1372/1448/1372 4218/4467/4218 4219/4468/4219 1373/1449/1373
f 4220/4469/4220 4221/4470/4221 4219/4468/4219 4218/4467/4218
f 4216/4465/4216 4215/4464/4215 4219/4468/4219 4221/4470/4221
f 1376/1452/1376 1373/1449/1373 4219/4468/4219 4215/4464/4215
f 4186/4432/4186 4189/4435/4189 4222/4471/4222 4223/4472/4223
f 4184/4430/4184 4224/4473/4224 4222/4471/4222 4189/4435/4189
f 4216/4465/4216 4221/4470/4221 4222/4471/4222 4224/4473/4224
f 4220/4469/4220 4223/4472/4223 4222/4471/4222 4221/4470/4221
f 4180/4426/4180 4211/4460/4211 4225/4474/4225 4181/4427/4181
f 4208/4457/4208 4217/4466/4217 4225/4474/4225 4211/4460/4211
f 4216/4465/4216 4224/4473/4224 4225/4474/4225 4217/4466/4217
f 4184/4430/4184 4181/4427/4181 4225/4474/4225 4224/4473/4224
f 3697/4475/3697 3700/4476/3700 4226/4477/4226 4227/4478/4227
f 3705/4479/3705 4228/4480/4228 4226/4477/4226 3700/4476/3700
f 4229/4481/4229 4230/4482/4230 4226/4477/4226 4228/4480/4228
f 4231/4483/4231 4227/4478/4227 4226/4477/4226 4230/4482/4230
f 3689/4484/3689 4232/4485/4232 4233/4486/4233 3715/4487/3715
f 4234/4488/4234 4235/4489/4235 4233/4486/4233 4232/4485/4232
f 4229/4481/4229 4228/4480/4228 4233/4486/4233 4235/4489/4235
f 3705/4479/3705 3715/4487/3715 4233/4486/4233 4228/4480/4228
f 4236/4490/4236 4237/4491/4237 4238/4492/4238 4239/4493/4239
f 4240/4494/4240 4241/4495/4241 4238/4492/4238 4237/4491/4237
f 4229/4481/4229 4235/4489/4235 4238/4492/4238 4241/4495/4241
f 4234/4488/4234 4239/4493/4239 4238/4492/4238 4235/4489/4235
f 4242/4496/4242 4243/4497/4243 4244/4498/4244 4245/4499/4245
f 4231/4483/4231 4230/4482/4230 4244/4498/4244 4243/4497/4243
f 4229/4481/4229 4241/4495/4241 4244/4498/4244 4230/4482/4230
f 4240/4494/4240 4245/4499/4245 4244/4498/4244 4241/4495/4241
f 3689/4484/3689 3692/4500/3692 4246/4501/4246 4232/4485/4232
f 3687/4502/3687 4247/4503/4247 4246/4501/4246 3692/4500/3692
f 4248/4504/4248 4249/4505/4249 4246/4501/4246 4247/4503/4247
f 4234/4488/4234 4232/4485/4232 4246/4501/4246 4249/4505/4249
f 2919/3091/2919 2922/3094/2922 4250/4506/4250 3684/4507/3684
f 2927/3099/2927 4251/4508/4251 4250/4506/4250 2922/3094/2922
f 4248/4504/4248 4247/4503/4247 4250/4506/4250 4251/4508/4251
f 3687/4502/3687 3684/4507/3684 4250/4506/4250 4247/4503/4247
f 2911/3083/2911 4252/4509/4252 4253/4510/4253 2937/3109/2937
f 4254/4511/4254 4255/4512/4255 4253/4510/4253 4252/4509/4252
f 4248/4504/4248 4251/4508/4251 4253/4510/4253 4255/4512/4255
f 2927/3099/2927 2937/3109/2937 4253/4510/4253 4251/4508/4251
f 4236/4490/4236 4239/4493/4239 4256/4513/4256 4257/4514/4257
f 4234/4488/4234 4249/4505/4249 4256/4513/4256 4239/4493/4239
f 4248/4504/4248 4255/4512/4255 4256/4513/4256 4249/4505/4249
f 4254/4511/4254 4257/4514/4257 4256/4513/4256 4255/4512/4255
f 2905/3077/2905 3523/3709/3523 4258/4515/4258 2906/3078/2906
f 3527/3713/3527 4259/4516/4259 4258/4515/4258 3523/3709/3523
f 4260/4517/4260 4261/4518/4261 4258/4515/4258 4259/4516/4259
f 2909/3081/2909 2906/3078/2906 4258/4515/4258 4261/4518/4261
f 3538/3724/3538 4262/4519/4262 4263/4520/4263 3539/3725/3539
f 4264/4521/4264 4265/4522/4265 4263/4520/4263 4262/4519/4262
f 4260/4517/4260 4259/4516/4259 4263/4520/4263 4265/4522/4265
f 3527/3713/3527 3539/3725/3539 4263/4520/4263 4259/4516/4259
f 4236/4490/4236 4257/4514/4257 4266/4523/4266 4267/4524/4267
f 4254/4511/4254 4268/4525/4268 4266/4523/4266 4257/4514/4257
f 4260/4517/4260 4265/4522/4265 4266/4523/4266 4268/4525/4268
f 4264/4521/4264 4267/4524/4267 4266/4523/4266 4265/4522/4265
f 2911/3083/2911 2914/3086/2914 4269/4526/4269 4252/4509/4252
f 2909/3081/2909 4261/4518/4261 4269/4526/4269 2914/3086/2914
f 4260/4517/4260 4268/4525/4268 4269/4526/4269 4261/4518/4261
f 4254/4511/4254 4252/4509/4252 4269/4526/4269 4268/4525/4268
f 3538/3724/3538 3591/3777/3591 4270/4527/4270 4262/4519/4262
f 3588/3774/3588 4271/4528/4271 4270/4527/4270 3591/3777/3591
f 4272/4529/4272 4273/4530/4273 4270/4527/4270 4271/4528/4271
f 4264/4521/4264 4262/4519/4262 4270/4527/4270 4273/4530/4273
f 3584/3770/3584 4274/4531/4274 4275/4532/4275 3585/3771/3585
f 4276/4533/4276 4277/4534/4277 4275/4532/4275 4274/4531/4274
f 4272/4529/4272 4271/4528/4271 4275/4532/4275 4277/4534/4277
f 3588/3774/3588 3585/3771/3585 4275/4532/4275 4271/4528/4271
f 4242/4496/4242 4245/4499/4245 4278/4535/4278 4279/4536/4279
f 4240/4494/4240 4280/4537/4280 4278/4535/4278 4245/4499/4245
f 4272/4529/4272 4277/4534/4277 4278/4535/4278 4280/4537/4280
f 4276/4533/4276 4279/4536/4279 4278/4535/4278 4277/4534/4277
f 4236/4490/4236 4267/4524/4267 4281/4538/4281 4237/4491/4237
f 4264/4521/4264 4273/4530/4273 4281/4538/4281 4267/4524/4267
f 4272/4529/4272 4280/4537/4280 4281/4538/4281 4273/4530/4273
f 4240/4494/4240 4237/4491/4237 4281/4538/4281 4280/4537/4280
f 4282/4539/4282 4283/4540/4283 4284/4541/4284 4285/4542/4285
f 4286/4543/4286 4287/4544/4287 4284/4541/4284 4283/4540/4283
f 4288/4545/4288 4289/4546/4289 4284/4541/4284 4287/4544/4287
f 4290/4547/4290 4285/4542/4285 4284/4541/4284 4289/4546/4289
f 4291/4548/4291 4292/4549/4292 4293/4550/4293 4294/4551/4294
f 4295/4552/4295 4296/4553/4296 4293/4550/4293 4292/4549/4292
f 4288/4545/4288 4287/4544/4287 4293/4550/4293 4296/4553/4296
f 4286/4543/4286 4294/4551/4294 4293/4550/4293 4287/4544/4287
f 4297/4554/4297 4298/4555/4298 4299/4556/4299 4300/4557/4300
f 4301/4558/4301 4302/4559/4302 4299/4556/4299 4298/4555/4298
f 4288/4545/4288 4296/4553/4296 4299/4556/4299 4302/4559/4302
f 4295/4552/4295 4300/4557/4300 4299/4556/4299 4296/4553/4296
f 4303/4560/4303 4304/4561/4304 4305/4562/4305 4306/4563/4306
f 4290/4547/4290 4289/4546/4289 4305/4562/4305 4304/4561/4304
f 4288/4545/4288 4302/4559/4302 4305/4562/4305 4289/4546/4289
f 4301/4558/4301 4306/4563/4306 4305/4562/4305 4302/4559/4302
f 4291/4548/4291 4307/4564/4307 4308/4565/4308 4292/4549/4292
f 4309/4566/4309 4310/4567/4310 4308/4565/4308 4307/4564/4307
f 4311/4568/4311 4312/4569/4312 4308/4565/4308 4310/4567/4310
f 4295/4552/4295 4292/4549/4292 4308/4565/4308 4312/4569/4312
f 4313/4570/4313 4314/4571/4314 4315/4572/4315 4316/4573/4316
f 4317/4574/4317 4318/4575/4318 4315/4572/4315 4314/4571/4314
f 4311/4568/4311 4310/4567/4310 4315/4572/4315 4318/4575/4318
f 4309/4566/4309 4316/4573/4316 4315/4572/4315 4310/4567/4310
f 4319/4576/4319 4320/4577/4320 4321/4578/4321 4322/4579/4322
f 4323/4580/4323 4324/4581/4324 4321/4578/4321 4320/4577/4320
f 4311/4568/4311 4318/4575/4318 4321/4578/4321 4324/4581/4324
f 4317/4574/4317 4322/4579/4322 4321/4578/4321 4318/4575/4318
f 4297/4554/4297 4300/4557/4300 4325/4582/4325 4326/4583/4326
f 4295/4552/4295 4312/4569/4312 4325/4582/4325 4300/4557/4300
f 4311/4568/4311 4324/4581/4324 4325/4582/4325 4312/4569/4312
f 4323/4580/4323 4326/4583/4326 4325/4582/4325 4324/4581/4324
f 4327/4584/4327 4328/4585/4328 4329/4586/4329 4330/4587/4330
f 4331/4588/4331 4332/4589/4332 4329/4586/4329 4328/4585/4328
f 4333/4590/4333 4334/4591/4334 4329/4586/4329 4332/4589/4332
f 4335/4592/4335 4330/4587/4330 4329/4586/4329 4334/4591/4334
f 4336/4593/4336 4337/4594/4337 4338/4595/4338 4339/4596/4339
f 4340/4597/4340 4341/4598/4341 4338/4595/4338 4337/4594/4337
f 4333/4590/4333 4332/4589/4332 4338/4595/4338 4341/4598/4341
f 4331/4588/4331 4339/4596/4339 4338/4595/4338 4332/4589/4332
f 4297/4554/4297 4326/4583/4326 4342/4599/4342 4343/4600/4343
f 4323/4580/4323 4344/4601/4344 4342/4599/4342 4326/4583/4326
f 4333/4590/4333 4341/4598/4341 4342/4599/4342 4344/4601/4344
f 4340/4597/4340 4343/4600/4343 4342/4599/4342 4341/4598/4341
f 4319/4576/4319 4345/4602/4345 4346/4603/4346 4320/4577/4320
f 4335/4592/4335 4334/4591/4334 4346/4603/4346 4345/4602/4345
f 4333/4590/4333 4344/4601/4344 4346/4603/4346 4334/4591/4334
f 4323/4580/4323 4320/4577/4320 4346/4603/4346 4344/4601/4344
f 4336/4593/4336 4347/4604/4347 4348/4605/4348 4337/4594/4337
f 4349/4606/4349 4350/4607/4350 4348/4605/4348 4347/4604/4347
f 4351/4608/4351 4352/4609/4352 4348/4605/4348 4350/4607/4350
f 4340/4597/4340 4337/4594/4337 4348/4605/4348 4352/4609/4352
f 4353/4610/4353 4354/4611/4354 4355/4612/4355 4356/4613/4356
f 4357/4614/4357 4358/4615/4358 4355/4612/4355 4354/4611/4354
f 4351/4608/4351 4350/4607/4350 4355/4612/4355 4358/4615/4358
f 4349/4606/4349 4356/4613/4356 4355/4612/4355 4350/4607/4350
f 4303/4560/4303 4306/4563/4306 4359/4616/4359 4360/4617/4360
f 4301/4558/4301 4361/4618/4361 4359/4616/4359 4306/4563/4306
f 4351/4608/4351 4358/4615/4358 4359/4616/4359 4361/4618/4361
f 4357/4614/4357 4360/4617/4360 4359/4616/4359 4358/4615/4358
f 4297/4554/4297 4343/4600/4343 4362/4619/4362 4298/4555/4298
f 4340/4597/4340 4352/4609/4352 4362/4619/4362 4343/4600/4343
f 4351/4608/4351 4361/4618/4361 4362/4619/4362 4352/4609/4352
f 4301/4558/4301 4298/4555/4298 4362/4619/4362 4361/4618/4361
f 4363/4620/4363 4364/4621/4364 4365/4622/4365 4366/4623/4366
f 4367/4624/4367 4368/4625/4368 4365/4622/4365 4364/4621/4364
f 4369/4626/4369 4370/4627/4370 4365/4622/4365 4368/4625/4368
f 4371/4628/4371 4366/4623/4366 4365/4622/4365 4370/4627/4370
f 4372/4629/4372 4373/4630/4373 4374/4631/4374 4375/4632/4375
f 4376/4633/4376 4377/4634/4377 4374/4631/4374 4373/4630/4373
f 4369/4626/4369 4368/4625/4368 4374/4631/4374 4377/4634/4377
f 4367/4624/4367 4375/4632/4375 4374/4631/4374 4368/4625/4368
f 4378/4635/4378 4379/4636/4379 4380/4637/4380 4381/4638/4381
f 4382/4639/4382 4383/4640/4383 4380/4637/4380 4379/4636/4379
f 4369/4626/4369 4377/4634/4377 4380/4637/4380 4383/4640/4383
f 4376/4633/4376 4381/4638/4381 4380/4637/4380 4377/4634/4377
f 4384/4641/4384 4385/4642/4385 4386/4643/4386 4387/4644/4387
f 4371/4628/4371 4370/4627/4370 4386/4643/4386 4385/4642/4385
f 4369/4626/4369 4383/4640/4383 4386/4643/4386 4370/4627/4370
f 4382/4639/4382 4387/4644/4387 4386/4643/4386 4383/4640/4383
f 4372/4629/4372 4388/4645/4388 4389/4646/4389 4373/4630/4373
f 4390/4647/4390 4391/4648/4391 4389/4646/4389 4388/4645/4388
f 4392/4649/4392 4393/4650/4393 4389/4646/4389 4391/4648/4391
f 4376/4633/4376 4373/4630/4373 4389/4646/4389 4393/4650/4393
f 4394/4651/4394 4395/4652/4395 4396/4653/4396 4397/4654/4397
f 4398/4655/4398 4399/4656/4399 4396/4653/4396 4395/4652/4395
f 4392/4649/4392 4391/4648/4391 4396/4653/4396 4399/4656/4399
f 4390/4647/4390 4397/4654/4397 4396/4653/4396 4391/4648/4391
f 4400/4657/4400 4401/4658/4401 4402/4659/4402 4403/4660/4403
f 4404/4661/4404 4405/4662/4405 4402/4659/4402 4401/4658/4401
f 4392/4649/4392 4399/4656/4399 4402/4659/4402 4405/4662/4405
f 4398/4655/4398 4403/4660/4403 4402/4659/4402 4399/4656/4399
f 4378/4635/4378 4381/4638/4381 4406/4663/4406 4407/4664/4407
f 4376/4633/4376 4393/4650/4393 4406/4663/4406 4381/4638/4381
f 4392/4649/4392 4405/4662/4405 4406/4663/4406 4393/4650/4393
f 4404/4661/4404 4407/4664/4407 4406/4663/4406 4405/4662/4405
f 4408/4665/4408 4409/4666/4409 4410/4667/4410 4411/4668/4411
f 4412/4669/4412 4413/4670/4413 4410/4667/4410 4409/4666/4409
f 4414/4671/4414 4415/4672/4415 4410/4667/4410 4413/4670/4413
f 4416/4673/4416 4411/4668/4411 4410/4667/4410 4415/4672/4415
f 4417/4674/4417 4418/4675/4418 4419/4676/4419 4420/4677/4420
f 4421/4678/4421 4422/4679/4422 4419/4676/4419 4418/4675/4418
f 4414/4671/4414 4413/4670/4413 4419/4676/4419 4422/4679/4422
f 4412/4669/4412 4420/4677/4420 4419/4676/4419 4413/4670/4413
f 4378/4635/4378 4407/4664/4407 4423/4680/4423 4424/4681/4424
f 4404/4661/4404 4425/4682/4425 4423/4680/4423 4407/4664/4407
f 4414/4671/4414 4422/4679/4422 4423/4680/4423 4425/4682/4425
f 4421/4678/4421 4424/4681/4424 4423/4680/4423 4422/4679/4422
f 4400/4657/4400 4426/4683/4426 4427/4684/4427 4401/4658/4401
f 4416/4673/4416 4415/4672/4415 4427/4684/4427 4426/4683/4426
f 4414/4671/4414 4425/4682/4425 4427/4684/4427 4415/4672/4415
f 4404/4661/4404 4401/4658/4401 4427/4684/4427 4425/4682/4425
f 4417/4674/4417 4428/4685/4428 4429/4686/4429 4418/4675/4418
f 4430/4687/4430 4431/4688/4431 4429/4686/4429 4428/4685/4428
f 4432/4689/4432 4433/4690/4433 4429/4686/4429 4431/4688/4431
f 4421/4678/4421 4418/4675/4418 4429/4686/4429 4433/4690/4433
f 4434/4691/4434 4435/4692/4435 4436/4693/4436 4437/4694/4437
f 4438/4695/4438 4439/4696/4439 4436/4693/4436 4435/4692/4435
f 4432/4689/4432 4431/4688/4431 4436/4693/4436 4439/4696/4439
f 4430/4687/4430 4437/4694/4437 4436/4693/4436 4431/4688/4431
f 4384/4641/4384 4387/4644/4387 4440/4697/4440 4441/4698/4441
f 4382/4639/4382 4442/4699/4442 4440/4697/4440 4387/4644/4387
f 4432/4689/4432 4439/4696/4439 4440/4697/4440 4442/4699/4442
f 4438/4695/4438 4441/4698/4441 4440/4697/4440 4439/4696/4439
f 4378/4635/4378 4424/4681/4424 4443/4700/4443 4379/4636/4379
f 4421/4678/4421 4433/4690/4433 4443/4700/4443 4424/4681/4424
f 4432/4689/4432 4442/4699/4442 4443/4700/4443 4433/4690/4433
f 4382/4639/4382 4379/4636/4379 4443/4700/4443 4442/4699/4442
f 4353/4610/4353 4444/4701/4444 4445/4702/4445 4354/4611/4354
f 4446/4703/4446 4447/4704/4447 4445/4702/4445 4444/4701/4444
f 4448/4705/4448 4449/4706/4449 4445/4702/4445 4447/4704/4447
f 4357/4614/4357 4354/4611/4354 4445/4702/4445 4449/4706/4449
f 4450/4707/4450 4451/4708/4451 4452/4709/4452 4453/4710/4453
f 4454/4711/4454 4455/4712/4455 4452/4709/4452 4451/4708/4451
f 4448/4705/4448 4447/4704/4447 4452/4709/4452 4455/4712/4455
f 4446/4703/4446 4453/4710/4453 4452/4709/4452 4447/4704/4447
f 4456/4713/4456 4457/4714/4457 4458/4715/4458 4459/4716/4459
f 4460/4717/4460 4461/4718/4461 4458/4715/4458 4457/4714/4457
f 4448/4705/4448 4455/4712/4455 4458/4715/4458 4461/4718/4461
f 4454/4711/4454 4459/4716/4459 4458/4715/4458 4455/4712/4455
f 4303/4560/4303 4360/4617/4360 4462/4719/4462 4463/4720/4463
f 4357/4614/4357 4449/4706/4449 4462/4719/4462 4360/4617/4360
f 4448/4705/4448 4461/4718/4461 4462/4719/4462 4449/4706/4449
f 4460/4717/4460 4463/4720/4463 4462/4719/4462 4461/4718/4461
f 4450/4707/4450 4464/4721/4464 4465/4722/4465 4451/4708/4451
f 4466/4723/4466 4467/4724/4467 4465/4722/4465 4464/4721/4464
f 4468/4725/4468 4469/4726/4469 4465/4722/4465 4467/4724/4467
f 4454/4711/4454 4451/4708/4451 4465/4722/4465 4469/4726/4469
f 4470/4727/4470 4471/4728/4471 4472/4729/4472 4473/4730/4473
f 4474/4731/4474 4475/4732/4475 4472/4729/4472 4471/4728/4471
f 4468/4725/4468 4467/4724/4467 4472/4729/4472 4475/4732/4475
f 4466/4723/4466 4473/4730/4473 4472/4729/4472 4467/4724/4467
f 4476/4733/4476 4477/4734/4477 4478/4735/4478 4479/4736/4479
f 4480/4737/4480 4481/4738/4481 4478/4735/4478 4477/4734/4477
f 4468/4725/4468 4475/4732/4475 4478/4735/4478 4481/4738/4481
f 4474/4731/4474 4479/4736/4479 4478/4735/4478 4475/4732/4475
f 4456/4713/4456 4459/4716/4459 4482/4739/4482 4483/4740/4483
f 4454/4711/4454 4469/4726/4469 4482/4739/4482 4459/4716/4459
f 4468/4725/4468 4481/4738/4481 4482/4739/4482 4469/4726/4469
f 4480/4737/4480 4483/4740/4483 4482/4739/4482 4481/4738/4481
f 4484/4741/4484 4485/4742/4485 4486/4743/4486 4487/4744/4487
f 4488/4745/4488 4489/4746/4489 4486/4743/4486 4485/4742/4485
f 4490/4747/4490 4491/4748/4491 4486/4743/4486 4489/4746/4489
f 4492/4749/4492 4487/4744/4487 4486/4743/4486 4491/4748/4491
f 4493/4750/4493 4494/4751/4494 4495/4752/4495 4496/4753/4496
f 4497/4754/4497 4498/4755/4498 4495/4752/4495 4494/4751/4494
f 4490/4747/4490 4489/4746/4489 4495/4752/4495 4498/4755/4498
f 4488/4745/4488 4496/4753/4496 4495/4752/4495 4489/4746/4489
f 4456/4713/4456 4483/4740/4483 4499/4756/4499 4500/4757/4500
f 4480/4737/4480 4501/4758/4501 4499/4756/4499 4483/4740/4483
f 4490/4747/4490 4498/4755/4498 4499/4756/4499 4501/4758/4501
f 4497/4754/4497 4500/4757/4500 4499/4756/4499 4498/4755/4498
f 4476/4733/4476 4502/4759/4502 4503/4760/4503 4477/4734/4477
f 4492/4749/4492 4491/4748/4491 4503/4760/4503 4502/4759/4502
f 4490/4747/4490 4501/4758/4501 4503/4760/4503 4491/4748/4491
f 4480/4737/4480 4477/4734/4477 4503/4760/4503 4501/4758/4501
f 4493/4750/4493 4504/4761/4504 4505/4762/4505 4494/4751/4494
f 4506/4763/4506 4507/4764/4507 4505/4762/4505 4504/4761/4504
f 4508/4765/4508 4509/4766/4509 4505/4762/4505 4507/4764/4507
f 4497/4754/4497 4494/4751/4494 4505/4762/4505 4509/4766/4509
f 4282/4539/4282 4285/4542/4285 4510/4767/4510 4511/4768/4511
f 4290/4547/4290 4512/4769/4512 4510/4767/4510 4285/4542/4285
f 4508/4765/4508 4507/4764/4507 4510/4767/4510 4512/4769/4512
f 4506/4763/4506 4511/4768/4511 4510/4767/4510 4507/4764/4507
f 4303/4560/4303 4463/4720/4463 4513/4770/4513 4304/4561/4304
f 4460/4717/4460 4514/4771/4514 4513/4770/4513 4463/4720/4463
f 4508/4765/4508 4512/4769/4512 4513/4770/4513 4514/4771/4514
f 4290/4547/4290 4304/4561/4304 4513/4770/4513 4512/4769/4512
f 4456/4713/4456 4500/4757/4500 4515/4772/4515 4457/4714/4457
f 4497/4754/4497 4509/4766/4509 4515/4772/4515 4500/4757/4500
f 4508/4765/4508 4514/4771/4514 4515/4772/4515 4509/4766/4509
f 4460/4717/4460 4457/4714/4457 4515/4772/4515 4514/4771/4514
f 4516/4773/4516 4517/4774/4517 4518/4775/4518 4519/4776/4519
f 4520/4777/4520 4521/4778/4521 4518/4775/4518 4517/4774/4517
f 4522/4779/4522 4523/4780/4523 4518/4775/4518 4521/4778/4521
f 4524/4781/4524 4519/4776/4519 4518/4775/4518 4523/4780/4523
f 4525/4782/4525 4526/4783/4526 4527/4784/4527 4528/4785/4528
f 4529/4786/4529 4530/4787/4530 4527/4784/4527 4526/4783/4526
f 4522/4779/4522 4521/4778/4521 4527/4784/4527 4530/4787/4530
f 4520/4777/4520 4528/4785/4528 4527/4784/4527 4521/4778/4521
f 4531/4788/4531 4532/4789/4532 4533/4790/4533 4534/4791/4534
f 4535/4792/4535 4536/4793/4536 4533/4790/4533 4532/4789/4532
f 4522/4779/4522 4530/4787/4530 4533/4790/4533 4536/4793/4536
f 4529/4786/4529 4534/4791/4534 4533/4790/4533 4530/4787/4530
f 4537/4794/4537 4538/4795/4538 4539/4796/4539 4540/4797/4540
f 4524/4781/4524 4523/4780/4523 4539/4796/4539 4538/4795/4538
f 4522/4779/4522 4536/4793/4536 4539/4796/4539 4523/4780/4523
f 4535/4792/4535 4540/4797/4540 4539/4796/4539 4536/4793/4536
f 4525/4782/4525 4541/4798/4541 4542/4799/4542 4526/4783/4526
f 4543/4800/4543 4544/4801/4544 4542/4799/4542 4541/4798/4541
f 4545/4802/4545 4546/4803/4546 4542/4799/4542 4544/4801/4544
f 4529/4786/4529 4526/4783/4526 4542/4799/4542 4546/4803/4546
f 4547/4804/4547 4548/4805/4548 4549/4806/4549 4550/4807/4550
f 4551/4808/4551 4552/4809/4552 4549/4806/4549 4548/4805/4548
f 4545/4802/4545 4544/4801/4544 4549/4806/4549 4552/4809/4552
f 4543/4800/4543 4550/4807/4550 4549/4806/4549 4544/4801/4544
f 4553/4810/4553 4554/4811/4554 4555/4812/4555 4556/4813/4556
f 4557/4814/4557 4558/4815/4558 4555/4812/4555 4554/4811/4554
f 4545/4802/4545 4552/4809/4552 4555/4812/4555 4558/4815/4558
f 4551/4808/4551 4556/4813/4556 4555/4812/4555 4552/4809/4552
f 4531/4788/4531 4534/4791/4534 4559/4816/4559 4560/4817/4560
f 4529/4786/4529 4546/4803/4546 4559/4816/4559 4534/4791/4534
f 4545/4802/4545 4558/4815/4558 4559/4816/4559 4546/4803/4546
f 4557/4814/4557 4560/4817/4560 4559/4816/4559 4558/4815/4558
f 4394/4651/4394 4561/4818/4561 4562/4819/4562 4563/4820/4563
f 4564/4821/4564 4565/4822/4565 4562/4819/4562 4561/4818/4561
f 4566/4823/4566 4567/4824/4567 4562/4819/4562 4565/4822/4565
f 4568/4825/4568 4563/4820/4563 4562/4819/4562 4567/4824/4567
f 4569/4826/4569 4570/4827/4570 4571/4828/4571 4572/4829/4572
f 4573/4830/4573 4574/4831/4574 4571/4828/4571 4570/4827/4570
f 4566/4823/4566 4565/4822/4565 4571/4828/4571 4574/4831/4574
f 4564/4821/4564 4572/4829/4572 4571/4828/4571 4565/4822/4565
f 4531/4788/4531 4560/4817/4560 4575/4832/4575 4576/4833/4576
f 4557/4814/4557 4577/4834/4577 4575/4832/4575 4560/4817/4560
f 4566/4823/4566 4574/4831/4574 4575/4832/4575 4577/4834/4577
f 4573/4830/4573 4576/4833/4576 4575/4832/4575 4574/4831/4574
f 4553/4810/4553 4578/4835/4578 4579/4836/4579 4554/4811/4554
f 4568/4825/4568 4567/4824/4567 4579/4836/4579 4578/4835/4578
f 4566/4823/4566 4577/4834/4577 4579/4836/4579 4567/4824/4567
f 4557/4814/4557 4554/4811/4554 4579/4836/4579 4577/4834/4577
f 4569/4826/4569 4580/4837/4580 4581/4838/4581 4570/4827/4570
f 4582/4839/4582 4583/4840/4583 4581/4838/4581 4580/4837/4580
f 4584/4841/4584 4585/4842/4585 4581/4838/4581 4583/4840/4583
f 4573/4830/4573 4570/4827/4570 4581/4838/4581 4585/4842/4585
f 4586/4843/4586 4587/4844/4587 4588/4845/4588 4589/4846/4589
f 4590/4847/4590 4591/4848/4591 4588/4845/4588 4587/4844/4587
f 4584/4841/4584 4583/4840/4583 4588/4845/4588 4591/4848/4591
f 4582/4839/4582 4589/4846/4589 4588/4845/4588 4583/4840/4583
f 4537/4794/4537 4540/4797/4540 4592/4849/4592 4593/4850/4593
f 4535/4792/4535 4594/4851/4594 4592/4849/4592 4540/4797/4540
f 4584/4841/4584 4591/4848/4591 4592/4849/4592 4594/4851/4594
f 4590/4847/4590 4593/4850/4593 4592/4849/4592 4591/4848/4591
f 4531/4788/4531 4576/4833/4576 4595/4852/4595 4532/4789/4532
f 4573/4830/4573 4585/4842/4585 4595/4852/4595 4576/4833/4576
f 4584/4841/4584 4594/4851/4594 4595/4852/4595 4585/4842/4585
f 4535/4792/4535 4532/4789/4532 4595/4852/4595 4594/4851/4594
f 4596/4853/4596 4597/4854/4597 4598/4855/4598 4599/4856/4599
f 4600/4857/4600 4601/4858/4601 4598/4855/4598 4597/4854/4597
f 4602/4859/4602 4603/4860/4603 4598/4855/4598 4601/4858/4601
f 4604/4861/4604 4599/4856/4599 4598/4855/4598 4603/4860/4603
f 4605/4862/4605 4606/4863/4606 4607/4864/4607 4608/4865/4608
f 4609/4866/4609 4610/4867/4610 4607/4864/4607 4606/4863/4606
f 4602/4859/4602 4601/4858/4601 4607/4864/4607 4610/4867/4610
f 4600/4857/4600 4608/4865/4608 4607/4864/4607 4601/4858/4601
f 4611/4868/4611 4612/4869/4612 4613/4870/4613 4614/4871/4614
f 4615/4872/4615 4616/4873/4616 4613/4870/4613 4612/4869/4612
f 4602/4859/4602 4610/4867/4610 4613/4870/4613 4616/4873/4616
f 4609/4866/4609 4614/4871/4614 4613/4870/4613 4610/4867/4610
f 4617/4874/4617 4618/4875/4618 4619/4876/4619 4620/4877/4620
f 4604/4861/4604 4603/4860/4603 4619/4876/4619 4618/4875/4618
f 4602/4859/4602 4616/4873/4616 4619/4876/4619 4603/4860/4603
f 4615/4872/4615 4620/4877/4620 4619/4876/4619 4616/4873/4616
f 4605/4862/4605 4621/4878/4621 4622/4879/4622 4606/4863/4606
f 4623/4880/4623 4624/4881/4624 4622/4879/4622 4621/4878/4621
f 4625/4882/4625 4626/4883/4626 4622/4879/4622 4624/4881/4624
f 4609/4866/4609 4606/4863/4606 4622/4879/4622 4626/4883/4626
f 4363/4620/4363 4366/4623/4366 4627/4884/4627 4628/4885/4628
f 4371/4628/4371 4629/4886/4629 4627/4884/4627 4366/4623/4366
f 4625/4882/4625 4624/4881/4624 4627/4884/4627 4629/4886/4629
f 4623/4880/4623 4628/4885/4628 4627/4884/4627 4624/4881/4624
f 4384/4641/4384 4630/4887/4630 4631/4888/4631 4385/4642/4385
f 4632/4889/4632 4633/4890/4633 4631/4888/4631 4630/4887/4630
f 4625/4882/4625 4629/4886/4629 4631/4888/4631 4633/4890/4633
f 4371/4628/4371 4385/4642/4385 4631/4888/4631 4629/4886/4629
f 4611/4868/4611 4614/4871/4614 4634/4891/4634 4635/4892/4635
f 4609/4866/4609 4626/4883/4626 4634/4891/4634 4614/4871/4614
f 4625/4882/4625 4633/4890/4633 4634/4891/4634 4626/4883/4626
f 4632/4889/4632 4635/4892/4635 4634/4891/4634 4633/4890/4633
f 4434/4893/4434 4636/4894/4636 4637/4895/4637 4435/4896/4435
f 4638/4897/4638 4639/4898/4639 4637/4895/4637 4636/4894/4636
f 4640/4899/4640 4641/4900/4641 4637/4895/4637 4639/4898/4639
f 4438/4901/4438 4435/4896/4435 4637/4895/4637 4641/4900/4641
f 4642/4902/4642 4643/4903/4643 4644/4904/4644 4645/4905/4645
f 4646/4906/4646 4647/4907/4647 4644/4904/4644 4643/4903/4643
f 4640/4899/4640 4639/4898/4639 4644/4904/4644 4647/4907/4647
f 4638/4897/4638 4645/4905/4645 4644/4904/4644 4639/4898/4639
f 4611/4908/4611 4635/4909/4635 4648/4910/4648 4649/4911/4649
f 4632/4912/4632 4650/4913/4650 4648/4910/4648 4635/4909/4635
f 4640/4899/4640 4647/4907/4647 4648/4910/4648 4650/4913/4650
f 4646/4906/4646 4649/4911/4649 4648/4910/4648 4647/4907/4647
f 4384/4914/4384 4441/4915/4441 4651/4916/4651 4630/4917/4630
f 4438/4901/4438 4641/4900/4641 4651/4916/4651 4441/4915/4441
f 4640/4899/4640 4650/4913/4650 4651/4916/4651 4641/4900/4641
f 4632/4912/4632 4630/4917/4630 4651/4916/4651 4650/4913/4650
f 4642/4902/4642 4652/4918/4652 4653/4919/4653 4643/4903/4643
f 4654/4920/4654 4655/4921/4655 4653/4919/4653 4652/4918/4652
f 4656/4922/4656 4657/4923/4657 4653/4919/4653 4655/4921/4655
f 4646/4906/4646 4643/4903/4643 4653/4919/4653 4657/4923/4657
f 4658/4924/4658 4659/4925/4659 4660/4926/4660 4661/4927/4661
f 4662/4928/4662 4663/4929/4663 4660/4926/4660 4659/4925/4659
f 4656/4922/4656 4655/4921/4655 4660/4926/4660 4663/4929/4663
f 4654/4920/4654 4661/4927/4661 4660/4926/4660 4655/4921/4655
f 4617/4930/4617 4620/4931/4620 4664/4932/4664 4665/4933/4665
f 4615/4934/4615 4666/4935/4666 4664/4932/4664 4620/4931/4620
f 4656/4922/4656 4663/4929/4663 4664/4932/4664 4666/4935/4666
f 4662/4928/4662 4665/4933/4665 4664/4932/4664 4663/4929/4663
f 4611/4908/4611 4649/4911/4649 4667/4936/4667 4612/4937/4612
f 4646/4906/4646 4657/4923/4657 4667/4936/4667 4649/4911/4649
f 4656/4922/4656 4666/4935/4666 4667/4936/4667 4657/4923/4657
f 4615/4934/4615 4612/4937/4612 4667/4936/4667 4666/4935/4666
f 4394/4651/4394 4563/4820/4563 4668/4938/4668 4395/4652/4395
f 4568/4825/4568 4669/4939/4669 4668/4938/4668 4563/4820/4563
f 4670/4940/4670 4671/4941/4671 4668/4938/4668 4669/4939/4669
f 4398/4655/4398 4395/4652/4395 4668/4938/4668 4671/4941/4671
f 4553/4810/4553 4672/4942/4672 4673/4943/4673 4578/4835/4578
f 4674/4944/4674 4675/4945/4675 4673/4943/4673 4672/4942/4672
f 4670/4940/4670 4669/4939/4669 4673/4943/4673 4675/4945/4675
f 4568/4825/4568 4578/4835/4578 4673/4943/4673 4669/4939/4669
f 4676/4946/4676 4677/4947/4677 4678/4948/4678 4679/4949/4679
f 4680/4950/4680 4681/4951/4681 4678/4948/4678 4677/4947/4677
f 4670/4940/4670 4675/4945/4675 4678/4948/4678 4681/4951/4681
f 4674/4944/4674 4679/4949/4679 4678/4948/4678 4675/4945/4675
f 4400/4657/4400 4403/4660/4403 4682/4952/4682 4683/4953/4683
f 4398/4655/4398 4671/4941/4671 4682/4952/4682 4403/4660/4403
f 4670/4940/4670 4681/4951/4681 4682/4952/4682 4671/4941/4671
f 4680/4950/4680 4683/4953/4683 4682/4952/4682 4681/4951/4681
f 4553/4810/4553 4556/4813/4556 4684/4954/4684 4672/4942/4672
f 4551/4808/4551 4685/4955/4685 4684/4954/4684 4556/4813/4556
f 4686/4956/4686 4687/4957/4687 4684/4954/4684 4685/4955/4685
f 4674/4944/4674 4672/4942/4672 4684/4954/4684 4687/4957/4687
f 4547/4804/4547 4688/4958/4688 4689/4959/4689 4548/4805/4548
f 4690/4960/4690 4691/4961/4691 4689/4959/4689 4688/4958/4688
f 4686/4956/4686 4685/4955/4685 4689/4959/4689 4691/4961/4691
f 4551/4808/4551 4548/4805/4548 4689/4959/4689 4685/4955/4685
f 4692/4962/4692 4693/4963/4693 4694/4964/4694 4695/4965/4695
f 4696/4966/4696 4697/4967/4697 4694/4964/4694 4693/4963/4693
f 4686/4956/4686 4691/4961/4691 4694/4964/4694 4697/4967/4697
f 4690/4960/4690 4695/4965/4695 4694/4964/4694 4691/4961/4691
f 4676/4946/4676 4679/4949/4679 4698/4968/4698 4699/4969/4699
f 4674/4944/4674 4687/4957/4687 4698/4968/4698 4679/4949/4679
f 4686/4956/4686 4697/4967/4697 4698/4968/4698 4687/4957/4687
f 4696/4966/4696 4699/4969/4699 4698/4968/4698 4697/4967/4697
f 4700/4970/4700 4701/4971/4701 4702/4972/4702 4703/4973/4703
f 4704/4974/4704 4705/4975/4705 4702/4972/4702 4701/4971/4701
f 4706/4976/4706 4707/4977/4707 4702/4972/4702 4705/4975/4705
f 4708/4978/4708 4703/4973/4703 4702/4972/4702 4707/4977/4707
f 4709/4979/4709 4710/4980/4710 4711/4981/4711 4712/4982/4712
f 4713/4983/4713 4714/4984/4714 4711/4981/4711 4710/4980/4710
f 4706/4976/4706 4705/4975/4705 4711/4981/4711 4714/4984/4714
f 4704/4974/4704 4712/4982/4712 4711/4981/4711 4705/4975/4705
f 4676/4946/4676 4699/4969/4699 4715/4985/4715 4716/4986/4716
f 4696/4966/4696 4717/4987/4717 4715/4985/4715 4699/4969/4699
f 4706/4976/4706 4714/4984/4714 4715/4985/4715 4717/4987/4717
f 4713/4983/4713 4716/4986/4716 4715/4985/4715 4714/4984/4714
f 4692/4962/4692 4718/4988/4718 4719/4989/4719 4693/4963/4693
f 4708/4978/4708 4707/4977/4707 4719/4989/4719 4718/4988/4718
f 4706/4976/4706 4717/4987/4717 4719/4989/4719 4707/4977/4707
f 4696/4966/4696 4693/4963/4693 4719/4989/4719 4717/4987/4717
f 4709/4979/4709 4720/4990/4720 4721/4991/4721 4710/4980/4710
f 4722/4992/4722 4723/4993/4723 4721/4991/4721 4720/4990/4720
f 4724/4994/4724 4725/4995/4725 4721/4991/4721 4723/4993/4723
f 4713/4983/4713 4710/4980/4710 4721/4991/4721 4725/4995/4725
f 4408/4665/4408 4411/4668/4411 4726/4996/4726 4727/4997/4727
f 4416/4673/4416 4728/4998/4728 4726/4996/4726 4411/4668/4411
f 4724/4994/4724 4723/4993/4723 4726/4996/4726 4728/4998/4728
f 4722/4992/4722 4727/4997/4727 4726/4996/4726 4723/4993/4723
f 4400/4657/4400 4683/4953/4683 4729/4999/4729 4426/4683/4426
f 4680/4950/4680 4730/5000/4730 4729/4999/4729 4683/4953/4683
f 4724/4994/4724 4728/4998/4728 4729/4999/4729 4730/5000/4730
f 4416/4673/4416 4426/4683/4426 4729/4999/4729 4728/4998/4728
f 4676/4946/4676 4716/4986/4716 4731/5001/4731 4677/4947/4677
f 4713/4983/4713 4725/4995/4725 4731/5001/4731 4716/4986/4716
f 4724/4994/4724 4730/5000/4730 4731/5001/4731 4725/4995/4725
f 4680/4950/4680 4677/4947/4677 4731/5001/4731 4730/5000/4730
f 4394/4651/4394 4397/4654/4397 4732/5002/4732 4561/4818/4561
f 4390/4647/4390 4733/5003/4733 4732/5002/4732 4397/4654/4397
f 4734/5004/4734 4735/5005/4735 4732/5002/4732 4733/5003/4733
f 4564/4821/4564 4561/4818/4561 4732/5002/4732 4735/5005/4735
f 4372/4629/4372 4736/5006/4736 4737/5007/4737 4388/4645/4388
f 4738/5008/4738 4739/5009/4739 4737/5007/4737 4736/5006/4736
f 4734/5004/4734 4733/5003/4733 4737/5007/4737 4739/5009/4739
f 4390/4647/4390 4388/4645/4388 4737/5007/4737 4733/5003/4733
f 4740/5010/4740 4741/5011/4741 4742/5012/4742 4743/5013/4743
f 4744/5014/4744 4745/5015/4745 4742/5012/4742 4741/5011/4741
f 4734/5004/4734 4739/5009/4739 4742/5012/4742 4745/5015/4745
f 4738/5008/4738 4743/5013/4743 4742/5012/4742 4739/5009/4739
f 4569/4826/4569 4572/4829/4572 4746/5016/4746 4747/5017/4747
f 4564/4821/4564 4735/5005/4735 4746/5016/4746 4572/4829/4572
f 4734/5004/4734 4745/5015/4745 4746/5016/4746 4735/5005/4735
f 4744/5014/4744 4747/5017/4747 4746/5016/4746 4745/5015/4745
f 4372/4629/4372 4375/4632/4375 4748/5018/4748 4736/5006/4736
f 4367/4624/4367 4749/5019/4749 4748/5018/4748 4375/4632/4375
f 4750/5020/4750 4751/5021/4751 4748/5018/4748 4749/5019/4749
f 4738/5008/4738 4736/5006/4736 4748/5018/4748 4751/5021/4751
f 4363/4620/4363 4628/4885/4628 4752/5022/4752 4364/4621/4364
f 4623/4880/4623 4753/5023/4753 4752/5022/4752 4628/4885/4628
f 4750/5020/4750 4749/5019/4749 4752/5022/4752 4753/5023/4753
f 4367/4624/4367 4364/4621/4364 4752/5022/4752 4749/5019/4749
f 4605/4862/4605 4754/5024/4754 4755/5025/4755 4621/4878/4621
f 4756/5026/4756 4757/5027/4757 4755/5025/4755 4754/5024/4754
f 4750/5020/4750 4753/5023/4753 4755/5025/4755 4757/5027/4757
f 4623/4880/4623 4621/4878/4621 4755/5025/4755 4753/5023/4753
f 4740/5010/4740 4743/5013/4743 4758/5028/4758 4759/5029/4759
f 4738/5008/4738 4751/5021/4751 4758/5028/4758 4743/5013/4743
f 4750/5020/4750 4757/5027/4757 4758/5028/4758 4751/5021/4751
f 4756/5026/4756 4759/5029/4759 4758/5028/4758 4757/5027/4757
f 4596/4853/4596 4760/5030/4760 4761/5031/4761 4597/4854/4597
f 4762/5032/4762 4763/5033/4763 4761/5031/4761 4760/5030/4760
f 4764/5034/4764 4765/5035/4765 4761/5031/4761 4763/5033/4763
f 4600/4857/4600 4597/4854/4597 4761/5031/4761 4765/5035/4765
f 4766/5036/4766 4767/5037/4767 4768/5038/4768 4769/5039/4769
f 4770/5040/4770 4771/5041/4771 4768/5038/4768 4767/5037/4767
f 4764/5034/4764 4763/5033/4763 4768/5038/4768 4771/5041/4771
f 4762/5032/4762 4769/5039/4769 4768/5038/4768 4763/5033/4763
f 4740/5010/4740 4759/5029/4759 4772/5042/4772 4773/5043/4773
f 4756/5026/4756 4774/5044/4774 4772/5042/4772 4759/5029/4759
f 4764/5034/4764 4771/5041/4771 4772/5042/4772 4774/5044/4774
f 4770/5040/4770 4773/5043/4773 4772/5042/4772 4771/5041/4771
f 4605/4862/4605 4608/4865/4608 4775/5045/4775 4754/5024/4754
f 4600/4857/4600 4765/5035/4765 4775/5045/4775 4608/4865/4608
f 4764/5034/4764 4774/5044/4774 4775/5045/4775 4765/5035/4765
f 4756/5026/4756 4754/5024/4754 4775/5045/4775 4774/5044/4774
f 4766/5036/4766 4776/5046/4776 4777/5047/4777 4767/5037/4767
f 4778/5048/4778 4779/5049/4779 4777/5047/4777 4776/5046/4776
f 4780/5050/4780 4781/5051/4781 4777/5047/4777 4779/5049/4779
f 4770/5040/4770 4767/5037/4767 4777/5047/4777 4781/5051/4781
f 4586/4843/4586 4589/4846/4589 4782/5052/4782 4783/5053/4783
f 4582/4839/4582 4784/5054/4784 4782/5052/4782 4589/4846/4589
f 4780/5050/4780 4779/5049/4779 4782/5052/4782 4784/5054/4784
f 4778/5048/4778 4783/5053/4783 4782/5052/4782 4779/5049/4779
f 4569/4826/4569 4747/5017/4747 4785/5055/4785 4580/4837/4580
f 4744/5014/4744 4786/5056/4786 4785/5055/4785 4747/5017/4747
f 4780/5050/4780 4784/5054/4784 4785/5055/4785 4786/5056/4786
f 4582/4839/4582 4580/4837/4580 4785/5055/4785 4784/5054/4784
f 4740/5010/4740 4773/5043/4773 4787/5057/4787 4741/5011/4741
f 4770/5040/4770 4781/5051/4781 4787/5057/4787 4773/5043/4773
f 4780/5050/4780 4786/5056/4786 4787/5057/4787 4781/5051/4781
f 4744/5014/4744 4741/5011/4741 4787/5057/4787 4786/5056/4786
f 1972/2072/1972 4788/5058/4788 4789/5059/4789 1973/2073/1973
f 4790/5060/4790 4791/5061/4791 4789/5059/4789 4788/5058/4788
f 4792/5062/4792 4793/5063/4793 4789/5059/4789 4791/5061/4791
f 1976/2076/1976 1973/2073/1973 4789/5059/4789 4793/5063/4793
f 4794/5064/4794 4795/5065/4795 4796/5066/4796 4797/5067/4797
f 4798/5068/4798 4799/5069/4799 4796/5066/4796 4795/5065/4795
f 4792/5062/4792 4791/5061/4791 4796/5066/4796 4799/5069/4799
f 4790/5060/4790 4797/5067/4797 4796/5066/4796 4791/5061/4791
f 4800/5070/4800 4801/5071/4801 4802/5072/4802 4803/5073/4803
f 4804/5074/4804 4805/5075/4805 4802/5072/4802 4801/5071/4801
f 4792/5062/4792 4799/5069/4799 4802/5072/4802 4805/5075/4805
f 4798/5068/4798 4803/5073/4803 4802/5072/4802 4799/5069/4799
f 1981/2081/1981 1984/2084/1984 4806/5076/4806 4807/5077/4807
f 1976/2076/1976 4793/5063/4793 4806/5076/4806 1984/2084/1984
f 4792/5062/4792 4805/5075/4805 4806/5076/4806 4793/5063/4793
f 4804/5074/4804 4807/5077/4807 4806/5076/4806 4805/5075/4805
f 4794/5064/4794 4808/5078/4808 4809/5079/4809 4795/5065/4795
f 4810/5080/4810 4811/5081/4811 4809/5079/4809 4808/5078/4808
f 4812/5082/4812 4813/5083/4813 4809/5079/4809 4811/5081/4811
f 4798/5068/4798 4795/5065/4795 4809/5079/4809 4813/5083/4813
f 4313/5084/4313 4814/5085/4814 4815/5086/4815 4816/5087/4816
f 4817/5088/4817 4818/5089/4818 4815/5086/4815 4814/5085/4814
f 4812/5082/4812 4811/5081/4811 4815/5086/4815 4818/5089/4818
f 4810/5080/4810 4816/5087/4816 4815/5086/4815 4811/5081/4811
f 4819/5090/4819 4820/5091/4820 4821/5092/4821 4822/5093/4822
f 4823/5094/4823 4824/5095/4824 4821/5092/4821 4820/5091/4820
f 4812/5082/4812 4818/5089/4818 4821/5092/4821 4824/5095/4824
f 4817/5088/4817 4822/5093/4822 4821/5092/4821 4818/5089/4818
f 4800/5070/4800 4803/5073/4803 4825/5096/4825 4826/5097/4826
f 4798/5068/4798 4813/5083/4813 4825/5096/4825 4803/5073/4803
f 4812/5082/4812 4824/5095/4824 4825/5096/4825 4813/5083/4813
f 4823/5094/4823 4826/5097/4826 4825/5096/4825 4824/5095/4824
f 4658/4924/4658 4827/5098/4827 4828/5099/4828 4829/5100/4829
f 4830/5101/4830 4831/5102/4831 4828/5099/4828 4827/5098/4827
f 4832/5103/4832 4833/5104/4833 4828/5099/4828 4831/5102/4831
f 4834/5105/4834 4829/5100/4829 4828/5099/4828 4833/5104/4833
f 4835/5106/4835 4836/5107/4836 4837/5108/4837 4838/5109/4838
f 4839/5110/4839 4840/5111/4840 4837/5108/4837 4836/5107/4836
f 4832/5103/4832 4831/5102/4831 4837/5108/4837 4840/5111/4840
f 4830/5101/4830 4838/5109/4838 4837/5108/4837 4831/5102/4831
f 4800/5070/4800 4826/5097/4826 4841/5112/4841 4842/5113/4842
f 4823/5094/4823 4843/5114/4843 4841/5112/4841 4826/5097/4826
f 4832/5103/4832 4840/5111/4840 4841/5112/4841 4843/5114/4843
f 4839/5110/4839 4842/5113/4842 4841/5112/4841 4840/5111/4840
f 4819/5090/4819 4844/5115/4844 4845/5116/4845 4820/5091/4820
f 4834/5105/4834 4833/5104/4833 4845/5116/4845 4844/5115/4844
f 4832/5103/4832 4843/5114/4843 4845/5116/4845 4833/5104/4833
f 4823/5094/4823 4820/5091/4820 4845/5116/4845 4843/5114/4843
f 4835/5106/4835 4846/5117/4846 4847/5118/4847 4836/5107/4836
f 4848/5119/4848 4849/5120/4849 4847/5118/4847 4846/5117/4846
f 4850/5121/4850 4851/5122/4851 4847/5118/4847 4849/5120/4849
f 4839/5110/4839 4836/5107/4836 4847/5118/4847 4851/5122/4851
f 2003/2103/2003 2006/2106/2006 4852/5123/4852 4853/5124/4853
f 1999/2099/1999 4854/5125/4854 4852/5123/4852 2006/2106/2006
f 4850/5121/4850 4849/5120/4849 4852/5123/4852 4854/5125/4854
f 4848/5119/4848 4853/5124/4853 4852/5123/4852 4849/5120/4849
f 1981/2081/1981 4807/5077/4807 4855/5126/4855 1997/2097/1997
f 4804/5074/4804 4856/5127/4856 4855/5126/4855 4807/5077/4807
f 4850/5121/4850 4854/5125/4854 4855/5126/4855 4856/5127/4856
f 1999/2099/1999 1997/2097/1997 4855/5126/4855 4854/5125/4854
f 4800/5070/4800 4842/5113/4842 4857/5128/4857 4801/5071/4801
f 4839/5110/4839 4851/5122/4851 4857/5128/4857 4842/5113/4842
f 4850/5121/4850 4856/5127/4856 4857/5128/4857 4851/5122/4851
f 4804/5074/4804 4801/5071/4801 4857/5128/4857 4856/5127/4856
f 4547/4804/4547 4858/5129/4858 4859/5130/4859 4688/4958/4688
f 4860/5131/4860 4861/5132/4861 4859/5130/4859 4858/5129/4858
f 4862/5133/4862 4863/5134/4863 4859/5130/4859 4861/5132/4861
f 4690/4960/4690 4688/4958/4688 4859/5130/4859 4863/5134/4863
f 4864/5135/4864 4865/5136/4865 4866/5137/4866 4867/5138/4867
f 4868/5139/4868 4869/5140/4869 4866/5137/4866 4865/5136/4865
f 4862/5133/4862 4861/5132/4861 4866/5137/4866 4869/5140/4869
f 4860/5131/4860 4867/5138/4867 4866/5137/4866 4861/5132/4861
f 4870/5141/4870 4871/5142/4871 4872/5143/4872 4873/5144/4873
f 4874/5145/4874 4875/5146/4875 4872/5143/4872 4871/5142/4871
f 4862/5133/4862 4869/5140/4869 4872/5143/4872 4875/5146/4875
f 4868/5139/4868 4873/5144/4873 4872/5143/4872 4869/5140/4869
f 4692/4962/4692 4695/4965/4695 4876/5147/4876 4877/5148/4877
f 4690/4960/4690 4863/5134/4863 4876/5147/4876 4695/4965/4695
f 4862/5133/4862 4875/5146/4875 4876/5147/4876 4863/5134/4863
f 4874/5145/4874 4877/5148/4877 4876/5147/4876 4875/5146/4875
f 4864/5135/4864 4878/5149/4878 4879/5150/4879 4865/5136/4865
f 4880/5151/4880 4881/5152/4881 4879/5150/4879 4878/5149/4878
f 4882/5153/4882 4883/5154/4883 4879/5150/4879 4881/5152/4881
f 4868/5139/4868 4865/5136/4865 4879/5150/4879 4883/5154/4883
f 3512/3698/3512 3515/3701/3515 4884/5155/4884 4885/5156/4885
f 3508/3694/3508 4886/5157/4886 4884/5155/4884 3515/3701/3515
f 4882/5153/4882 4881/5152/4881 4884/5155/4884 4886/5157/4886
f 4880/5151/4880 4885/5156/4885 4884/5155/4884 4881/5152/4881
f 3495/3681/3495 4887/5158/4887 4888/5159/4888 3506/3692/3506
f 4889/5160/4889 4890/5161/4890 4888/5159/4888 4887/5158/4887
f 4882/5153/4882 4886/5157/4886 4888/5159/4888 4890/5161/4890
f 3508/3694/3508 3506/3692/3506 4888/5159/4888 4886/5157/4886
f 4870/5141/4870 4873/5144/4873 4891/5162/4891 4892/5163/4892
f 4868/5139/4868 4883/5154/4883 4891/5162/4891 4873/5144/4873
f 4882/5153/4882 4890/5161/4890 4891/5162/4891 4883/5154/4883
f 4889/5160/4889 4892/5163/4892 4891/5162/4891 4890/5161/4890
f 3486/3672/3486 4893/5164/4893 4894/5165/4894 3487/3673/3487
f 4895/5166/4895 4896/5167/4896 4894/5165/4894 4893/5164/4893
f 4897/5168/4897 4898/5169/4898 4894/5165/4894 4896/5167/4896
f 3490/3676/3490 3487/3673/3487 4894/5165/4894 4898/5169/4898
f 4899/5170/4899 4900/5171/4900 4901/5172/4901 4902/5173/4902
f 4903/5174/4903 4904/5175/4904 4901/5172/4901 4900/5171/4900
f 4897/5168/4897 4896/5167/4896 4901/5172/4901 4904/5175/4904
f 4895/5166/4895 4902/5173/4902 4901/5172/4901 4896/5167/4896
f 4870/5141/4870 4892/5163/4892 4905/5176/4905 4906/5177/4906
f 4889/5160/4889 4907/5178/4907 4905/5176/4905 4892/5163/4892
f 4897/5168/4897 4904/5175/4904 4905/5176/4905 4907/5178/4907
f 4903/5174/4903 4906/5177/4906 4905/5176/4905 4904/5175/4904
f 3495/3681/3495 3498/3684/3498 4908/5179/4908 4887/5158/4887
f 3490/3676/3490 4898/5169/4898 4908/5179/4908 3498/3684/3498
f 4897/5168/4897 4907/5178/4907 4908/5179/4908 4898/5169/4898
f 4889/5160/4889 4887/5158/4887 4908/5179/4908 4907/5178/4907
f 4899/5170/4899 4909/5180/4909 4910/5181/4910 4900/5171/4900
f 4911/5182/4911 4912/5183/4912 4910/5181/4910 4909/5180/4909
f 4913/5184/4913 4914/5185/4914 4910/5181/4910 4912/5183/4912
f 4903/5174/4903 4900/5171/4900 4910/5181/4910 4914/5185/4914
f 4700/4970/4700 4703/4973/4703 4915/5186/4915 4916/5187/4916
f 4708/4978/4708 4917/5188/4917 4915/5186/4915 4703/4973/4703
f 4913/5184/4913 4912/5183/4912 4915/5186/4915 4917/5188/4917
f 4911/5182/4911 4916/5187/4916 4915/5186/4915 4912/5183/4912
f 4692/4962/4692 4877/5148/4877 4918/5189/4918 4718/4988/4718
f 4874/5145/4874 4919/5190/4919 4918/5189/4918 4877/5148/4877
f 4913/5184/4913 4917/5188/4917 4918/5189/4918 4919/5190/4919
f 4708/4978/4708 4718/4988/4718 4918/5189/4918 4917/5188/4917
f 4870/5141/4870 4906/5177/4906 4920/5191/4920 4871/5142/4871
f 4903/5174/4903 4914/5185/4914 4920/5191/4920 4906/5177/4906
f 4913/5184/4913 4919/5190/4919 4920/5191/4920 4914/5185/4914
f 4874/5145/4874 4871/5142/4871 4920/5191/4920 4919/5190/4919
f 4353/4610/4353 4921/5192/4921 4922/5193/4922 4444/4701/4444
f 4923/5194/4923 4924/5195/4924 4922/5193/4922 4921/5192/4921
f 4925/5196/4925 4926/5197/4926 4922/5193/4922 4924/5195/4924
f 4446/4703/4446 4444/4701/4444 4922/5193/4922 4926/5197/4926
f 4927/5198/4927 4928/5199/4928 4929/5200/4929 4930/5201/4930
f 4931/5202/4931 4932/5203/4932 4929/5200/4929 4928/5199/4928
f 4925/5196/4925 4924/5195/4924 4929/5200/4929 4932/5203/4932
f 4923/5194/4923 4930/5201/4930 4929/5200/4929 4924/5195/4924
f 4933/5204/4933 4934/5205/4934 4935/5206/4935 4936/5207/4936
f 4937/5208/4937 4938/5209/4938 4935/5206/4935 4934/5205/4934
f 4925/5196/4925 4932/5203/4932 4935/5206/4935 4938/5209/4938
f 4931/5202/4931 4936/5207/4936 4935/5206/4935 4932/5203/4932
f 4450/4707/4450 4453/4710/4453 4939/5210/4939 4940/5211/4940
f 4446/4703/4446 4926/5197/4926 4939/5210/4939 4453/4710/4453
f 4925/5196/4925 4938/5209/4938 4939/5210/4939 4926/5197/4926
f 4937/5208/4937 4940/5211/4940 4939/5210/4939 4938/5209/4938
f 4927/5198/4927 4941/5212/4941 4942/5213/4942 4928/5199/4928
f 4943/5214/4943 4944/5215/4944 4942/5213/4942 4941/5212/4941
f 4945/5216/4945 4946/5217/4946 4942/5213/4942 4944/5215/4944
f 4931/5202/4931 4928/5199/4928 4942/5213/4942 4946/5217/4946
f 3584/3770/3584 3587/3773/3587 4947/5218/4947 4948/5219/4948
f 3580/3766/3580 4949/5220/4949 4947/5218/4947 3587/3773/3587
f 4945/5216/4945 4944/5215/4944 4947/5218/4947 4949/5220/4949
f 4943/5214/4943 4948/5219/4948 4947/5218/4947 4944/5215/4944
f 3567/3753/3567 4950/5221/4950 4951/5222/4951 3578/3764/3578
f 4952/5223/4952 4953/5224/4953 4951/5222/4951 4950/5221/4950
f 4945/5216/4945 4949/5220/4949 4951/5222/4951 4953/5224/4953
f 3580/3766/3580 3578/3764/3578 4951/5222/4951 4949/5220/4949
f 4933/5204/4933 4936/5207/4936 4954/5225/4954 4955/5226/4955
f 4931/5202/4931 4946/5217/4946 4954/5225/4954 4936/5207/4936
f 4945/5216/4945 4953/5224/4953 4954/5225/4954 4946/5217/4946
f 4952/5223/4952 4955/5226/4955 4954/5225/4954 4953/5224/4953
f 3558/3744/3558 4956/5227/4956 4957/5228/4957 3559/3745/3559
f 4958/5229/4958 4959/5230/4959 4957/5228/4957 4956/5227/4956
f 4960/5231/4960 4961/5232/4961 4957/5228/4957 4959/5230/4959
f 3562/3748/3562 3559/3745/3559 4957/5228/4957 4961/5232/4961
f 4962/5233/4962 4963/5234/4963 4964/5235/4964 4965/5236/4965
f 4966/5237/4966 4967/5238/4967 4964/5235/4964 4963/5234/4963
f 4960/5231/4960 4959/5230/4959 4964/5235/4964 4967/5238/4967
f 4958/5229/4958 4965/5236/4965 4964/5235/4964 4959/5230/4959
f 4933/5204/4933 4955/5226/4955 4968/5239/4968 4969/5240/4969
f 4952/5223/4952 4970/5241/4970 4968/5239/4968 4955/5226/4955
f 4960/5231/4960 4967/5238/4967 4968/5239/4968 4970/5241/4970
f 4966/5237/4966 4969/5240/4969 4968/5239/4968 4967/5238/4967
f 3567/3753/3567 3570/3756/3570 4971/5242/4971 4950/5221/4950
f 3562/3748/3562 4961/5232/4961 4971/5242/4971 3570/3756/3570
f 4960/5231/4960 4970/5241/4970 4971/5242/4971 4961/5232/4961
f 4952/5223/4952 4950/5221/4950 4971/5242/4971 4970/5241/4970
f 4962/5233/4962 4972/5243/4972 4973/5244/4973 4963/5234/4963
f 4974/5245/4974 4975/5246/4975 4973/5244/4973 4972/5243/4972
f 4976/5247/4976 4977/5248/4977 4973/5244/4973 4975/5246/4975
f 4966/5237/4966 4963/5234/4963 4973/5244/4973 4977/5248/4977
f 4470/4727/4470 4473/4730/4473 4978/5249/4978 4979/5250/4979
f 4466/4723/4466 4980/5251/4980 4978/5249/4978 4473/4730/4473
f 4976/5247/4976 4975/5246/4975 4978/5249/4978 4980/5251/4980
f 4974/5245/4974 4979/5250/4979 4978/5249/4978 4975/5246/4975
f 4450/4707/4450 4940/5211/4940 4981/5252/4981 4464/4721/4464
f 4937/5208/4937 4982/5253/4982 4981/5252/4981 4940/5211/4940
f 4976/5247/4976 4980/5251/4980 4981/5252/4981 4982/5253/4982
f 4466/4723/4466 4464/4721/4464 4981/5252/4981 4980/5251/4980
f 4933/5204/4933 4969/5240/4969 4983/5254/4983 4934/5205/4934
f 4966/5237/4966 4977/5248/4977 4983/5254/4983 4969/5240/4969
f 4976/5247/4976 4982/5253/4982 4983/5254/4983 4977/5248/4977
f 4937/5208/4937 4934/5205/4934 4983/5254/4983 4982/5253/4982
f 4516/4773/4516 4984/5255/4984 4985/5256/4985 4517/4774/4517
f 4986/5257/4986 4987/5258/4987 4985/5256/4985 4984/5255/4984
f 4988/5259/4988 4989/5260/4989 4985/5256/4985 4987/5258/4987
f 4520/4777/4520 4517/4774/4517 4985/5256/4985 4989/5260/4989
f 4990/5261/4990 4991/5262/4991 4992/5263/4992 4993/5264/4993
f 4994/5265/4994 4995/5266/4995 4992/5263/4992 4991/5262/4991
f 4988/5259/4988 4987/5258/4987 4992/5263/4992 4995/5266/4995
f 4986/5257/4986 4993/5264/4993 4992/5263/4992 4987/5258/4987
f 4996/5267/4996 4997/5268/4997 4998/5269/4998 4999/5270/4999
f 5000/5271/5000 5001/5272/5001 4998/5269/4998 4997/5268/4997
f 4988/5259/4988 4995/5266/4995 4998/5269/4998 5001/5272/5001
f 4994/5265/4994 4999/5270/4999 4998/5269/4998 4995/5266/4995
f 4525/4782/4525 4528/4785/4528 5002/5273/5002 5003/5274/5003
f 4520/4777/4520 4989/5260/4989 5002/5273/5002 4528/4785/4528
f 4988/5259/4988 5001/5272/5001 5002/5273/5002 4989/5260/4989
f 5000/5271/5000 5003/5274/5003 5002/5273/5002 5001/5272/5001
f 4990/5261/4990 5004/5275/5004 5005/5276/5005 4991/5262/4991
f 5006/5277/5006 5007/5278/5007 5005/5276/5005 5004/5275/5004
f 5008/5279/5008 5009/5280/5009 5005/5276/5005 5007/5278/5007
f 4994/5265/4994 4991/5262/4991 5005/5276/5005 5009/5280/5009
f 3648/3834/3648 3651/3837/3651 5010/5281/5010 5011/5282/5011
f 3644/3830/3644 5012/5283/5012 5010/5281/5010 3651/3837/3651
f 5008/5279/5008 5007/5278/5007 5010/5281/5010 5012/5283/5012
f 5006/5277/5006 5011/5282/5011 5010/5281/5010 5007/5278/5007
f 3632/3818/3632 5013/5284/5013 5014/5285/5014 3642/3828/3642
f 5015/5286/5015 5016/5287/5016 5014/5285/5014 5013/5284/5013
f 5008/5279/5008 5012/5283/5012 5014/5285/5014 5016/5287/5016
f 3644/3830/3644 3642/3828/3642 5014/5285/5014 5012/5283/5012
f 4996/5267/4996 4999/5270/4999 5017/5288/5017 5018/5289/5018
f 4994/5265/4994 5009/5280/5009 5017/5288/5017 4999/5270/4999
f 5008/5279/5008 5016/5287/5016 5017/5288/5017 5009/5280/5009
f 5015/5286/5015 5018/5289/5018 5017/5288/5017 5016/5287/5016
f 3512/3698/3512 4885/5156/4885 5019/5290/5019 3626/3812/3626
f 4880/5151/4880 5020/5291/5020 5019/5290/5019 4885/5156/4885
f 5021/5292/5021 5022/5293/5022 5019/5290/5019 5020/5291/5020
f 3628/3814/3628 3626/3812/3626 5019/5290/5019 5022/5293/5022
f 4864/5135/4864 5023/5294/5023 5024/5295/5024 4878/5149/4878
f 5025/5296/5025 5026/5297/5026 5024/5295/5024 5023/5294/5023
f 5021/5292/5021 5020/5291/5020 5024/5295/5024 5026/5297/5026
f 4880/5151/4880 4878/5149/4878 5024/5295/5024 5020/5291/5020
f 4996/5267/4996 5018/5289/5018 5027/5298/5027 5028/5299/5028
f 5015/5286/5015 5029/5300/5029 5027/5298/5027 5018/5289/5018
f 5021/5292/5021 5026/5297/5026 5027/5298/5027 5029/5300/5029
f 5025/5296/5025 5028/5299/5028 5027/5298/5027 5026/5297/5026
f 3632/3818/3632 3635/3821/3635 5030/5301/5030 5013/5284/5013
f 3628/3814/3628 5022/5293/5022 5030/5301/5030 3635/3821/3635
f 5021/5292/5021 5029/5300/5029 5030/5301/5030 5022/5293/5022
f 5015/5286/5015 5013/5284/5013 5030/5301/5030 5029/5300/5029
f 4864/5135/4864 4867/5138/4867 5031/5302/5031 5023/5294/5023
f 4860/5131/4860 5032/5303/5032 5031/5302/5031 4867/5138/4867
f 5033/5304/5033 5034/5305/5034 5031/5302/5031 5032/5303/5032
f 5025/5296/5025 5023/5294/5023 5031/5302/5031 5034/5305/5034
f 4547/4804/4547 4550/4807/4550 5035/5306/5035 4858/5129/4858
f 4543/4800/4543 5036/5307/5036 5035/5306/5035 4550/4807/4550
f 5033/5304/5033 5032/5303/5032 5035/5306/5035 5036/5307/5036
f 4860/5131/4860 4858/5129/4858 5035/5306/5035 5032/5303/5032
f 4525/4782/4525 5003/5274/5003 5037/5308/5037 4541/4798/4541
f 5000/5271/5000 5038/5309/5038 5037/5308/5037 5003/5274/5003
f 5033/5304/5033 5036/5307/5036 5037/5308/5037 5038/5309/5038
f 4543/4800/4543 4541/4798/4541 5037/5308/5037 5036/5307/5036
f 4996/5267/4996 5028/5299/5028 5039/5310/5039 4997/5268/4997
f 5025/5296/5025 5034/5305/5034 5039/5310/5039 5028/5299/5028
f 5033/5304/5033 5038/5309/5038 5039/5310/5039 5034/5305/5034
f 5000/5271/5000 4997/5268/4997 5039/5310/5039 5038/5309/5038
f 2233/2334/2233 2236/2337/2236 5040/5311/5040 5041/5312/5041
f 2241/2342/2241 5042/5313/5042 5040/5311/5040 2236/2337/2236
f 5043/5314/5043 5044/5315/5044 5040/5311/5040 5042/5313/5042
f 5045/5316/5045 5041/5312/5041 5040/5311/5040 5044/5315/5044
f 2254/2355/2254 5046/5317/5046 5047/5318/5047 2255/2356/2255
f 5048/5319/5048 5049/5320/5049 5047/5318/5047 5046/5317/5046
f 5043/5314/5043 5042/5313/5042 5047/5318/5047 5049/5320/5049
f 2241/2342/2241 2255/2356/2255 5047/5318/5047 5042/5313/5042
f 5050/5321/5050 5051/5322/5051 5052/5323/5052 5053/5324/5053
f 5054/5325/5054 5055/5326/5055 5052/5323/5052 5051/5322/5051
f 5043/5314/5043 5049/5320/5049 5052/5323/5052 5055/5326/5055
f 5048/5319/5048 5053/5324/5053 5052/5323/5052 5049/5320/5049
f 5056/5327/5056 5057/5328/5057 5058/5329/5058 5059/5330/5059
f 5045/5316/5045 5044/5315/5044 5058/5329/5058 5057/5328/5057
f 5043/5314/5043 5055/5326/5055 5058/5329/5058 5044/5315/5044
f 5054/5325/5054 5059/5330/5059 5058/5329/5058 5055/5326/5055
f 2254/2355/2254 2301/2403/2301 5060/5331/5060 5046/5317/5046
f 2298/2400/2298 5061/5332/5061 5060/5331/5060 2301/2403/2301
f 5062/5333/5062 5063/5334/5063 5060/5331/5060 5061/5332/5061
f 5048/5319/5048 5046/5317/5046 5060/5331/5060 5063/5334/5063
f 825/839/825 3724/3911/3724 5064/5335/5064 2296/2398/2296
f 3719/3906/3719 5065/5336/5065 5064/5335/5064 3724/3911/3724
f 5062/5333/5062 5061/5332/5061 5064/5335/5064 5065/5336/5065
f 2298/2400/2298 2296/2398/2296 5064/5335/5064 5061/5332/5061
f 3706/3893/3706 5066/5337/5066 5067/5338/5067 3717/3904/3717
f 5068/5339/5068 5069/5340/5069 5067/5338/5067 5066/5337/5066
f 5062/5333/5062 5065/5336/5065 5067/5338/5067 5069/5340/5069
f 3719/3906/3719 3717/3904/3717 5067/5338/5067 5065/5336/5065
f 5050/5321/5050 5053/5324/5053 5070/5341/5070 5071/5342/5071
f 5048/5319/5048 5063/5334/5063 5070/5341/5070 5053/5324/5053
f 5062/5333/5062 5069/5340/5069 5070/5341/5070 5063/5334/5063
f 5068/5339/5068 5071/5342/5071 5070/5341/5070 5069/5340/5069
f 3697/3884/3697 5072/5343/5072 5073/5344/5073 3698/3885/3698
f 5074/5345/5074 5075/5346/5075 5073/5344/5073 5072/5343/5072
f 5076/5347/5076 5077/5348/5077 5073/5344/5073 5075/5346/5075
f 3701/3888/3701 3698/3885/3698 5073/5344/5073 5077/5348/5077
f 5078/5349/5078 5079/5350/5079 5080/5351/5080 5081/5352/5081
f 5082/5353/5082 5083/5354/5083 5080/5351/5080 5079/5350/5079
f 5076/5347/5076 5075/5346/5075 5080/5351/5080 5083/5354/5083
f 5074/5345/5074 5081/5352/5081 5080/5351/5080 5075/5346/5075
f 5050/5321/5050 5071/5342/5071 5084/5355/5084 5085/5356/5085
f 5068/5339/5068 5086/5357/5086 5084/5355/5084 5071/5342/5071
f 5076/5347/5076 5083/5354/5083 5084/5355/5084 5086/5357/5086
f 5082/5353/5082 5085/5356/5085 5084/5355/5084 5083/5354/5083
f 3706/3893/3706 3709/3896/3709 5087/5358/5087 5066/5337/5066
f 3701/3888/3701 5077/5348/5077 5087/5358/5087 3709/3896/3709
f 5076/5347/5076 5086/5357/5086 5087/5358/5087 5077/5348/5077
f 5068/5339/5068 5066/5337/5066 5087/5358/5087 5086/5357/5086
f 5078/5349/5078 5088/5359/5088 5089/5360/5089 5079/5350/5079
f 5090/5361/5090 5091/5362/5091 5089/5360/5089 5088/5359/5088
f 5092/5363/5092 5093/5364/5093 5089/5360/5089 5091/5362/5091
f 5082/5353/5082 5079/5350/5079 5089/5360/5089 5093/5364/5093
f 4327/5365/4327 5094/5366/5094 5095/5367/5095 5096/5368/5096
f 5097/5369/5097 5098/5370/5098 5095/5367/5095 5094/5366/5094
f 5092/5363/5092 5091/5362/5091 5095/5367/5095 5098/5370/5098
f 5090/5361/5090 5096/5368/5096 5095/5367/5095 5091/5362/5091
f 5056/5327/5056 5059/5330/5059 5099/5371/5099 5100/5372/5100
f 5054/5325/5054 5101/5373/5101 5099/5371/5099 5059/5330/5059
f 5092/5363/5092 5098/5370/5098 5099/5371/5099 5101/5373/5101
f 5097/5369/5097 5100/5372/5100 5099/5371/5099 5098/5370/5098
f 5050/5321/5050 5085/5356/5085 5102/5374/5102 5051/5322/5051
f 5082/5353/5082 5093/5364/5093 5102/5374/5102 5085/5356/5085
f 5092/5363/5092 5101/5373/5101 5102/5374/5102 5093/5364/5093
f 5054/5325/5054 5051/5322/5051 5102/5374/5102 5101/5373/5101
f 3558/3744/3558 3730/3917/3730 5103/5375/5103 4956/5227/4956
f 3734/3921/3734 5104/5376/5104 5103/5375/5103 3730/3917/3730
f 5105/5377/5105 5106/5378/5106 5103/5375/5103 5104/5376/5104
f 4958/5229/4958 4956/5227/4956 5103/5375/5103 5106/5378/5106
f 3745/3932/3745 5107/5379/5107 5108/5380/5108 3746/3933/3746
f 5109/5381/5109 5110/5382/5110 5108/5380/5108 5107/5379/5107
f 5105/5377/5105 5104/5376/5104 5108/5380/5108 5110/5382/5110
f 3734/3921/3734 3746/3933/3746 5108/5380/5108 5104/5376/5104
f 5111/5383/5111 5112/5384/5112 5113/5385/5113 5114/5386/5114
f 5115/5387/5115 5116/5388/5116 5113/5385/5113 5112/5384/5112
f 5105/5377/5105 5110/5382/5110 5113/5385/5113 5116/5388/5116
f 5109/5381/5109 5114/5386/5114 5113/5385/5113 5110/5382/5110
f 4962/5233/4962 4965/5236/4965 5117/5389/5117 5118/5390/5118
f 4958/5229/4958 5106/5378/5106 5117/5389/5117 4965/5236/4965
f 5105/5377/5105 5116/5388/5116 5117/5389/5117 5106/5378/5106
f 5115/5387/5115 5118/5390/5118 5117/5389/5117 5116/5388/5116
f 3745/3932/3745 3789/3976/3789 5119/5391/5119 5107/5379/5107
f 3786/3973/3786 5120/5392/5120 5119/5391/5119 3789/3976/3789
f 5121/5393/5121 5122/5394/5122 5119/5391/5119 5120/5392/5120
f 5109/5381/5109 5107/5379/5107 5119/5391/5119 5122/5394/5122
f 3648/3834/3648 5011/5282/5011 5123/5395/5123 3784/3971/3784
f 5006/5277/5006 5124/5396/5124 5123/5395/5123 5011/5282/5011
f 5121/5393/5121 5120/5392/5120 5123/5395/5123 5124/5396/5124
f 3786/3973/3786 3784/3971/3784 5123/5395/5123 5120/5392/5120
f 4990/5261/4990 5125/5397/5125 5126/5398/5126 5004/5275/5004
f 5127/5399/5127 5128/5400/5128 5126/5398/5126 5125/5397/5125
f 5121/5393/5121 5124/5396/5124 5126/5398/5126 5128/5400/5128
f 5006/5277/5006 5004/5275/5004 5126/5398/5126 5124/5396/5124
f 5111/5383/5111 5114/5386/5114 5129/5401/5129 5130/5402/5130
f 5109/5381/5109 5122/5394/5122 5129/5401/5129 5114/5386/5114
f 5121/5393/5121 5128/5400/5128 5129/5401/5129 5122/5394/5122
f 5127/5399/5127 5130/5402/5130 5129/5401/5129 5128/5400/5128
f 4516/4773/4516 5131/5403/5131 5132/5404/5132 4984/5255/4984
f 5133/5405/5133 5134/5406/5134 5132/5404/5132 5131/5403/5131
f 5135/5407/5135 5136/5408/5136 5132/5404/5132 5134/5406/5134
f 4986/5257/4986 4984/5255/4984 5132/5404/5132 5136/5408/5136
f 5137/5409/5137 5138/5410/5138 5139/5411/5139 5140/5412/5140
f 5141/5413/5141 5142/5414/5142 5139/5411/5139 5138/5410/5138
f 5135/5407/5135 5134/5406/5134 5139/5411/5139 5142/5414/5142
f 5133/5405/5133 5140/5412/5140 5139/5411/5139 5134/5406/5134
f 5111/5383/5111 5130/5402/5130 5143/5415/5143 5144/5416/5144
f 5127/5399/5127 5145/5417/5145 5143/5415/5143 5130/5402/5130
f 5135/5407/5135 5142/5414/5142 5143/5415/5143 5145/5417/5145
f 5141/5413/5141 5144/5416/5144 5143/5415/5143 5142/5414/5142
f 4990/5261/4990 4993/5264/4993 5146/5418/5146 5125/5397/5125
f 4986/5257/4986 5136/5408/5136 5146/5418/5146 4993/5264/4993
f 5135/5407/5135 5145/5417/5145 5146/5418/5146 5136/5408/5136
f 5127/5399/5127 5125/5397/5125 5146/5418/5146 5145/5417/5145
f 5137/5409/5137 5147/5419/5147 5148/5420/5148 5138/5410/5138
f 5149/5421/5149 5150/5422/5150 5148/5420/5148 5147/5419/5147
f 5151/5423/5151 5152/5424/5152 5148/5420/5148 5150/5422/5150
f 5141/5413/5141 5138/5410/5138 5148/5420/5148 5152/5424/5152
f 4470/4727/4470 4979/5250/4979 5153/5425/5153 5154/5426/5154
f 4974/5245/4974 5155/5427/5155 5153/5425/5153 4979/5250/4979
f 5151/5423/5151 5150/5422/5150 5153/5425/5153 5155/5427/5155
f 5149/5421/5149 5154/5426/5154 5153/5425/5153 5150/5422/5150
f 4962/5233/4962 5118/5390/5118 5156/5428/5156 4972/5243/4972
f 5115/5387/5115 5157/5429/5157 5156/5428/5156 5118/5390/5118
f 5151/5423/5151 5155/5427/5155 5156/5428/5156 5157/5429/5157
f 4974/5245/4974 4972/5243/4972 5156/5428/5156 5155/5427/5155
f 5111/5383/5111 5144/5416/5144 5158/5430/5158 5112/5384/5112
f 5141/5413/5141 5152/5424/5152 5158/5430/5158 5144/5416/5144
f 5151/5423/5151 5157/5429/5157 5158/5430/5158 5152/5424/5152
f 5115/5387/5115 5112/5384/5112 5158/5430/5158 5157/5429/5157
f 4470/4727/4470 5154/5426/5154 5159/5431/5159 4471/4728/4471
f 5149/5421/5149 5160/5432/5160 5159/5431/5159 5154/5426/5154
f 5161/5433/5161 5162/5434/5162 5159/5431/5159 5160/5432/5160
f 4474/4731/4474 4471/4728/4471 5159/5431/5159 5162/5434/5162
f 5137/5409/5137 5163/5435/5163 5164/5436/5164 5147/5419/5147
f 5165/5437/5165 5166/5438/5166 5164/5436/5164 5163/5435/5163
f 5161/5433/5161 5160/5432/5160 5164/5436/5164 5166/5438/5166
f 5149/5421/5149 5147/5419/5147 5164/5436/5164 5160/5432/5160
f 5167/5439/5167 5168/5440/5168 5169/5441/5169 5170/5442/5170
f 5171/5443/5171 5172/5444/5172 5169/5441/5169 5168/5440/5168
f 5161/5433/5161 5166/5438/5166 5169/5441/5169 5172/5444/5172
f 5165/5437/5165 5170/5442/5170 5169/5441/5169 5166/5438/5166
f 4476/4733/4476 4479/4736/4479 5173/5445/5173 5174/5446/5174
f 4474/4731/4474 5162/5434/5162 5173/5445/5173 4479/4736/4479
f 5161/5433/5161 5172/5444/5172 5173/5445/5173 5162/5434/5162
f 5171/5443/5171 5174/5446/5174 5173/5445/5173 5172/5444/5172
f 5137/5409/5137 5140/5412/5140 5175/5447/5175 5163/5435/5163
f 5133/5405/5133 5176/5448/5176 5175/5447/5175 5140/5412/5140
f 5177/5449/5177 5178/5450/5178 5175/5447/5175 5176/5448/5176
f 5165/5437/5165 5163/5435/5163 5175/5447/5175 5178/5450/5178
f 4516/4773/4516 4519/4776/4519 5179/5451/5179 5131/5403/5131
f 4524/4781/4524 5180/5452/5180 5179/5451/5179 4519/4776/4519
f 5177/5449/5177 5176/5448/5176 5179/5451/5179 5180/5452/5180
f 5133/5405/5133 5131/5403/5131 5179/5451/5179 5176/5448/5176
f 4537/4794/4537 5181/5453/5181 5182/5454/5182 4538/4795/4538
f 5183/5455/5183 5184/5456/5184 5182/5454/5182 5181/5453/5181
f 5177/5449/5177 5180/5452/5180 5182/5454/5182 5184/5456/5184
f 4524/4781/4524 4538/4795/4538 5182/5454/5182 5180/5452/5180
f 5167/5439/5167 5170/5442/5170 5185/5457/5185 5186/5458/5186
f 5165/5437/5165 5178/5450/5178 5185/5457/5185 5170/5442/5170
f 5177/5449/5177 5184/5456/5184 5185/5457/5185 5178/5450/5178
f 5183/5455/5183 5186/5458/5186 5185/5457/5185 5184/5456/5184
f 4586/4843/4586 5187/5459/5187 5188/5460/5188 4587/4844/4587
f 5189/5461/5189 5190/5462/5190 5188/5460/5188 5187/5459/5187
f 5191/5463/5191 5192/5464/5192 5188/5460/5188 5190/5462/5190
f 4590/4847/4590 4587/4844/4587 5188/5460/5188 5192/5464/5192
f 5193/5465/5193 5194/5466/5194 5195/5467/5195 5196/5468/5196
f 5197/5469/5197 5198/5470/5198 5195/5467/5195 5194/5466/5194
f 5191/5463/5191 5190/5462/5190 5195/5467/5195 5198/5470/5198
f 5189/5461/5189 5196/5468/5196 5195/5467/5195 5190/5462/5190
f 5167/5439/5167 5186/5458/5186 5199/5471/5199 5200/5472/5200
f 5183/5455/5183 5201/5473/5201 5199/5471/5199 5186/5458/5186
f 5191/5463/5191 5198/5470/5198 5199/5471/5199 5201/5473/5201
f 5197/5469/5197 5200/5472/5200 5199/5471/5199 5198/5470/5198
f 4537/4794/4537 4593/4850/4593 5202/5474/5202 5181/5453/5181
f 4590/4847/4590 5192/5464/5192 5202/5474/5202 4593/4850/4593
f 5191/5463/5191 5201/5473/5201 5202/5474/5202 5192/5464/5192
f 5183/5455/5183 5181/5453/5181 5202/5474/5202 5201/5473/5201
f 5193/5465/5193 5203/5475/5203 5204/5476/5204 5194/5466/5194
f 5205/5477/5205 5206/5478/5206 5204/5476/5204 5203/5475/5203
f 5207/5479/5207 5208/5480/5208 5204/5476/5204 5206/5478/5206
f 5197/5469/5197 5194/5466/5194 5204/5476/5204 5208/5480/5208
f 4484/4741/4484 4487/4744/4487 5209/5481/5209 5210/5482/5210
f 4492/4749/4492 5211/5483/5211 5209/5481/5209 4487/4744/4487
f 5207/5479/5207 5206/5478/5206 5209/5481/5209 5211/5483/5211
f 5205/5477/5205 5210/5482/5210 5209/5481/5209 5206/5478/5206
f 4476/4733/4476 5174/5446/5174 5212/5484/5212 4502/4759/4502
f 5171/5443/5171 5213/5485/5213 5212/5484/5212 5174/5446/5174
f 5207/5479/5207 5211/5483/5211 5212/5484/5212 5213/5485/5213
f 4492/4749/4492 4502/4759/4502 5212/5484/5212 5211/5483/5211
f 5167/5439/5167 5200/5472/5200 5214/5486/5214 5168/5440/5168
f 5197/5469/5197 5208/5480/5208 5214/5486/5214 5200/5472/5200
f 5207/5479/5207 5213/5485/5213 5214/5486/5214 5208/5480/5208
f 5171/5443/5171 5168/5440/5168 5214/5486/5214 5213/5485/5213
f 4484/4741/4484 5210/5482/5210 5215/5487/5215 4485/4742/4485
f 5205/5477/5205 5216/5488/5216 5215/5487/5215 5210/5482/5210
f 5217/5489/5217 5218/5490/5218 5215/5487/5215 5216/5488/5216
f 4488/4745/4488 4485/4742/4485 5215/5487/5215 5218/5490/5218
f 5193/5465/5193 5219/5491/5219 5220/5492/5220 5203/5475/5203
f 5221/5493/5221 5222/5494/5222 5220/5492/5220 5219/5491/5219
f 5217/5489/5217 5216/5488/5216 5220/5492/5220 5222/5494/5222
f 5205/5477/5205 5203/5475/5203 5220/5492/5220 5216/5488/5216
f 5223/5495/5223 5224/5496/5224 5225/5497/5225 5226/5498/5226
f 5227/5499/5227 5228/5500/5228 5225/5497/5225 5224/5496/5224
f 5217/5489/5217 5222/5494/5222 5225/5497/5225 5228/5500/5228
f 5221/5493/5221 5226/5498/5226 5225/5497/5225 5222/5494/5222
f 4493/4750/4493 4496/4753/4496 5229/5501/5229 5230/5502/5230
f 4488/4745/4488 5218/5490/5218 5229/5501/5229 4496/4753/4496
f 5217/5489/5217 5228/5500/5228 5229/5501/5229 5218/5490/5218
f 5227/5499/5227 5230/5502/5230 5229/5501/5229 5228/5500/5228
f 5193/5465/5193 5196/5468/5196 5231/5503/5231 5219/5491/5219
f 5189/5461/5189 5232/5504/5232 5231/5503/5231 5196/5468/5196
f 5233/5505/5233 5234/5506/5234 5231/5503/5231 5232/5504/5232
f 5221/5493/5221 5219/5491/5219 5231/5503/5231 5234/5506/5234
f 4586/4843/4586 4783/5053/4783 5235/5507/5235 5187/5459/5187
f 4778/5048/4778 5236/5508/5236 5235/5507/5235 4783/5053/4783
f 5233/5505/5233 5232/5504/5232 5235/5507/5235 5236/5508/5236
f 5189/5461/5189 5187/5459/5187 5235/5507/5235 5232/5504/5232
f 4766/5036/4766 5237/5509/5237 5238/5510/5238 4776/5046/4776
f 5239/5511/5239 5240/5512/5240 5238/5510/5238 5237/5509/5237
f 5233/5505/5233 5236/5508/5236 5238/5510/5238 5240/5512/5240
f 4778/5048/4778 4776/5046/4776 5238/5510/5238 5236/5508/5236
f 5223/5495/5223 5226/5498/5226 5241/5513/5241 5242/5514/5242
f 5221/5493/5221 5234/5506/5234 5241/5513/5241 5226/5498/5226
f 5233/5505/5233 5240/5512/5240 5241/5513/5241 5234/5506/5234
f 5239/5511/5239 5242/5514/5242 5241/5513/5241 5240/5512/5240
f 4596/4853/4596 5243/5515/5243 5244/5516/5244 4760/5030/4760
f 5245/5517/5245 5246/5518/5246 5244/5516/5244 5243/5515/5243
f 5247/5519/5247 5248/5520/5248 5244/5516/5244 5246/5518/5246
f 4762/5032/4762 4760/5030/4760 5244/5516/5244 5248/5520/5248
f 5249/5521/5249 5250/5522/5250 5251/5523/5251 5252/5524/5252
f 5253/5525/5253 5254/5526/5254 5251/5523/5251 5250/5522/5250
f 5247/5519/5247 5246/5518/5246 5251/5523/5251 5254/5526/5254
f 5245/5517/5245 5252/5524/5252 5251/5523/5251 5246/5518/5246
f 5223/5495/5223 5242/5514/5242 5255/5527/5255 5256/5528/5256
f 5239/5511/5239 5257/5529/5257 5255/5527/5255 5242/5514/5242
f 5247/5519/5247 5254/5526/5254 5255/5527/5255 5257/5529/5257
f 5253/5525/5253 5256/5528/5256 5255/5527/5255 5254/5526/5254
f 4766/5036/4766 4769/5039/4769 5258/5530/5258 5237/5509/5237
f 4762/5032/4762 5248/5520/5248 5258/5530/5258 4769/5039/4769
f 5247/5519/5247 5257/5529/5257 5258/5530/5258 5248/5520/5248
f 5239/5511/5239 5237/5509/5237 5258/5530/5258 5257/5529/5257
f 5249/5521/5249 5259/5531/5259 5260/5532/5260 5250/5522/5250
f 5261/5533/5261 5262/5534/5262 5260/5532/5260 5259/5531/5259
f 5263/5535/5263 5264/5536/5264 5260/5532/5260 5262/5534/5262
f 5253/5525/5253 5250/5522/5250 5260/5532/5260 5264/5536/5264
f 4282/4539/4282 4511/4768/4511 5265/5537/5265 5266/5538/5266
f 4506/4763/4506 5267/5539/5267 5265/5537/5265 4511/4768/4511
f 5263/5535/5263 5262/5534/5262 5265/5537/5265 5267/5539/5267
f 5261/5533/5261 5266/5538/5266 5265/5537/5265 5262/5534/5262
f 4493/4750/4493 5230/5502/5230 5268/5540/5268 4504/4761/4504
f 5227/5499/5227 5269/5541/5269 5268/5540/5268 5230/5502/5230
f 5263/5535/5263 5267/5539/5267 5268/5540/5268 5269/5541/5269
f 4506/4763/4506 4504/4761/4504 5268/5540/5268 5267/5539/5267
f 5223/5495/5223 5256/5528/5256 5270/5542/5270 5224/5496/5224
f 5253/5525/5253 5264/5536/5264 5270/5542/5270 5256/5528/5256
f 5263/5535/5263 5269/5541/5269 5270/5542/5270 5264/5536/5264
f 5227/5499/5227 5224/5496/5224 5270/5542/5270 5269/5541/5269
f 4313/5543/4313 4816/5544/4816 5271/5545/5271 4314/5546/4314
f 4810/5547/4810 5272/5548/5272 5271/5545/5271 4816/5544/4816
f 5273/5549/5273 5274/5550/5274 5271/5545/5271 5272/5548/5272
f 4317/5551/4317 4314/5546/4314 5271/5545/5271 5274/5550/5274
f 4794/5552/4794 5275/5553/5275 5276/5554/5276 4808/5555/4808
f 5277/5556/5277 5278/5557/5278 5276/5554/5276 5275/5553/5275
f 5273/5549/5273 5272/5548/5272 5276/5554/5276 5278/5557/5278
f 4810/5547/4810 4808/5555/4808 5276/5554/5276 5272/5548/5272
f 5279/5558/5279 5280/5559/5280 5281/5560/5281 5282/5561/5282
f 5283/5562/5283 5284/5563/5284 5281/5560/5281 5280/5559/5280
f 5273/5549/5273 5278/5557/5278 5281/5560/5281 5284/5563/5284
f 5277/5556/5277 5282/5561/5282 5281/5560/5281 5278/5557/5278
f 4319/5564/4319 4322/5565/4322 5285/5566/5285 5286/5567/5286
f 4317/5551/4317 5274/5550/5274 5285/5566/5285 4322/5565/4322
f 5273/5549/5273 5284/5563/5284 5285/5566/5285 5274/5550/5274
f 5283/5562/5283 5286/5567/5286 5285/5566/5285 5284/5563/5284
f 4794/5064/4794 4797/5067/4797 5287/5568/5287 5275/5569/5275
f 4790/5060/4790 5288/5570/5288 5287/5568/5287 4797/5067/4797
f 5289/5571/5289 5290/5572/5290 5287/5568/5287 5288/5570/5288
f 5277/5573/5277 5275/5569/5275 5287/5568/5287 5290/5572/5290
f 1972/2072/1972 2523/2640/2523 5291/5574/5291 4788/5058/4788
f 2518/2634/2518 5292/5575/5292 5291/5574/5291 2523/2640/2523
f 5289/5571/5289 5288/5570/5288 5291/5574/5291 5292/5575/5292
f 4790/5060/4790 4788/5058/4788 5291/5574/5291 5288/5570/5288
f 2506/2630/2506 5293/5576/5293 5294/5577/5294 2516/2631/2516
f 5295/5578/5295 5296/5579/5296 5294/5577/5294 5293/5576/5293
f 5289/5571/5289 5292/5575/5292 5294/5577/5294 5296/5579/5296
f 2518/2634/2518 2516/2631/2516 5294/5577/5294 5292/5575/5292
f 5279/5580/5279 5282/5581/5282 5297/5582/5297 5298/5583/5298
f 5277/5573/5277 5290/5572/5290 5297/5582/5297 5282/5581/5282
f 5289/5571/5289 5296/5579/5296 5297/5582/5297 5290/5572/5290
f 5295/5578/5295 5298/5583/5298 5297/5582/5297 5296/5579/5296
f 2233/2334/2233 5041/5312/5041 5299/5584/5299 2500/2614/2500
f 5045/5316/5045 5300/5585/5300 5299/5584/5299 5041/5312/5041
f 5301/5586/5301 5302/5587/5302 5299/5584/5299 5300/5585/5300
f 2502/2616/2502 2500/2614/2500 5299/5584/5299 5302/5587/5302
f 5056/5327/5056 5303/5588/5303 5304/5589/5304 5057/5328/5057
f 5305/5590/5305 5306/5591/5306 5304/5589/5304 5303/5588/5303
f 5301/5586/5301 5300/5585/5300 5304/5589/5304 5306/5591/5306
f 5045/5316/5045 5057/5328/5057 5304/5589/5304 5300/5585/5300
f 5279/5558/5279 5298/5592/5298 5307/5593/5307 5308/5594/5308
f 5295/5595/5295 5309/5596/5309 5307/5593/5307 5298/5592/5298
f 5301/5586/5301 5306/5591/5306 5307/5593/5307 5309/5596/5309
f 5305/5590/5305 5308/5594/5308 5307/5593/5307 5306/5591/5306
f 2506/2620/2506 2509/2623/2509 5310/5597/5310 5293/5598/5293
f 2502/2616/2502 5302/5587/5302 5310/5597/5310 2509/2623/2509
f 5301/5586/5301 5309/5596/5309 5310/5597/5310 5302/5587/5302
f 5295/5595/5295 5293/5598/5293 5310/5597/5310 5309/5596/5309
f 5056/5327/5056 5100/5372/5100 5311/5599/5311 5303/5588/5303
f 5097/5369/5097 5312/5600/5312 5311/5599/5311 5100/5372/5100
f 5313/5601/5313 5314/5602/5314 5311/5599/5311 5312/5600/5312
f 5305/5590/5305 5303/5588/5303 5311/5599/5311 5314/5602/5314
f 4327/5365/4327 4330/5603/4330 5315/5604/5315 5094/5366/5094
f 4335/5605/4335 5316/5606/5316 5315/5604/5315 4330/5603/4330
f 5313/5601/5313 5312/5600/5312 5315/5604/5315 5316/5606/5316
f 5097/5369/5097 5094/5366/5094 5315/5604/5315 5312/5600/5312
f 4319/5564/4319 5286/5567/5286 5317/5607/5317 4345/5608/4345
f 5283/5562/5283 5318/5609/5318 5317/5607/5317 5286/5567/5286
f 5313/5601/5313 5316/5606/5316 5317/5607/5317 5318/5609/5318
f 4335/5605/4335 4345/5608/4345 5317/5607/5317 5316/5606/5316
f 5279/5558/5279 5308/5594/5308 5319/5610/5319 5280/5559/5280
f 5305/5590/5305 5314/5602/5314 5319/5610/5319 5308/5594/5308
f 5313/5601/5313 5318/5609/5318 5319/5610/5319 5314/5602/5314
f 5283/5562/5283 5280/5559/5280 5319/5610/5319 5318/5609/5318
f 4408/5611/4408 5320/5612/5320 5321/5613/5321 4409/5614/4409
f 5322/5615/5322 5323/5616/5323 5321/5613/5321 5320/5612/5320
f 5324/5617/5324 5325/5618/5325 5321/5613/5321 5323/5616/5323
f 4412/5619/4412 4409/5614/4409 5321/5613/5321 5325/5618/5325
f 5326/5620/5326 5327/5621/5327 5328/5622/5328 5329/5623/5329
f 5330/5624/5330 5331/5625/5331 5328/5622/5328 5327/5621/5327
f 5324/5617/5324 5323/5616/5323 5328/5622/5328 5331/5625/5331
f 5322/5615/5322 5329/5623/5329 5328/5622/5328 5323/5616/5323
f 5332/5626/5332 5333/5627/5333 5334/5628/5334 5335/5629/5335
f 5336/5630/5336 5337/5631/5337 5334/5628/5334 5333/5627/5333
f 5324/5617/5324 5331/5625/5331 5334/5628/5334 5337/5631/5337
f 5330/5624/5330 5335/5629/5335 5334/5628/5334 5331/5625/5331
f 4417/5632/4417 4420/5633/4420 5338/5634/5338 5339/5635/5339
f 4412/5619/4412 5325/5618/5325 5338/5634/5338 4420/5633/4420
f 5324/5617/5324 5337/5631/5337 5338/5634/5338 5325/5618/5325
f 5336/5630/5336 5339/5635/5339 5338/5634/5338 5337/5631/5337
f 5326/5620/5326 5340/5636/5340 5341/5637/5341 5327/5621/5327
f 5342/5638/5342 5343/5639/5343 5341/5637/5341 5340/5636/5340
f 5344/5640/5344 5345/5641/5345 5341/5637/5341 5343/5639/5343
f 5330/5624/5330 5327/5621/5327 5341/5637/5341 5345/5641/5345
f 2590/2728/2590 2593/2731/2593 5346/5642/5346 5347/5643/5347
f 2586/2723/2586 5348/5644/5348 5346/5642/5346 2593/2731/2593
f 5344/5640/5344 5343/5639/5343 5346/5642/5346 5348/5644/5348
f 5342/5638/5342 5347/5643/5347 5346/5642/5346 5343/5639/5343
f 2573/2719/2573 5349/5645/5349 5350/5646/5350 2584/2720/2584
f 5351/5647/5351 5352/5648/5352 5350/5646/5350 5349/5645/5349
f 5344/5640/5344 5348/5644/5348 5350/5646/5350 5352/5648/5352
f 2586/2723/2586 2584/2720/2584 5350/5646/5350 5348/5644/5348
f 5332/5626/5332 5335/5629/5335 5353/5649/5353 5354/5650/5354
f 5330/5624/5330 5345/5641/5345 5353/5649/5353 5335/5629/5335
f 5344/5640/5344 5352/5648/5352 5353/5649/5353 5345/5641/5345
f 5351/5647/5351 5354/5650/5354 5353/5649/5353 5352/5648/5352
f 2564/2699/2564 5355/5651/5355 5356/5652/5356 2565/2700/2565
f 5357/5653/5357 5358/5654/5358 5356/5652/5356 5355/5651/5355
f 5359/5655/5359 5360/5656/5360 5356/5652/5356 5358/5654/5358
f 2568/2703/2568 2565/2700/2565 5356/5652/5356 5360/5656/5360
f 5361/5657/5361 5362/5658/5362 5363/5659/5363 5364/5660/5364
f 5365/5661/5365 5366/5662/5366 5363/5659/5363 5362/5658/5362
f 5359/5655/5359 5358/5654/5358 5363/5659/5363 5366/5662/5366
f 5357/5653/5357 5364/5660/5364 5363/5659/5363 5358/5654/5358
f 5332/5663/5332 5354/5664/5354 5367/5665/5367 5368/5666/5368
f 5351/5667/5351 5369/5668/5369 5367/5665/5367 5354/5664/5354
f 5359/5655/5359 5366/5662/5366 5367/5665/5367 5369/5668/5369
f 5365/5661/5365 5368/5666/5368 5367/5665/5367 5366/5662/5366
f 2573/2708/2573 2576/2711/2576 5370/5669/5370 5349/5670/5349
f 2568/2703/2568 5360/5656/5360 5370/5669/5370 2576/2711/2576
f 5359/5655/5359 5369/5668/5369 5370/5669/5370 5360/5656/5360
f 5351/5667/5351 5349/5670/5349 5370/5669/5370 5369/5668/5369
f 5361/5657/5361 5371/5671/5371 5372/5672/5372 5362/5658/5362
f 5373/5673/5373 5374/5674/5374 5372/5672/5372 5371/5671/5371
f 5375/5675/5375 5376/5676/5376 5372/5672/5372 5374/5674/5374
f 5365/5661/5365 5362/5658/5362 5372/5672/5372 5376/5676/5376
f 4434/4893/4434 4437/5677/4437 5377/5678/5377 5378/5679/5378
f 4430/5680/4430 5379/5681/5379 5377/5678/5377 4437/5677/4437
f 5375/5675/5375 5374/5674/5374 5377/5678/5377 5379/5681/5379
f 5373/5673/5373 5378/5679/5378 5377/5678/5377 5374/5674/5374
f 4417/5682/4417 5339/5683/5339 5380/5684/5380 4428/5685/4428
f 5336/5686/5336 5381/5687/5381 5380/5684/5380 5339/5683/5339
f 5375/5675/5375 5379/5681/5379 5380/5684/5380 5381/5687/5381
f 4430/5680/4430 4428/5685/4428 5380/5684/5380 5379/5681/5379
f 5332/5663/5332 5368/5666/5368 5382/5688/5382 5333/5689/5333
f 5365/5661/5365 5376/5676/5376 5382/5688/5382 5368/5666/5368
f 5375/5675/5375 5381/5687/5381 5382/5688/5382 5376/5676/5376
f 5336/5686/5336 5333/5689/5333 5382/5688/5382 5381/5687/5381
f 4434/4893/4434 5378/5679/5378 5383/5690/5383 4636/4894/4636
f 5373/5673/5373 5384/5691/5384 5383/5690/5383 5378/5679/5378
f 5385/5692/5385 5386/5693/5386 5383/5690/5383 5384/5691/5384
f 4638/4897/4638 4636/4894/4636 5383/5690/5383 5386/5693/5386
f 5361/5657/5361 5387/5694/5387 5388/5695/5388 5371/5671/5371
f 5389/5696/5389 5390/5697/5390 5388/5695/5388 5387/5694/5387
f 5385/5692/5385 5384/5691/5384 5388/5695/5388 5390/5697/5390
f 5373/5673/5373 5371/5671/5371 5388/5695/5388 5384/5691/5384
f 5391/5698/5391 5392/5699/5392 5393/5700/5393 5394/5701/5394
f 5395/5702/5395 5396/5703/5396 5393/5700/5393 5392/5699/5392
f 5385/5692/5385 5390/5697/5390 5393/5700/5393 5396/5703/5396
f 5389/5696/5389 5394/5701/5394 5393/5700/5393 5390/5697/5390
f 4642/4902/4642 4645/4905/4645 5397/5704/5397 5398/5705/5398
f 4638/4897/4638 5386/5693/5386 5397/5704/5397 4645/4905/4645
f 5385/5692/5385 5396/5703/5396 5397/5704/5397 5386/5693/5386
f 5395/5702/5395 5398/5705/5398 5397/5704/5397 5396/5703/5396
f 5361/5657/5361 5364/5660/5364 5399/5706/5399 5387/5694/5387
f 5357/5653/5357 5400/5707/5400 5399/5706/5399 5364/5660/5364
f 5401/5708/5401 5402/5709/5402 5399/5706/5399 5400/5707/5400
f 5389/5696/5389 5387/5694/5387 5399/5706/5399 5402/5709/5402
f 2564/2699/2564 2651/2790/2651 5403/5710/5403 5355/5651/5355
f 2646/2785/2646 5404/5711/5404 5403/5710/5403 2651/2790/2651
f 5401/5708/5401 5400/5707/5400 5403/5710/5403 5404/5711/5404
f 5357/5653/5357 5355/5651/5355 5403/5710/5403 5400/5707/5400
f 2634/2773/2634 5405/5712/5405 5406/5713/5406 2644/2783/2644
f 5407/5714/5407 5408/5715/5408 5406/5713/5406 5405/5712/5405
f 5401/5708/5401 5404/5711/5404 5406/5713/5406 5408/5715/5408
f 2646/2785/2646 2644/2783/2644 5406/5713/5406 5404/5711/5404
f 5391/5698/5391 5394/5701/5394 5409/5716/5409 5410/5717/5410
f 5389/5696/5389 5402/5709/5402 5409/5716/5409 5394/5701/5394
f 5401/5708/5401 5408/5715/5408 5409/5716/5409 5402/5709/5402
f 5407/5714/5407 5410/5717/5410 5409/5716/5409 5408/5715/5408
f 2003/2103/2003 4853/5124/4853 5411/5718/5411 2628/2767/2628
f 4848/5119/4848 5412/5719/5412 5411/5718/5411 4853/5124/4853
f 5413/5720/5413 5414/5721/5414 5411/5718/5411 5412/5719/5412
f 2630/2769/2630 2628/2767/2628 5411/5718/5411 5414/5721/5414
f 4835/5106/4835 5415/5722/5415 5416/5723/5416 4846/5117/4846
f 5417/5724/5417 5418/5725/5418 5416/5723/5416 5415/5722/5415
f 5413/5720/5413 5412/5719/5412 5416/5723/5416 5418/5725/5418
f 4848/5119/4848 4846/5117/4846 5416/5723/5416 5412/5719/5412
f 5391/5698/5391 5410/5717/5410 5419/5726/5419 5420/5727/5420
f 5407/5714/5407 5421/5728/5421 5419/5726/5419 5410/5717/5410
f 5413/5720/5413 5418/5725/5418 5419/5726/5419 5421/5728/5421
f 5417/5724/5417 5420/5727/5420 5419/5726/5419 5418/5725/5418
f 2634/2773/2634 2637/2776/2637 5422/5729/5422 5405/5712/5405
f 2630/2769/2630 5414/5721/5414 5422/5729/5422 2637/2776/2637
f 5413/5720/5413 5421/5728/5421 5422/5729/5422 5414/5721/5414
f 5407/5714/5407 5405/5712/5405 5422/5729/5422 5421/5728/5421
f 4835/5106/4835 4838/5109/4838 5423/5730/5423 5415/5722/5415
f 4830/5101/4830 5424/5731/5424 5423/5730/5423 4838/5109/4838
f 5425/5732/5425 5426/5733/5426 5423/5730/5423 5424/5731/5424
f 5417/5724/5417 5415/5722/5415 5423/5730/5423 5426/5733/5426
f 4658/4924/4658 4661/4927/4661 5427/5734/5427 4827/5098/4827
f 4654/4920/4654 5428/5735/5428 5427/5734/5427 4661/4927/4661
f 5425/5732/5425 5424/5731/5424 5427/5734/5427 5428/5735/5428
f 4830/5101/4830 4827/5098/4827 5427/5734/5427 5424/5731/5424
f 4642/4902/4642 5398/5705/5398 5429/5736/5429 4652/4918/4652
f 5395/5702/5395 5430/5737/5430 5429/5736/5429 5398/5705/5398
f 5425/5732/5425 5428/5735/5428 5429/5736/5429 5430/5737/5430
f 4654/4920/4654 4652/4918/4652 5429/5736/5429 5428/5735/5428
f 5391/5698/5391 5420/5727/5420 5431/5738/5431 5392/5699/5392
f 5417/5724/5417 5426/5733/5426 5431/5738/5431 5420/5727/5420
f 5425/5732/5425 5430/5737/5430 5431/5738/5431 5426/5733/5426
f 5395/5702/5395 5392/5699/5392 5431/5738/5431 5430/5737/5430
f 4700/5739/4700 5432/5740/5432 5433/5741/5433 4701/5742/4701
f 5434/5743/5434 5435/5744/5435 5433/5741/5433 5432/5740/5432
f 5436/5745/5436 5437/5746/5437 5433/5741/5433 5435/5744/5435
f 4704/5747/4704 4701/5742/4701 5433/5741/5433 5437/5746/5437
f 5438/5748/5438 5439/5749/5439 5440/5750/5440 5441/5751/5441
f 5442/5752/5442 5443/5753/5443 5440/5750/5440 5439/5749/5439
f 5436/5745/5436 5435/5744/5435 5440/5750/5440 5443/5753/5443
f 5434/5743/5434 5441/5751/5441 5440/5750/5440 5435/5744/5435
f 5444/5754/5444 5445/5755/5445 5446/5756/5446 5447/5757/5447
f 5448/5758/5448 5449/5759/5449 5446/5756/5446 5445/5755/5445
f 5436/5745/5436 5443/5753/5443 5446/5756/5446 5449/5759/5449
f 5442/5752/5442 5447/5757/5447 5446/5756/5446 5443/5753/5443
f 4709/5760/4709 4712/5761/4712 5450/5762/5450 5451/5763/5451
f 4704/5747/4704 5437/5746/5437 5450/5762/5450 4712/5761/4712
f 5436/5745/5436 5449/5759/5449 5450/5762/5450 5437/5746/5437
f 5448/5758/5448 5451/5763/5451 5450/5762/5450 5449/5759/5449
f 5438/5748/5438 5452/5764/5452 5453/5765/5453 5439/5749/5439
f 5454/5766/5454 5455/5767/5455 5453/5765/5453 5452/5764/5452
f 5456/5768/5456 5457/5769/5457 5453/5765/5453 5455/5767/5455
f 5442/5752/5442 5439/5749/5439 5453/5765/5453 5457/5769/5457
f 2710/2857/2710 2713/2860/2713 5458/5770/5458 5459/5771/5459
f 2706/2853/2706 5460/5772/5460 5458/5770/5458 2713/2860/2713
f 5456/5768/5456 5455/5767/5455 5458/5770/5458 5460/5772/5460
f 5454/5766/5454 5459/5771/5459 5458/5770/5458 5455/5767/5455
f 2694/2841/2694 5461/5773/5461 5462/5774/5462 2704/2851/2704
f 5463/5775/5463 5464/5776/5464 5462/5774/5462 5461/5773/5461
f 5456/5768/5456 5460/5772/5460 5462/5774/5462 5464/5776/5464
f 2706/2853/2706 2704/2851/2704 5462/5774/5462 5460/5772/5460
f 5444/5754/5444 5447/5757/5447 5465/5777/5465 5466/5778/5466
f 5442/5752/5442 5457/5769/5457 5465/5777/5465 5447/5757/5447
f 5456/5768/5456 5464/5776/5464 5465/5777/5465 5457/5769/5457
f 5463/5775/5463 5466/5778/5466 5465/5777/5465 5464/5776/5464
f 2590/2728/2590 5347/5643/5347 5467/5779/5467 2688/2835/2688
f 5342/5638/5342 5468/5780/5468 5467/5779/5467 5347/5643/5347
f 5469/5781/5469 5470/5782/5470 5467/5779/5467 5468/5780/5468
f 2690/2837/2690 2688/2835/2688 5467/5779/5467 5470/5782/5470
f 5326/5620/5326 5471/5783/5471 5472/5784/5472 5340/5636/5340
f 5473/5785/5473 5474/5786/5474 5472/5784/5472 5471/5783/5471
f 5469/5781/5469 5468/5780/5468 5472/5784/5472 5474/5786/5474
f 5342/5638/5342 5340/5636/5340 5472/5784/5472 5468/5780/5468
f 5444/5754/5444 5466/5778/5466 5475/5787/5475 5476/5788/5476
f 5463/5775/5463 5477/5789/5477 5475/5787/5475 5466/5778/5466
f 5469/5781/5469 5474/5786/5474 5475/5787/5475 5477/5789/5477
f 5473/5785/5473 5476/5788/5476 5475/5787/5475 5474/5786/5474
f 2694/2841/2694 2697/2844/2697 5478/5790/5478 5461/5773/5461
f 2690/2837/2690 5470/5782/5470 5478/5790/5478 2697/2844/2697
f 5469/5781/5469 5477/5789/5477 5478/5790/5478 5470/5782/5470
f 5463/5775/5463 5461/5773/5461 5478/5790/5478 5477/5789/5477
f 5326/5620/5326 5329/5623/5329 5479/5791/5479 5471/5783/5471
f 5322/5615/5322 5480/5792/5480 5479/5791/5479 5329/5623/5329
f 5481/5793/5481 5482/5794/5482 5479/5791/5479 5480/5792/5480
f 5473/5785/5473 5471/5783/5471 5479/5791/5479 5482/5794/5482
f 4408/5611/4408 4727/5795/4727 5483/5796/5483 5320/5612/5320
f 4722/5797/4722 5484/5798/5484 5483/5796/5483 4727/5795/4727
f 5481/5793/5481 5480/5792/5480 5483/5796/5483 5484/5798/5484
f 5322/5615/5322 5320/5612/5320 5483/5796/5483 5480/5792/5480
f 4709/5760/4709 5451/5763/5451 5485/5799/5485 4720/5800/4720
f 5448/5758/5448 5486/5801/5486 5485/5799/5485 5451/5763/5451
f 5481/5793/5481 5484/5798/5484 5485/5799/5485 5486/5801/5486
f 4722/5797/4722 4720/5800/4720 5485/5799/5485 5484/5798/5484
f 5444/5754/5444 5476/5788/5476 5487/5802/5487 5445/5755/5445
f 5473/5785/5473 5482/5794/5482 5487/5802/5487 5476/5788/5476
f 5481/5793/5481 5486/5801/5486 5487/5802/5487 5482/5794/5482
f 5448/5758/5448 5445/5755/5445 5487/5802/5487 5486/5801/5486
f 4313/4570/4313 4316/4573/4316 5488/5803/5488 4814/5804/4814
f 4309/4566/4309 5489/5805/5489 5488/5803/5488 4316/4573/4316
f 5490/5806/5490 5491/5807/5491 5488/5803/5488 5489/5805/5489
f 4817/5808/4817 4814/5804/4814 5488/5803/5488 5491/5807/5491
f 4291/4548/4291 5492/5809/5492 5493/5810/5493 4307/4564/4307
f 5494/5811/5494 5495/5812/5495 5493/5810/5493 5492/5809/5492
f 5490/5806/5490 5489/5805/5489 5493/5810/5493 5495/5812/5495
f 4309/4566/4309 4307/4564/4307 5493/5810/5493 5489/5805/5489
f 5496/5813/5496 5497/5814/5497 5498/5815/5498 5499/5816/5499
f 5500/5817/5500 5501/5818/5501 5498/5815/5498 5497/5814/5497
f 5490/5806/5490 5495/5812/5495 5498/5815/5498 5501/5818/5501
f 5494/5811/5494 5499/5816/5499 5498/5815/5498 5495/5812/5495
f 4819/5819/4819 4822/5820/4822 5502/5821/5502 5503/5822/5503
f 4817/5808/4817 5491/5807/5491 5502/5821/5502 4822/5820/4822
f 5490/5806/5490 5501/5818/5501 5502/5821/5502 5491/5807/5491
f 5500/5817/5500 5503/5822/5503 5502/5821/5502 5501/5818/5501
f 4291/4548/4291 4294/4551/4294 5504/5823/5504 5492/5809/5492
f 4286/4543/4286 5505/5824/5505 5504/5823/5504 4294/4551/4294
f 5506/5825/5506 5507/5826/5507 5504/5823/5504 5505/5824/5505
f 5494/5811/5494 5492/5809/5492 5504/5823/5504 5507/5826/5507
f 4282/4539/4282 5266/5538/5266 5508/5827/5508 4283/4540/4283
f 5261/5533/5261 5509/5828/5509 5508/5827/5508 5266/5538/5266
f 5506/5825/5506 5505/5824/5505 5508/5827/5508 5509/5828/5509
f 4286/4543/4286 4283/4540/4283 5508/5827/5508 5505/5824/5505
f 5249/5521/5249 5510/5829/5510 5511/5830/5511 5259/5531/5259
f 5512/5831/5512 5513/5832/5513 5511/5830/5511 5510/5829/5510
f 5506/5825/5506 5509/5828/5509 5511/5830/5511 5513/5832/5513
f 5261/5533/5261 5259/5531/5259 5511/5830/5511 5509/5828/5509
f 5496/5813/5496 5499/5816/5499 5514/5833/5514 5515/5834/5515
f 5494/5811/5494 5507/5826/5507 5514/5833/5514 5499/5816/5499
f 5506/5825/5506 5513/5832/5513 5514/5833/5514 5507/5826/5507
f 5512/5831/5512 5515/5834/5515 5514/5833/5514 5513/5832/5513
f 4596/4853/4596 4599/4856/4599 5516/5835/5516 5243/5515/5243
f 4604/4861/4604 5517/5836/5517 5516/5835/5516 4599/4856/4599
f 5518/5837/5518 5519/5838/5519 5516/5835/5516 5517/5836/5517
f 5245/5517/5245 5243/5515/5243 5516/5835/5516 5519/5838/5519
f 4617/4874/4617 5520/5839/5520 5521/5840/5521 4618/4875/4618
f 5522/5841/5522 5523/5842/5523 5521/5840/5521 5520/5839/5520
f 5518/5837/5518 5517/5836/5517 5521/5840/5521 5523/5842/5523
f 4604/4861/4604 4618/4875/4618 5521/5840/5521 5517/5836/5517
f 5496/5813/5496 5515/5834/5515 5524/5843/5524 5525/5844/5525
f 5512/5831/5512 5526/5845/5526 5524/5843/5524 5515/5834/5515
f 5518/5837/5518 5523/5842/5523 5524/5843/5524 5526/5845/5526
f 5522/5841/5522 5525/5844/5525 5524/5843/5524 5523/5842/5523
f 5249/5521/5249 5252/5524/5252 5527/5846/5527 5510/5829/5510
f 5245/5517/5245 5519/5838/5519 5527/5846/5527 5252/5524/5252
f 5518/5837/5518 5526/5845/5526 5527/5846/5527 5519/5838/5519
f 5512/5831/5512 5510/5829/5510 5527/5846/5527 5526/5845/5526
f 4617/4930/4617 4665/4933/4665 5528/5847/5528 5520/5848/5520
f 4662/4928/4662 5529/5849/5529 5528/5847/5528 4665/4933/4665
f 5530/5850/5530 5531/5851/5531 5528/5847/5528 5529/5849/5529
f 5522/5852/5522 5520/5848/5520 5528/5847/5528 5531/5851/5531
f 4658/4924/4658 4829/5100/4829 5532/5853/5532 4659/4925/4659
f 4834/5105/4834 5533/5854/5533 5532/5853/5532 4829/5100/4829
f 5530/5850/5530 5529/5849/5529 5532/5853/5532 5533/5854/5533
f 4662/4928/4662 4659/4925/4659 5532/5853/5532 5529/5849/5529
f 4819/5090/4819 5503/5855/5503 5534/5856/5534 4844/5115/4844
f 5500/5857/5500 5535/5858/5535 5534/5856/5534 5503/5855/5503
f 5530/5850/5530 5533/5854/5533 5534/5856/5534 5535/5858/5535
f 4834/5105/4834 4844/5115/4844 5534/5856/5534 5533/5854/5533
f 5496/5859/5496 5525/5860/5525 5536/5861/5536 5497/5862/5497
f 5522/5852/5522 5531/5851/5531 5536/5861/5536 5525/5860/5525
f 5530/5850/5530 5535/5858/5535 5536/5861/5536 5531/5851/5531
f 5500/5857/5500 5497/5862/5497 5536/5861/5536 5535/5858/5535
f 3486/4411/3486 4171/4414/4171 5537/5863/5537 4893/5864/4893
f 4175/4419/4175 5538/5865/5538 5537/5863/5537 4171/4414/4171
f 5539/5866/5539 5540/5867/5540 5537/5863/5537 5538/5865/5538
f 4895/5868/4895 4893/5864/4893 5537/5863/5537 5540/5867/5540
f 4186/4432/4186 5541/5869/5541 5542/5870/5542 4187/4433/4187
f 5543/5871/5543 5544/5872/5544 5542/5870/5542 5541/5869/5541
f 5539/5866/5539 5538/5865/5538 5542/5870/5542 5544/5872/5544
f 4175/4419/4175 4187/4433/4187 5542/5870/5542 5538/5865/5538
f 5545/5873/5545 5546/5874/5546 5547/5875/5547 5548/5876/5548
f 5549/5877/5549 5550/5878/5550 5547/5875/5547 5546/5874/5546
f 5539/5866/5539 5544/5872/5544 5547/5875/5547 5550/5878/5550
f 5543/5871/5543 5548/5876/5548 5547/5875/5547 5544/5872/5544
f 4899/5879/4899 4902/5880/4902 5551/5881/5551 5552/5882/5552
f 4895/5868/4895 5540/5867/5540 5551/5881/5551 4902/5880/4902
f 5539/5866/5539 5550/5878/5550 5551/5881/5551 5540/5867/5540
f 5549/5877/5549 5552/5882/5552 5551/5881/5551 5550/5878/5550
f 4186/4432/4186 4223/4472/4223 5553/5883/5553 5541/5869/5541
f 4220/4469/4220 5554/5884/5554 5553/5883/5553 4223/4472/4223
f 5555/5885/5555 5556/5886/5556 5553/5883/5553 5554/5884/5554
f 5543/5871/5543 5541/5869/5541 5553/5883/5553 5556/5886/5556
f 1372/1448/1372 2820/2985/2820 5557/5887/5557 4218/4467/4218
f 2815/2980/2815 5558/5888/5558 5557/5887/5557 2820/2985/2820
f 5555/5885/5555 5554/5884/5554 5557/5887/5557 5558/5888/5558
f 4220/4469/4220 4218/4467/4218 5557/5887/5557 5554/5884/5554
f 2803/2968/2803 5559/5889/5559 5560/5890/5560 2813/2978/2813
f 5561/5891/5561 5562/5892/5562 5560/5890/5560 5559/5889/5559
f 5555/5885/5555 5558/5888/5558 5560/5890/5560 5562/5892/5562
f 2815/2980/2815 2813/2978/2813 5560/5890/5560 5558/5888/5558
f 5545/5873/5545 5548/5876/5548 5563/5893/5563 5564/5894/5564
f 5543/5871/5543 5556/5886/5556 5563/5893/5563 5548/5876/5548
f 5555/5885/5555 5562/5892/5562 5563/5893/5563 5556/5886/5556
f 5561/5891/5561 5564/5894/5564 5563/5893/5563 5562/5892/5562
f 2710/2857/2710 5459/5771/5459 5565/5895/5565 2797/2962/2797
f 5454/5766/5454 5566/5896/5566 5565/5895/5565 5459/5771/5459
f 5567/5897/5567 5568/5898/5568 5565/5895/5565 5566/5896/5566
f 2799/2964/2799 2797/2962/2797 5565/5895/5565 5568/5898/5568
f 5438/5748/5438 5569/5899/5569 5570/5900/5570 5452/5764/5452
f 5571/5901/5571 5572/5902/5572 5570/5900/5570 5569/5899/5569
f 5567/5897/5567 5566/5896/5566 5570/5900/5570 5572/5902/5572
f 5454/5766/5454 5452/5764/5452 5570/5900/5570 5566/5896/5566
f 5545/5873/5545 5564/5894/5564 5573/5903/5573 5574/5904/5574
f 5561/5891/5561 5575/5905/5575 5573/5903/5573 5564/5894/5564
f 5567/5897/5567 5572/5902/5572 5573/5903/5573 5575/5905/5575
f 5571/5901/5571 5574/5904/5574 5573/5903/5573 5572/5902/5572
f 2803/2968/2803 2806/2971/2806 5576/5906/5576 5559/5889/5559
f 2799/2964/2799 5568/5898/5568 5576/5906/5576 2806/2971/2806
f 5567/5897/5567 5575/5905/5575 5576/5906/5576 5568/5898/5568
f 5561/5891/5561 5559/5889/5559 5576/5906/5576 5575/5905/5575
f 5438/5748/5438 5441/5751/5441 5577/5907/5577 5569/5899/5569
f 5434/5743/5434 5578/5908/5578 5577/5907/5577 5441/5751/5441
f 5579/5909/5579 5580/5910/5580 5577/5907/5577 5578/5908/5578
f 5571/5901/5571 5569/5899/5569 5577/5907/5577 5580/5910/5580
f 4700/5739/4700 4916/5911/4916 5581/5912/5581 5432/5740/5432
f 4911/5913/4911 5582/5914/5582 5581/5912/5581 4916/5911/4916
f 5579/5909/5579 5578/5908/5578 5581/5912/5581 5582/5914/5582
f 5434/5743/5434 5432/5740/5432 5581/5912/5581 5578/5908/5578
f 4899/5879/4899 5552/5882/5552 5583/5915/5583 4909/5916/4909
f 5549/5877/5549 5584/5917/5584 5583/5915/5583 5552/5882/5552
f 5579/5909/5579 5582/5914/5582 5583/5915/5583 5584/5917/5584
f 4911/5913/4911 4909/5916/4909 5583/5915/5583 5582/5914/5582
f 5545/5873/5545 5574/5904/5574 5585/5918/5585 5546/5874/5546
f 5571/5901/5571 5580/5910/5580 5585/5918/5585 5574/5904/5574
f 5579/5909/5579 5584/5917/5584 5585/5918/5585 5580/5910/5580
f 5549/5877/5549 5546/5874/5546 5585/5918/5585 5584/5917/5584
f 3697/4475/3697 4227/4478/4227 5586/5919/5586 5072/5920/5072
f 4231/4483/4231 5587/5921/5587 5586/5919/5586 4227/4478/4227
f 5588/5922/5588 5589/5923/5589 5586/5919/5586 5587/5921/5587
f 5074/5924/5074 5072/5920/5072 5586/5919/5586 5589/5923/5589
f 4242/4496/4242 5590/5925/5590 5591/5926/5591 4243/4497/4243
f 5592/5927/5592 5593/5928/5593 5591/5926/5591 5590/5925/5590
f 5588/5922/5588 5587/5921/5587 5591/5926/5591 5593/5928/5593
f 4231/4483/4231 4243/4497/4243 5591/5926/5591 5587/5921/5587
f 5594/5929/5594 5595/5930/5595 5596/5931/5596 5597/5932/5597
f 5598/5933/5598 5599/5934/5599 5596/5931/5596 5595/5930/5595
f 5588/5922/5588 5593/5928/5593 5596/5931/5596 5599/5934/5599
f 5592/5927/5592 5597/5932/5597 5596/5931/5596 5593/5928/5593
f 5078/5935/5078 5081/5936/5081 5600/5937/5600 5601/5938/5601
f 5074/5924/5074 5589/5923/5589 5600/5937/5600 5081/5936/5081
f 5588/5922/5588 5599/5934/5599 5600/5937/5600 5589/5923/5589
f 5598/5933/5598 5601/5938/5601 5600/5937/5600 5599/5934/5599
f 4242/4496/4242 4279/4536/4279 5602/5939/5602 5590/5925/5590
f 4276/4533/4276 5603/5940/5603 5602/5939/5602 4279/4536/4279
f 5604/5941/5604 5605/5942/5605 5602/5939/5602 5603/5940/5603
f 5592/5927/5592 5590/5925/5590 5602/5939/5602 5605/5942/5605
f 3584/3770/3584 4948/5219/4948 5606/5943/5606 4274/4531/4274
f 4943/5214/4943 5607/5944/5607 5606/5943/5606 4948/5219/4948
f 5604/5941/5604 5603/5940/5603 5606/5943/5606 5607/5944/5607
f 4276/4533/4276 4274/4531/4274 5606/5943/5606 5603/5940/5603
f 4927/5198/4927 5608/5945/5608 5609/5946/5609 4941/5212/4941
f 5610/5947/5610 5611/5948/5611 5609/5946/5609 5608/5945/5608
f 5604/5941/5604 5607/5944/5607 5609/5946/5609 5611/5948/5611
f 4943/5214/4943 4941/5212/4941 5609/5946/5609 5607/5944/5607
f 5594/5929/5594 5597/5932/5597 5612/5949/5612 5613/5950/5613
f 5592/5927/5592 5605/5942/5605 5612/5949/5612 5597/5932/5597
f 5604/5941/5604 5611/5948/5611 5612/5949/5612 5605/5942/5605
f 5610/5947/5610 5613/5950/5613 5612/5949/5612 5611/5948/5611
f 4353/4610/4353 4356/4613/4356 5614/5951/5614 4921/5192/4921
f 4349/4606/4349 5615/5952/5615 5614/5951/5614 4356/4613/4356
f 5616/5953/5616 5617/5954/5617 5614/5951/5614 5615/5952/5615
f 4923/5194/4923 4921/5192/4921 5614/5951/5614 5617/5954/5617
f 4336/4593/4336 5618/5955/5618 5619/5956/5619 4347/4604/4347
f 5620/5957/5620 5621/5958/5621 5619/5956/5619 5618/5955/5618
f 5616/5953/5616 5615/5952/5615 5619/5956/5619 5621/5958/5621
f 4349/4606/4349 4347/4604/4347 5619/5956/5619 5615/5952/5615
f 5594/5929/5594 5613/5950/5613 5622/5959/5622 5623/5960/5623
f 5610/5947/5610 5624/5961/5624 5622/5959/5622 5613/5950/5613
f 5616/5953/5616 5621/5958/5621 5622/5959/5622 5624/5961/5624
f 5620/5957/5620 5623/5960/5623 5622/5959/5622 5621/5958/5621
f 4927/5198/4927 4930/5201/4930 5625/5962/5625 5608/5945/5608
f 4923/5194/4923 5617/5954/5617 5625/5962/5625 4930/5201/4930
f 5616/5953/5616 5624/5961/5624 5625/5962/5625 5617/5954/5617
f 5610/5947/5610 5608/5945/5608 5625/5962/5625 5624/5961/5624
f 4336/4593/4336 4339/4596/4339 5626/5963/5626 5618/5955/5618
f 4331/4588/4331 5627/5964/5627 5626/5963/5626 4339/4596/4339
f 5628/5965/5628 5629/5966/5629 5626/5963/5626 5627/5964/5627
f 5620/5957/5620 5618/5955/5618 5626/5963/5626 5629/5966/5629
f 4327/4584/4327 5096/5967/5096 5630/5968/5630 4328/4585/4328
f 5090/5969/5090 5631/5970/5631 5630/5968/5630 5096/5967/5096
f 5628/5965/5628 5627/5964/5627 5630/5968/5630 5631/5970/5631
f 4331/4588/4331 4328/4585/4328 5630/5968/5630 5627/5964/5627
f 5078/5935/5078 5601/5938/5601 5632/5971/5632 5088/5972/5088
f 5598/5933/5598 5633/5973/5633 5632/5971/5632 5601/5938/5601
f 5628/5965/5628 5631/5970/5631 5632/5971/5632 5633/5973/5633
f 5090/5969/5090 5088/5972/5088 5632/5971/5632 5631/5970/5631
f 5594/5929/5594 5623/5960/5623 5634/5974/5634 5595/5930/5595
f 5620/5957/5620 5629/5966/5629 5634/5974/5634 5623/5960/5623
f 5628/5965/5628 5633/5973/5633 5634/5974/5634 5629/5966/5629
f 5598/5933/5598 5595/5930/5595 5634/5974/5634 5633/5973/5633
