# Blender 5.1.1
# www.blender.org
mtllib Snowman.mtl
o Sphere
v 0.000000 1.441413 0.000000
v 0.000000 1.198491 -0.800806
v 0.000000 0.800806 -1.198491
v 0.000000 0.281206 -1.413716
v 0.000000 0.000000 -1.441413
v 0.000000 -0.281206 -1.413716
v 0.000000 -0.800806 -1.198491
v 0.000000 -1.441413 0.000000
v 0.054861 1.413716 -0.275802
v 0.107613 1.331692 -0.541006
v 0.156230 1.198491 -0.785419
v 0.198842 1.019233 -0.999648
v 0.233814 0.800806 -1.175462
v 0.259800 0.551605 -1.306103
v 0.275802 0.281206 -1.386552
v 0.281206 0.000000 -1.413716
v 0.275802 -0.281206 -1.386552
v 0.259800 -0.551605 -1.306103
v 0.233814 -0.800806 -1.175462
v 0.198842 -1.019233 -0.999648
v 0.156230 -1.198491 -0.785419
v 0.107613 -1.331692 -0.541006
v 0.054861 -1.413716 -0.275802
v 0.107613 1.413716 -0.259800
v 0.211090 1.331692 -0.509616
v 0.306455 1.198491 -0.739848
v 0.390043 1.019233 -0.941648
v 0.458643 0.800806 -1.107261
v 0.509616 0.551605 -1.230323
v 0.541006 0.281206 -1.306103
v 0.551605 0.000000 -1.331692
v 0.541006 -0.281206 -1.306103
v 0.509616 -0.551605 -1.230323
v 0.458643 -0.800806 -1.107261
v 0.390043 -1.019233 -0.941648
v 0.306455 -1.198491 -0.739848
v 0.211090 -1.331692 -0.509616
v 0.107613 -1.413716 -0.259800
v 0.156229 1.413716 -0.233814
v 0.306455 1.331692 -0.458643
v 0.444904 1.198491 -0.665846
v 0.566255 1.019233 -0.847461
v 0.665846 0.800806 -0.996509
v 0.739848 0.551605 -1.107261
v 0.785419 0.281206 -1.175462
v 0.800806 0.000000 -1.198491
v 0.785419 -0.281206 -1.175462
v 0.739848 -0.551605 -1.107261
v 0.665846 -0.800806 -0.996509
v 0.566255 -1.019233 -0.847461
v 0.444904 -1.198491 -0.665846
v 0.306455 -1.331692 -0.458643
v 0.156229 -1.413716 -0.233814
v 0.198842 1.413716 -0.198842
v 0.390043 1.331692 -0.390043
v 0.566255 1.198491 -0.566255
v 0.720706 1.019233 -0.720706
v 0.847461 0.800806 -0.847461
v 0.941648 0.551605 -0.941648
v 0.999648 0.281206 -0.999648
v 1.019233 0.000000 -1.019232
v 0.999648 -0.281206 -0.999648
v 0.941648 -0.551605 -0.941648
v 0.847461 -0.800806 -0.847461
v 0.720706 -1.019233 -0.720706
v 0.566255 -1.198491 -0.566255
v 0.390043 -1.331692 -0.390043
v 0.198842 -1.413716 -0.198842
v 0.233814 1.413716 -0.156229
v 0.458643 1.331692 -0.306455
v 0.665846 1.198491 -0.444904
v 0.847461 1.019233 -0.566255
v 0.996509 0.800806 -0.665846
v 1.107261 0.551605 -0.739848
v 1.175462 0.281206 -0.785419
v 1.198491 0.000000 -0.800806
v 1.175462 -0.281206 -0.785419
v 1.107261 -0.551605 -0.739848
v 0.996509 -0.800806 -0.665846
v 0.847461 -1.019233 -0.566255
v 0.665846 -1.198491 -0.444904
v 0.458643 -1.331692 -0.306455
v 0.233814 -1.413716 -0.156229
v 0.259800 1.413716 -0.107613
v 0.509616 1.331692 -0.211090
v 0.739848 1.198491 -0.306455
v 0.941648 1.019233 -0.390043
v 1.107261 0.800806 -0.458642
v 1.230323 0.551605 -0.509616
v 1.306103 0.281206 -0.541006
v 1.331692 0.000000 -0.551604
v 1.306103 -0.281206 -0.541006
v 1.230323 -0.551605 -0.509616
v 1.107261 -0.800806 -0.458642
v 0.941648 -1.019233 -0.390043
v 0.739848 -1.198491 -0.306455
v 0.509616 -1.331692 -0.211090
v 0.259800 -1.413716 -0.107613
v 0.275802 1.413716 -0.054860
v 0.541006 1.331692 -0.107613
v 0.785419 1.198491 -0.156229
v 0.999648 1.019233 -0.198842
v 1.175462 0.800806 -0.233814
v 1.306103 0.551605 -0.259800
v 1.386552 0.281206 -0.275802
v 1.413716 0.000000 -0.281205
v 1.386552 -0.281206 -0.275802
v 1.306103 -0.551605 -0.259800
v 1.175462 -0.800806 -0.233814
v 0.999648 -1.019233 -0.198842
v 0.785419 -1.198491 -0.156229
v 0.541006 -1.331692 -0.107613
v 0.275802 -1.413716 -0.054860
v 0.281206 1.413716 0.000000
v 0.551605 1.331692 0.000000
v 0.800806 1.198491 0.000000
v 1.019233 1.019233 -0.000000
v 1.198491 0.800806 0.000000
v 1.331692 0.551605 -0.000000
v 1.413716 0.281206 0.000000
v 1.441412 0.000000 0.000000
v 1.413716 -0.281206 0.000000
v 1.331692 -0.551605 -0.000000
v 1.198491 -0.800806 0.000000
v 1.019233 -1.019233 -0.000000
v 0.800806 -1.198491 0.000000
v 0.551605 -1.331692 0.000000
v 0.281206 -1.413716 0.000000
v 0.275802 1.413716 0.054861
v 0.541006 1.331692 0.107613
v 0.785419 1.198491 0.156230
v 0.999648 1.019233 0.198842
v 1.175462 0.800806 0.233814
v 1.306103 0.551605 0.259800
v 1.386552 0.281206 0.275802
v 1.413716 0.000000 0.281206
v 1.386552 -0.281206 0.275802
v 1.306103 -0.551605 0.259800
v 1.175462 -0.800806 0.233814
v 0.999648 -1.019233 0.198842
v 0.785419 -1.198491 0.156230
v 0.541006 -1.331692 0.107613
v 0.275802 -1.413716 0.054861
v 0.259800 1.413716 0.107613
v 0.509616 1.331692 0.211090
v 0.739848 1.198491 0.306455
v 0.941648 1.019233 0.390043
v 1.107261 0.800806 0.458643
v 1.230323 0.551605 0.509616
v 1.306103 0.281206 0.541006
v 1.331691 0.000000 0.551605
v 1.306103 -0.281206 0.541006
v 1.230323 -0.551605 0.509616
v 1.107261 -0.800806 0.458643
v 0.941648 -1.019233 0.390043
v 0.739848 -1.198491 0.306455
v 0.509616 -1.331692 0.211090
v 0.259800 -1.413716 0.107613
v 0.233814 1.413716 0.156229
v 0.458643 1.331692 0.306455
v 0.665846 1.198491 0.444904
v 0.847461 1.019233 0.566255
v 0.996508 0.800806 0.665846
v 1.107261 0.551605 0.739848
v 1.175462 0.281206 0.785419
v 1.198490 0.000000 0.800806
v 1.175462 -0.281206 0.785419
v 1.107261 -0.551605 0.739848
v 0.996508 -0.800806 0.665846
v 0.847461 -1.019233 0.566255
v 0.665846 -1.198491 0.444904
v 0.458643 -1.331692 0.306455
v 0.233814 -1.413716 0.156229
v 0.198842 1.413716 0.198842
v 0.390043 1.331692 0.390043
v 0.566255 1.198491 0.566255
v 0.720706 1.019233 0.720706
v 0.847461 0.800806 0.847461
v 0.941648 0.551605 0.941648
v 0.999648 0.281206 0.999648
v 1.019232 0.000000 1.019233
v 0.999648 -0.281206 0.999648
v 0.941648 -0.551605 0.941648
v 0.847461 -0.800806 0.847461
v 0.720706 -1.019233 0.720706
v 0.566255 -1.198491 0.566255
v 0.390043 -1.331692 0.390043
v 0.198842 -1.413716 0.198842
v 0.156229 1.413716 0.233814
v 0.306455 1.331692 0.458643
v 0.444904 1.198491 0.665846
v 0.566255 1.019233 0.847461
v 0.665846 0.800806 0.996508
v 0.739848 0.551605 1.107261
v 0.785418 0.281206 1.175462
v 0.800805 0.000000 1.198491
v 0.785418 -0.281206 1.175462
v 0.739848 -0.551605 1.107261
v 0.665846 -0.800806 0.996508
v 0.566255 -1.019233 0.847461
v 0.444904 -1.198491 0.665846
v 0.306455 -1.331692 0.458643
v 0.156229 -1.413716 0.233814
v 0.107613 1.413716 0.259800
v 0.211090 1.331692 0.509616
v 0.306455 1.198491 0.739848
v 0.390043 1.019233 0.941648
v 0.458642 0.800806 1.107261
v 0.509616 0.551605 1.230322
v 0.541005 0.281206 1.306103
v 0.551604 0.000000 1.331691
v 0.541005 -0.281206 1.306103
v 0.509616 -0.551605 1.230322
v 0.458642 -0.800806 1.107261
v 0.390043 -1.019233 0.941648
v 0.306455 -1.198491 0.739848
v 0.211090 -1.331692 0.509616
v 0.107613 -1.413716 0.259800
v 0.054860 1.413716 0.275802
v 0.107613 1.331692 0.541006
v 0.156229 1.198491 0.785418
v 0.198842 1.019233 0.999648
v 0.233814 0.800806 1.175462
v 0.259800 0.551605 1.306103
v 0.275802 0.281206 1.386552
v 0.281205 0.000000 1.413716
v 0.275802 -0.281206 1.386552
v 0.259800 -0.551605 1.306103
v 0.233814 -0.800806 1.175462
v 0.198842 -1.019233 0.999648
v 0.156229 -1.198491 0.785418
v 0.107613 -1.331692 0.541006
v 0.054860 -1.413716 0.275802
v -0.000000 1.413716 0.281205
v -0.000000 1.331692 0.551605
v -0.000000 1.198491 0.800806
v -0.000000 1.019233 1.019233
v -0.000000 0.800806 1.198490
v 0.000000 0.551605 1.331691
v -0.000000 0.281206 1.413716
v -0.000000 0.000000 1.441412
v -0.000000 -0.281206 1.413716
v 0.000000 -0.551605 1.331691
v -0.000000 -0.800806 1.198490
v -0.000000 -1.019233 1.019233
v -0.000000 -1.198491 0.800806
v -0.000000 -1.331692 0.551605
v -0.000000 -1.413716 0.281205
v -0.054860 1.413716 0.275802
v -0.107613 1.331692 0.541006
v -0.156230 1.198491 0.785418
v -0.198842 1.019233 0.999648
v -0.233814 0.800806 1.175462
v -0.259800 0.551605 1.306103
v -0.275802 0.281206 1.386552
v -0.281206 0.000000 1.413715
v -0.275802 -0.281206 1.386552
v -0.259800 -0.551605 1.306103
v -0.233814 -0.800806 1.175462
v -0.198842 -1.019233 0.999648
v -0.156230 -1.198491 0.785418
v -0.107613 -1.331692 0.541006
v -0.054860 -1.413716 0.275802
v -0.107613 1.413716 0.259800
v -0.211090 1.331692 0.509616
v -0.306455 1.198491 0.739848
v -0.390043 1.019233 0.941648
v -0.458643 0.800806 1.107261
v -0.509616 0.551605 1.230322
v -0.541006 0.281206 1.306103
v -0.551605 0.000000 1.331691
v -0.541006 -0.281206 1.306103
v -0.509616 -0.551605 1.230322
v -0.458643 -0.800806 1.107261
v -0.390043 -1.019233 0.941648
v -0.306455 -1.198491 0.739848
v -0.211090 -1.331692 0.509616
v -0.107613 -1.413716 0.259800
v -0.156229 1.413716 0.233814
v -0.306455 1.331692 0.458642
v -0.444904 1.198491 0.665845
v -0.566255 1.019233 0.847461
v -0.665846 0.800806 0.996508
v -0.739848 0.551605 1.107261
v -0.785419 0.281206 1.175462
v -0.800806 0.000000 1.198490
v -0.785419 -0.281206 1.175462
v -0.739848 -0.551605 1.107261
v -0.665846 -0.800806 0.996508
v -0.566255 -1.019233 0.847461
v -0.444904 -1.198491 0.665845
v -0.306455 -1.331692 0.458642
v -0.156229 -1.413716 0.233814
v -0.198842 1.413716 0.198842
v -0.390043 1.331692 0.390043
v -0.566255 1.198491 0.566255
v -0.720706 1.019233 0.720706
v -0.847461 0.800806 0.847460
v -0.941648 0.551605 0.941648
v -0.999648 0.281206 0.999648
v -1.019232 0.000000 1.019231
v -0.999648 -0.281206 0.999648
v -0.941648 -0.551605 0.941648
v -0.847461 -0.800806 0.847460
v -0.720706 -1.019233 0.720706
v -0.566255 -1.198491 0.566255
v -0.390043 -1.331692 0.390043
v -0.198842 -1.413716 0.198842
v -0.233814 1.413716 0.156229
v -0.458642 1.331692 0.306455
v -0.665845 1.198491 0.444903
v -0.847461 1.019233 0.566255
v -0.996508 0.800806 0.665845
v -1.107261 0.551605 0.739848
v -1.175462 0.281206 0.785418
v -1.198490 0.000000 0.800805
v -1.175462 -0.281206 0.785418
v -1.107261 -0.551605 0.739848
v -0.996508 -0.800806 0.665845
v -0.847461 -1.019233 0.566255
v -0.665845 -1.198491 0.444903
v -0.458642 -1.331692 0.306455
v -0.233814 -1.413716 0.156229
v -0.259800 1.413716 0.107613
v -0.509616 1.331692 0.211090
v -0.739848 1.198491 0.306455
v -0.941648 1.019233 0.390043
v -1.107261 0.800806 0.458642
v -1.230322 0.551605 0.509616
v -1.306103 0.281206 0.541005
v -1.331691 0.000000 0.551604
v -1.306103 -0.281206 0.541005
v -1.230322 -0.551605 0.509616
v -1.107261 -0.800806 0.458642
v -0.941648 -1.019233 0.390043
v -0.739848 -1.198491 0.306455
v -0.509616 -1.331692 0.211090
v -0.259800 -1.413716 0.107613
v -0.275802 1.413716 0.054860
v -0.541006 1.331692 0.107613
v -0.785418 1.198491 0.156229
v -0.999648 1.019233 0.198842
v -1.175462 0.800806 0.233814
v -1.306103 0.551605 0.259800
v -1.386552 0.281206 0.275802
v -1.413715 0.000000 0.281205
v -1.386552 -0.281206 0.275802
v -1.306103 -0.551605 0.259800
v -1.175462 -0.800806 0.233814
v -0.999648 -1.019233 0.198842
v -0.785418 -1.198491 0.156229
v -0.541006 -1.331692 0.107613
v -0.275802 -1.413716 0.054860
v -0.281205 1.413716 -0.000000
v -0.551605 1.331692 -0.000000
v -0.800805 1.198491 -0.000000
v -1.019232 1.019233 -0.000000
v -1.198490 0.800806 -0.000000
v -1.331691 0.551605 -0.000000
v -1.413716 0.281206 -0.000000
v -1.441411 0.000000 -0.000001
v -1.413716 -0.281206 -0.000000
v -1.331691 -0.551605 -0.000000
v -1.198490 -0.800806 -0.000000
v -1.019232 -1.019233 -0.000000
v -0.800805 -1.198491 -0.000000
v -0.551605 -1.331692 -0.000000
v -0.281205 -1.413716 -0.000000
v -0.275802 1.413716 -0.054860
v -0.541006 1.331692 -0.107613
v -0.785418 1.198491 -0.156230
v -0.999648 1.019233 -0.198842
v -1.175461 0.800806 -0.233814
v -1.306103 0.551605 -0.259800
v -1.386551 0.281206 -0.275803
v -1.413715 0.000000 -0.281206
v -1.386551 -0.281206 -0.275803
v -1.306103 -0.551605 -0.259800
v -1.175461 -0.800806 -0.233814
v -0.999648 -1.019233 -0.198842
v -0.785418 -1.198491 -0.156230
v -0.541006 -1.331692 -0.107613
v -0.275802 -1.413716 -0.054860
v -0.259800 1.413716 -0.107613
v -0.509616 1.331692 -0.211090
v -0.739847 1.198491 -0.306455
v -0.941648 1.019233 -0.390043
v -1.107260 0.800806 -0.458643
v -1.230322 0.551605 -0.509616
v -1.306103 0.281206 -0.541006
v -1.331690 0.000000 -0.551605
v -1.306103 -0.281206 -0.541006
v -1.230322 -0.551605 -0.509616
v -1.107260 -0.800806 -0.458643
v -0.941648 -1.019233 -0.390043
v -0.739847 -1.198491 -0.306455
v -0.509616 -1.331692 -0.211090
v -0.259800 -1.413716 -0.107613
v -0.233814 1.413716 -0.156229
v -0.458642 1.331692 -0.306455
v -0.665845 1.198491 -0.444904
v -0.847461 1.019233 -0.566255
v -0.996508 0.800806 -0.665846
v -1.107261 0.551605 -0.739848
v -1.175461 0.281206 -0.785419
v -1.198489 0.000000 -0.800806
v -1.175461 -0.281206 -0.785419
v -1.107261 -0.551605 -0.739848
v -0.996508 -0.800806 -0.665846
v -0.847461 -1.019233 -0.566255
v -0.665845 -1.198491 -0.444904
v -0.458642 -1.331692 -0.306455
v -0.233814 -1.413716 -0.156229
v -0.198842 1.413716 -0.198842
v -0.390043 1.331692 -0.390043
v -0.566255 1.198491 -0.566255
v -0.720706 1.019233 -0.720706
v -0.847460 0.800806 -0.847461
v -0.941648 0.551605 -0.941648
v -0.999648 0.281206 -0.999648
v -1.019231 0.000000 -1.019232
v -0.999648 -0.281206 -0.999648
v -0.941648 -0.551605 -0.941648
v -0.847460 -0.800806 -0.847461
v -0.720706 -1.019233 -0.720706
v -0.566255 -1.198491 -0.566255
v -0.390043 -1.331692 -0.390043
v -0.198842 -1.413716 -0.198842
v -0.156229 1.413716 -0.233814
v -0.306455 1.331692 -0.458642
v -0.444903 1.198491 -0.665845
v -0.566255 1.019233 -0.847461
v -0.665845 0.800806 -0.996508
v -0.739848 0.551605 -1.107261
v -0.785418 0.281206 -1.175462
v -0.800805 0.000000 -1.198490
v -0.785418 -0.281206 -1.175462
v -0.739848 -0.551605 -1.107261
v -0.665845 -0.800806 -0.996508
v -0.566255 -1.019233 -0.847461
v -0.444903 -1.198491 -0.665845
v -0.306455 -1.331692 -0.458642
v -0.156229 -1.413716 -0.233814
v -0.107613 1.413716 -0.259800
v -0.211090 1.331692 -0.509616
v -0.306455 1.198491 -0.739848
v -0.390043 1.019233 -0.941648
v -0.458642 0.800806 -1.107260
v -0.509616 0.551605 -1.230322
v -0.541005 0.281206 -1.306103
v -0.551603 0.000000 -1.331690
v -0.541005 -0.281206 -1.306103
v -0.509616 -0.551605 -1.230322
v -0.458642 -0.800806 -1.107260
v -0.390043 -1.019233 -0.941648
v -0.306455 -1.198491 -0.739848
v -0.211090 -1.331692 -0.509616
v -0.107613 -1.413716 -0.259800
v -0.054860 1.413716 -0.275802
v -0.107613 1.331692 -0.541006
v -0.156229 1.198491 -0.785418
v -0.198842 1.019233 -0.999648
v -0.233813 0.800806 -1.175461
v -0.259800 0.551605 -1.306103
v -0.275802 0.281206 -1.386551
v -0.281205 0.000000 -1.413715
v -0.275802 -0.281206 -1.386551
v -0.259800 -0.551605 -1.306103
v -0.233813 -0.800806 -1.175461
v -0.198842 -1.019233 -0.999648
v -0.156229 -1.198491 -0.785418
v -0.107613 -1.331692 -0.541006
v -0.054860 -1.413716 -0.275802
v 0.000000 1.413716 -0.281205
v 0.000000 1.331692 -0.551604
v 0.000000 1.019233 -1.019232
v 0.000000 0.551605 -1.331691
v 0.000000 -0.551605 -1.331691
v 0.000000 -1.019233 -1.019232
v 0.000000 -1.198491 -0.800805
v 0.000000 -1.331692 -0.551604
v 0.000000 -1.413716 -0.281205
vn 0.0865 -0.4696 -0.8786
vn 0.0624 0.7715 -0.6332
vn 0.0759 -0.6326 -0.7708
vn 0.0759 0.6326 -0.7708
vn 0.0624 -0.7715 -0.6332
vn 0.0865 0.4696 -0.8786
vn 0.0464 -0.8810 -0.4709
vn 0.0938 0.2890 -0.9527
vn 0.0286 -0.9565 -0.2902
vn 0.0975 0.0975 -0.9904
vn 0.0097 0.9951 -0.0980
vn 0.0097 -0.9951 -0.0980
vn 0.0975 -0.0975 -0.9904
vn 0.0286 0.9565 -0.2902
vn 0.0938 -0.2890 -0.9527
vn 0.0464 0.8810 -0.4709
vn 0.2779 -0.2890 -0.9161
vn 0.1374 0.8810 -0.4528
vn 0.2563 -0.4696 -0.8448
vn 0.1847 0.7715 -0.6088
vn 0.2248 -0.6326 -0.7412
vn 0.2248 0.6326 -0.7412
vn 0.1847 -0.7715 -0.6088
vn 0.2563 0.4696 -0.8448
vn 0.1374 -0.8810 -0.4528
vn 0.2779 0.2890 -0.9161
vn 0.0846 -0.9565 -0.2790
vn 0.2889 0.0976 -0.9524
vn 0.0286 0.9951 -0.0942
vn 0.0286 -0.9951 -0.0942
vn 0.2889 -0.0976 -0.9524
vn 0.0846 0.9565 -0.2790
vn 0.2230 -0.8810 -0.4173
vn 0.4513 0.2890 -0.8443
vn 0.1374 -0.9565 -0.2571
vn 0.4691 0.0975 -0.8777
vn 0.0464 0.9951 -0.0869
vn 0.0464 -0.9951 -0.0869
vn 0.4691 -0.0975 -0.8777
vn 0.1374 0.9565 -0.2571
vn 0.4513 -0.2890 -0.8443
vn 0.2230 0.8810 -0.4173
vn 0.4162 -0.4696 -0.7786
vn 0.2999 0.7715 -0.5611
vn 0.3651 -0.6326 -0.6831
vn 0.3651 0.6326 -0.6831
vn 0.2999 -0.7715 -0.5611
vn 0.4162 0.4696 -0.7786
vn 0.3002 0.8810 -0.3658
vn 0.5601 -0.4696 -0.6825
vn 0.4036 0.7715 -0.4918
vn 0.4913 -0.6326 -0.5987
vn 0.4913 0.6326 -0.5987
vn 0.4036 -0.7715 -0.4918
vn 0.5601 0.4696 -0.6825
vn 0.3002 -0.8810 -0.3658
vn 0.6073 0.2890 -0.7400
vn 0.1850 -0.9565 -0.2254
vn 0.6314 0.0975 -0.7693
vn 0.0625 0.9951 -0.0761
vn 0.0625 -0.9951 -0.0761
vn 0.6314 -0.0975 -0.7693
vn 0.1850 0.9565 -0.2254
vn 0.6073 -0.2890 -0.7400
vn 0.7400 0.2890 -0.6073
vn 0.2254 -0.9565 -0.1850
vn 0.7693 0.0975 -0.6314
vn 0.0761 0.9951 -0.0625
vn 0.0761 -0.9951 -0.0625
vn 0.7693 -0.0975 -0.6314
vn 0.2254 0.9565 -0.1850
vn 0.7400 -0.2890 -0.6073
vn 0.3658 0.8810 -0.3002
vn 0.6825 -0.4696 -0.5601
vn 0.4918 0.7715 -0.4036
vn 0.5987 -0.6326 -0.4913
vn 0.5987 0.6326 -0.4913
vn 0.4918 -0.7715 -0.4036
vn 0.6825 0.4696 -0.5601
vn 0.3658 -0.8810 -0.3002
vn 0.7786 -0.4696 -0.4162
vn 0.5611 0.7715 -0.2999
vn 0.6831 -0.6326 -0.3651
vn 0.6831 0.6326 -0.3651
vn 0.5611 -0.7715 -0.2999
vn 0.7786 0.4696 -0.4162
vn 0.4173 -0.8810 -0.2230
vn 0.8443 0.2890 -0.4513
vn 0.2571 -0.9565 -0.1374
vn 0.8777 0.0975 -0.4691
vn 0.0869 0.9951 -0.0464
vn 0.0869 -0.9951 -0.0464
vn 0.8777 -0.0975 -0.4691
vn 0.2571 0.9565 -0.1374
vn 0.8443 -0.2890 -0.4513
vn 0.4173 0.8810 -0.2230
vn 0.2790 -0.9565 -0.0846
vn 0.9524 0.0975 -0.2889
vn 0.0942 0.9951 -0.0286
vn 0.0942 -0.9951 -0.0286
vn 0.9524 -0.0975 -0.2889
vn 0.2790 0.9565 -0.0846
vn 0.9161 -0.2890 -0.2779
vn 0.4528 0.8810 -0.1374
vn 0.8448 -0.4696 -0.2563
vn 0.6088 0.7715 -0.1847
vn 0.7412 -0.6326 -0.2248
vn 0.7412 0.6326 -0.2248
vn 0.6088 -0.7715 -0.1847
vn 0.8448 0.4696 -0.2563
vn 0.4528 -0.8810 -0.1374
vn 0.9161 0.2890 -0.2779
vn 0.6332 0.7715 -0.0624
vn 0.7708 -0.6326 -0.0759
vn 0.7708 0.6326 -0.0759
vn 0.6332 -0.7715 -0.0624
vn 0.8786 0.4696 -0.0865
vn 0.4709 -0.8810 -0.0464
vn 0.9527 0.2890 -0.0938
vn 0.2902 -0.9565 -0.0286
vn 0.9904 0.0975 -0.0975
vn 0.0980 0.9951 -0.0097
vn 0.0980 -0.9951 -0.0097
vn 0.9904 -0.0975 -0.0975
vn 0.2902 0.9565 -0.0286
vn 0.9527 -0.2890 -0.0938
vn 0.4709 0.8810 -0.0464
vn 0.8786 -0.4696 -0.0865
vn 0.9904 0.0975 0.0976
vn 0.0980 0.9951 0.0097
vn 0.0980 -0.9951 0.0097
vn 0.9904 -0.0975 0.0976
vn 0.2902 0.9565 0.0286
vn 0.9527 -0.2890 0.0938
vn 0.4709 0.8810 0.0464
vn 0.8786 -0.4696 0.0865
vn 0.6332 0.7715 0.0624
vn 0.7708 -0.6326 0.0759
vn 0.7708 0.6326 0.0759
vn 0.6332 -0.7715 0.0624
vn 0.8786 0.4696 0.0865
vn 0.4709 -0.8810 0.0464
vn 0.9527 0.2890 0.0938
vn 0.2902 -0.9565 0.0286
vn 0.7412 -0.6326 0.2248
vn 0.7412 0.6326 0.2248
vn 0.6088 -0.7715 0.1847
vn 0.8448 0.4696 0.2563
vn 0.4528 -0.8810 0.1374
vn 0.9161 0.2890 0.2779
vn 0.2790 -0.9565 0.0846
vn 0.9524 0.0975 0.2889
vn 0.0942 0.9951 0.0286
vn 0.0942 -0.9951 0.0286
vn 0.9524 -0.0975 0.2889
vn 0.2790 0.9565 0.0846
vn 0.9161 -0.2890 0.2779
vn 0.4528 0.8810 0.1374
vn 0.8448 -0.4696 0.2563
vn 0.6088 0.7715 0.1847
vn 0.0869 -0.9951 0.0464
vn 0.8777 -0.0975 0.4691
vn 0.2571 0.9565 0.1374
vn 0.8443 -0.2890 0.4513
vn 0.4173 0.8810 0.2230
vn 0.7786 -0.4696 0.4162
vn 0.5611 0.7715 0.2999
vn 0.6831 -0.6326 0.3651
vn 0.6831 0.6326 0.3651
vn 0.5611 -0.7715 0.2999
vn 0.7786 0.4696 0.4162
vn 0.4173 -0.8810 0.2230
vn 0.8443 0.2890 0.4513
vn 0.2571 -0.9565 0.1374
vn 0.8777 0.0975 0.4691
vn 0.0869 0.9951 0.0464
vn 0.4918 -0.7715 0.4036
vn 0.6825 0.4696 0.5601
vn 0.3658 -0.8810 0.3002
vn 0.7400 0.2890 0.6073
vn 0.2254 -0.9565 0.1850
vn 0.7693 0.0975 0.6314
vn 0.0761 0.9951 0.0625
vn 0.0761 -0.9951 0.0625
vn 0.7693 -0.0975 0.6314
vn 0.2254 0.9565 0.1850
vn 0.7400 -0.2890 0.6073
vn 0.3658 0.8810 0.3002
vn 0.6825 -0.4696 0.5601
vn 0.4918 0.7715 0.4036
vn 0.5987 -0.6326 0.4913
vn 0.5987 0.6326 0.4913
vn 0.1850 0.9565 0.2254
vn 0.6073 -0.2890 0.7400
vn 0.3002 0.8810 0.3658
vn 0.5601 -0.4696 0.6825
vn 0.4036 0.7715 0.4918
vn 0.4913 -0.6326 0.5987
vn 0.4913 0.6326 0.5987
vn 0.4036 -0.7715 0.4918
vn 0.5601 0.4696 0.6825
vn 0.3002 -0.8810 0.3658
vn 0.6073 0.2890 0.7400
vn 0.1850 -0.9565 0.2254
vn 0.6314 0.0975 0.7693
vn 0.0625 0.9951 0.0761
vn 0.0625 -0.9951 0.0761
vn 0.6314 -0.0975 0.7693
vn 0.4162 0.4696 0.7786
vn 0.2230 -0.8810 0.4173
vn 0.4513 0.2890 0.8443
vn 0.1374 -0.9565 0.2571
vn 0.4691 0.0975 0.8777
vn 0.0464 0.9951 0.0869
vn 0.0464 -0.9951 0.0869
vn 0.4691 -0.0975 0.8777
vn 0.1374 0.9565 0.2571
vn 0.4513 -0.2890 0.8443
vn 0.2230 0.8810 0.4173
vn 0.4162 -0.4696 0.7786
vn 0.2999 0.7715 0.5611
vn 0.3651 -0.6326 0.6831
vn 0.3651 0.6326 0.6831
vn 0.2999 -0.7715 0.5611
vn 0.2779 -0.2890 0.9161
vn 0.1374 0.8810 0.4528
vn 0.2563 -0.4696 0.8448
vn 0.1847 0.7715 0.6088
vn 0.2248 -0.6326 0.7412
vn 0.2248 0.6326 0.7412
vn 0.1847 -0.7715 0.6088
vn 0.2563 0.4696 0.8448
vn 0.1374 -0.8810 0.4528
vn 0.2779 0.2890 0.9161
vn 0.0846 -0.9565 0.2790
vn 0.2889 0.0975 0.9524
vn 0.0286 0.9951 0.0942
vn 0.0286 -0.9951 0.0942
vn 0.2889 -0.0975 0.9524
vn 0.0846 0.9565 0.2790
vn 0.0464 -0.8810 0.4709
vn 0.0938 0.2890 0.9527
vn 0.0286 -0.9565 0.2902
vn 0.0975 0.0975 0.9904
vn 0.0097 0.9951 0.0980
vn 0.0097 -0.9951 0.0980
vn 0.0975 -0.0975 0.9904
vn 0.0286 0.9565 0.2902
vn 0.0938 -0.2890 0.9527
vn 0.0464 0.8810 0.4709
vn 0.0865 -0.4696 0.8786
vn 0.0624 0.7715 0.6332
vn 0.0759 -0.6326 0.7708
vn 0.0759 0.6326 0.7708
vn 0.0624 -0.7715 0.6332
vn 0.0865 0.4696 0.8786
vn -0.0464 0.8810 0.4709
vn -0.0865 -0.4696 0.8786
vn -0.0624 0.7715 0.6332
vn -0.0759 -0.6326 0.7708
vn -0.0759 0.6326 0.7708
vn -0.0624 -0.7715 0.6332
vn -0.0865 0.4696 0.8786
vn -0.0464 -0.8810 0.4709
vn -0.0938 0.2890 0.9527
vn -0.0286 -0.9565 0.2902
vn -0.0976 0.0975 0.9904
vn -0.0097 0.9951 0.0980
vn -0.0097 -0.9951 0.0980
vn -0.0976 -0.0975 0.9904
vn -0.0286 0.9565 0.2902
vn -0.0938 -0.2890 0.9527
vn -0.2779 0.2890 0.9161
vn -0.0846 -0.9565 0.2790
vn -0.2889 0.0975 0.9524
vn -0.0286 0.9951 0.0942
vn -0.0286 -0.9951 0.0942
vn -0.2889 -0.0975 0.9524
vn -0.0846 0.9565 0.2790
vn -0.2779 -0.2890 0.9161
vn -0.1374 0.8810 0.4528
vn -0.2563 -0.4696 0.8448
vn -0.1847 0.7715 0.6088
vn -0.2248 -0.6326 0.7412
vn -0.2248 0.6326 0.7412
vn -0.1847 -0.7715 0.6088
vn -0.2563 0.4696 0.8448
vn -0.1374 -0.8810 0.4528
vn -0.4162 -0.4696 0.7786
vn -0.2999 0.7715 0.5611
vn -0.3651 -0.6326 0.6831
vn -0.3651 0.6326 0.6831
vn -0.2999 -0.7715 0.5611
vn -0.4162 0.4696 0.7786
vn -0.2230 -0.8810 0.4173
vn -0.4513 0.2890 0.8443
vn -0.1374 -0.9565 0.2571
vn -0.4691 0.0975 0.8777
vn -0.0464 0.9951 0.0869
vn -0.0464 -0.9951 0.0869
vn -0.4691 -0.0975 0.8777
vn -0.1374 0.9565 0.2571
vn -0.4513 -0.2890 0.8443
vn -0.2230 0.8810 0.4173
vn -0.1850 -0.9565 0.2254
vn -0.6314 0.0975 0.7693
vn -0.0625 0.9951 0.0761
vn -0.0625 -0.9951 0.0761
vn -0.6314 -0.0975 0.7693
vn -0.1850 0.9565 0.2254
vn -0.6073 -0.2890 0.7400
vn -0.3002 0.8810 0.3658
vn -0.5601 -0.4696 0.6825
vn -0.4036 0.7715 0.4918
vn -0.4913 -0.6326 0.5987
vn -0.4913 0.6326 0.5987
vn -0.4036 -0.7715 0.4918
vn -0.5601 0.4696 0.6825
vn -0.3002 -0.8810 0.3658
vn -0.6073 0.2890 0.7400
vn -0.5987 -0.6326 0.4913
vn -0.5987 0.6326 0.4913
vn -0.4918 -0.7715 0.4036
vn -0.6825 0.4696 0.5601
vn -0.3658 -0.8810 0.3002
vn -0.7400 0.2890 0.6073
vn -0.2254 -0.9565 0.1850
vn -0.7693 0.0975 0.6314
vn -0.0761 0.9951 0.0625
vn -0.0761 -0.9951 0.0625
vn -0.7693 -0.0975 0.6314
vn -0.2254 0.9565 0.1850
vn -0.7400 -0.2890 0.6073
vn -0.3658 0.8810 0.3002
vn -0.6825 -0.4696 0.5601
vn -0.4918 0.7715 0.4036
vn -0.0869 0.9951 0.0464
vn -0.0869 -0.9951 0.0464
vn -0.8777 -0.0975 0.4691
vn -0.2571 0.9565 0.1374
vn -0.8443 -0.2890 0.4513
vn -0.4173 0.8810 0.2230
vn -0.7786 -0.4696 0.4162
vn -0.5611 0.7715 0.2999
vn -0.6831 -0.6326 0.3651
vn -0.6831 0.6326 0.3651
vn -0.5611 -0.7715 0.2999
vn -0.7786 0.4696 0.4162
vn -0.4173 -0.8810 0.2230
vn -0.8443 0.2890 0.4513
vn -0.2571 -0.9565 0.1374
vn -0.8777 0.0975 0.4691
vn -0.7412 0.6326 0.2248
vn -0.6088 -0.7715 0.1847
vn -0.8448 0.4696 0.2563
vn -0.4528 -0.8810 0.1374
vn -0.9161 0.2890 0.2779
vn -0.2790 -0.9565 0.0846
vn -0.9524 0.0975 0.2889
vn -0.0942 0.9951 0.0286
vn -0.0942 -0.9951 0.0286
vn -0.9524 -0.0975 0.2889
vn -0.2790 0.9565 0.0846
vn -0.9161 -0.2890 0.2779
vn -0.4528 0.8810 0.1374
vn -0.8448 -0.4696 0.2563
vn -0.6088 0.7715 0.1847
vn -0.7412 -0.6326 0.2248
vn -0.9904 -0.0975 0.0975
vn -0.2902 0.9565 0.0286
vn -0.9527 -0.2890 0.0938
vn -0.4709 0.8810 0.0464
vn -0.8786 -0.4696 0.0865
vn -0.6332 0.7715 0.0624
vn -0.7708 -0.6326 0.0759
vn -0.7708 0.6326 0.0759
vn -0.6332 -0.7715 0.0624
vn -0.8786 0.4696 0.0865
vn -0.4709 -0.8810 0.0464
vn -0.9527 0.2890 0.0938
vn -0.2902 -0.9565 0.0286
vn -0.9904 0.0975 0.0975
vn -0.0980 0.9951 0.0097
vn -0.0980 -0.9951 0.0097
vn -0.6332 -0.7715 -0.0624
vn -0.8786 0.4696 -0.0865
vn -0.4709 -0.8810 -0.0464
vn -0.9527 0.2890 -0.0938
vn -0.2902 -0.9565 -0.0286
vn -0.9904 0.0975 -0.0976
vn -0.0980 0.9951 -0.0097
vn -0.0980 -0.9951 -0.0097
vn -0.9904 -0.0975 -0.0976
vn -0.2902 0.9565 -0.0286
vn -0.9527 -0.2890 -0.0938
vn -0.4709 0.8810 -0.0464
vn -0.8786 -0.4696 -0.0865
vn -0.6332 0.7715 -0.0624
vn -0.7708 -0.6326 -0.0759
vn -0.7708 0.6326 -0.0759
vn -0.2790 0.9565 -0.0846
vn -0.9161 -0.2890 -0.2779
vn -0.4528 0.8810 -0.1374
vn -0.8448 -0.4696 -0.2563
vn -0.6088 0.7715 -0.1847
vn -0.7412 -0.6326 -0.2248
vn -0.7412 0.6326 -0.2248
vn -0.6088 -0.7715 -0.1847
vn -0.8448 0.4696 -0.2563
vn -0.4528 -0.8810 -0.1374
vn -0.9161 0.2890 -0.2779
vn -0.2790 -0.9565 -0.0846
vn -0.9524 0.0975 -0.2889
vn -0.0942 0.9951 -0.0286
vn -0.0942 -0.9951 -0.0286
vn -0.9524 -0.0975 -0.2889
vn -0.7786 0.4696 -0.4162
vn -0.4173 -0.8810 -0.2231
vn -0.8443 0.2890 -0.4513
vn -0.2571 -0.9565 -0.1374
vn -0.8777 0.0975 -0.4691
vn -0.0869 0.9951 -0.0464
vn -0.0869 -0.9951 -0.0464
vn -0.8777 -0.0975 -0.4691
vn -0.2571 0.9565 -0.1374
vn -0.8443 -0.2890 -0.4513
vn -0.4173 0.8810 -0.2231
vn -0.7786 -0.4696 -0.4162
vn -0.5611 0.7715 -0.2999
vn -0.6831 -0.6326 -0.3651
vn -0.6831 0.6326 -0.3651
vn -0.5611 -0.7715 -0.2999
vn -0.7400 -0.2890 -0.6073
vn -0.3658 0.8810 -0.3002
vn -0.6825 -0.4696 -0.5601
vn -0.4918 0.7715 -0.4036
vn -0.5987 -0.6326 -0.4913
vn -0.5987 0.6326 -0.4913
vn -0.4918 -0.7715 -0.4036
vn -0.6825 0.4696 -0.5601
vn -0.3658 -0.8810 -0.3002
vn -0.7400 0.2890 -0.6073
vn -0.2254 -0.9565 -0.1850
vn -0.7693 0.0975 -0.6314
vn -0.0761 0.9951 -0.0625
vn -0.0761 -0.9951 -0.0625
vn -0.7693 -0.0975 -0.6314
vn -0.2254 0.9565 -0.1850
vn -0.3002 -0.8810 -0.3658
vn -0.6073 0.2890 -0.7400
vn -0.1850 -0.9565 -0.2254
vn -0.6314 0.0975 -0.7693
vn -0.0625 0.9951 -0.0761
vn -0.0625 -0.9951 -0.0761
vn -0.6314 -0.0975 -0.7693
vn -0.1850 0.9565 -0.2254
vn -0.6073 -0.2890 -0.7400
vn -0.3002 0.8810 -0.3658
vn -0.5601 -0.4696 -0.6825
vn -0.4036 0.7715 -0.4918
vn -0.4913 -0.6326 -0.5987
vn -0.4913 0.6326 -0.5987
vn -0.4036 -0.7715 -0.4918
vn -0.5601 0.4696 -0.6825
vn -0.4162 -0.4696 -0.7786
vn -0.2999 0.7715 -0.5611
vn -0.3651 -0.6326 -0.6831
vn -0.3651 0.6326 -0.6831
vn -0.2999 -0.7715 -0.5611
vn -0.4162 0.4696 -0.7786
vn -0.2230 -0.8810 -0.4173
vn -0.4513 0.2890 -0.8443
vn -0.1374 -0.9565 -0.2571
vn -0.4691 0.0975 -0.8777
vn -0.0464 0.9951 -0.0869
vn -0.0464 -0.9951 -0.0869
vn -0.4691 -0.0975 -0.8777
vn -0.1374 0.9565 -0.2571
vn -0.4513 -0.2890 -0.8443
vn -0.2230 0.8810 -0.4173
vn -0.0846 -0.9565 -0.2790
vn -0.2889 0.0975 -0.9524
vn -0.0286 0.9951 -0.0942
vn -0.0286 -0.9951 -0.0942
vn -0.2889 -0.0975 -0.9524
vn -0.0846 0.9565 -0.2790
vn -0.2779 -0.2890 -0.9161
vn -0.1374 0.8810 -0.4528
vn -0.2563 -0.4696 -0.8448
vn -0.1847 0.7715 -0.6088
vn -0.2248 -0.6326 -0.7412
vn -0.2248 0.6326 -0.7412
vn -0.1847 -0.7715 -0.6088
vn -0.2563 0.4696 -0.8448
vn -0.1374 -0.8810 -0.4528
vn -0.2779 0.2890 -0.9161
vn -0.0624 0.7715 -0.6332
vn -0.0759 -0.6326 -0.7708
vn -0.0759 0.6326 -0.7708
vn -0.0624 -0.7715 -0.6332
vn -0.0865 0.4696 -0.8786
vn -0.0464 -0.8810 -0.4709
vn -0.0938 0.2890 -0.9527
vn -0.0286 -0.9565 -0.2902
vn -0.0976 0.0975 -0.9904
vn -0.0097 0.9951 -0.0980
vn -0.0097 -0.9951 -0.0980
vn -0.0976 -0.0975 -0.9904
vn -0.0286 0.9565 -0.2902
vn -0.0938 -0.2890 -0.9527
vn -0.0464 0.8810 -0.4709
vn -0.0865 -0.4696 -0.8786
vt 0.750000 0.312500
vt 0.750000 0.375000
vt 0.718750 0.375000
vt 0.718750 0.312500
vt 0.750000 0.750000
vt 0.750000 0.812500
vt 0.718750 0.812500
vt 0.718750 0.750000
vt 0.750000 0.250000
vt 0.718750 0.250000
vt 0.750000 0.687500
vt 0.718750 0.687500
vt 0.750000 0.187500
vt 0.718750 0.187500
vt 0.750000 0.625000
vt 0.718750 0.625000
vt 0.750000 0.125000
vt 0.718750 0.125000
vt 0.750000 0.562500
vt 0.718750 0.562500
vt 0.750000 0.062500
vt 0.718750 0.062500
vt 0.750000 0.500000
vt 0.718750 0.500000
vt 0.750000 0.937500
vt 0.734375 1.000000
vt 0.718750 0.937500
vt 0.734375 0.000000
vt 0.750000 0.437500
vt 0.718750 0.437500
vt 0.750000 0.875000
vt 0.718750 0.875000
vt 0.687500 0.437500
vt 0.687500 0.375000
vt 0.687500 0.875000
vt 0.687500 0.812500
vt 0.687500 0.312500
vt 0.687500 0.750000
vt 0.687500 0.250000
vt 0.687500 0.687500
vt 0.687500 0.187500
vt 0.687500 0.625000
vt 0.687500 0.125000
vt 0.687500 0.562500
vt 0.687500 0.062500
vt 0.687500 0.500000
vt 0.703125 1.000000
vt 0.687500 0.937500
vt 0.703125 0.000000
vt 0.656250 0.187500
vt 0.656250 0.125000
vt 0.656250 0.625000
vt 0.656250 0.562500
vt 0.656250 0.062500
vt 0.656250 0.500000
vt 0.671875 1.000000
vt 0.656250 0.937500
vt 0.671875 0.000000
vt 0.656250 0.437500
vt 0.656250 0.875000
vt 0.656250 0.375000
vt 0.656250 0.812500
vt 0.656250 0.312500
vt 0.656250 0.750000
vt 0.656250 0.250000
vt 0.656250 0.687500
vt 0.625000 0.875000
vt 0.625000 0.812500
vt 0.625000 0.375000
vt 0.625000 0.312500
vt 0.625000 0.750000
vt 0.625000 0.250000
vt 0.625000 0.687500
vt 0.625000 0.187500
vt 0.625000 0.625000
vt 0.625000 0.125000
vt 0.625000 0.562500
vt 0.625000 0.062500
vt 0.625000 0.500000
vt 0.640625 1.000000
vt 0.625000 0.937500
vt 0.640625 0.000000
vt 0.625000 0.437500
vt 0.593750 0.625000
vt 0.593750 0.562500
vt 0.593750 0.125000
vt 0.593750 0.062500
vt 0.593750 0.500000
vt 0.609375 1.000000
vt 0.593750 0.937500
vt 0.609375 0.000000
vt 0.593750 0.437500
vt 0.593750 0.875000
vt 0.593750 0.375000
vt 0.593750 0.812500
vt 0.593750 0.312500
vt 0.593750 0.750000
vt 0.593750 0.250000
vt 0.593750 0.687500
vt 0.593750 0.187500
vt 0.562500 0.375000
vt 0.562500 0.312500
vt 0.562500 0.812500
vt 0.562500 0.750000
vt 0.562500 0.250000
vt 0.562500 0.687500
vt 0.562500 0.187500
vt 0.562500 0.625000
vt 0.562500 0.125000
vt 0.562500 0.562500
vt 0.562500 0.062500
vt 0.562500 0.500000
vt 0.578125 1.000000
vt 0.562500 0.937500
vt 0.578125 0.000000
vt 0.562500 0.437500
vt 0.562500 0.875000
vt 0.531250 0.125000
vt 0.531250 0.062500
vt 0.531250 0.562500
vt 0.531250 0.500000
vt 0.546875 1.000000
vt 0.531250 0.937500
vt 0.546875 0.000000
vt 0.531250 0.437500
vt 0.531250 0.875000
vt 0.531250 0.375000
vt 0.531250 0.812500
vt 0.531250 0.312500
vt 0.531250 0.750000
vt 0.531250 0.250000
vt 0.531250 0.687500
vt 0.531250 0.187500
vt 0.531250 0.625000
vt 0.500000 0.812500
vt 0.500000 0.750000
vt 0.500000 0.312500
vt 0.500000 0.250000
vt 0.500000 0.687500
vt 0.500000 0.187500
vt 0.500000 0.625000
vt 0.500000 0.125000
vt 0.500000 0.562500
vt 0.500000 0.062500
vt 0.500000 0.500000
vt 0.515625 1.000000
vt 0.500000 0.937500
vt 0.515625 0.000000
vt 0.500000 0.437500
vt 0.500000 0.875000
vt 0.500000 0.375000
vt 0.468750 0.562500
vt 0.468750 0.500000
vt 0.484375 1.000000
vt 0.468750 0.937500
vt 0.484375 0.000000
vt 0.468750 0.062500
vt 0.468750 0.437500
vt 0.468750 0.875000
vt 0.468750 0.375000
vt 0.468750 0.812500
vt 0.468750 0.312500
vt 0.468750 0.750000
vt 0.468750 0.250000
vt 0.468750 0.687500
vt 0.468750 0.187500
vt 0.468750 0.625000
vt 0.468750 0.125000
vt 0.437500 0.312500
vt 0.437500 0.250000
vt 0.437500 0.750000
vt 0.437500 0.687500
vt 0.437500 0.187500
vt 0.437500 0.625000
vt 0.437500 0.125000
vt 0.437500 0.562500
vt 0.437500 0.062500
vt 0.437500 0.500000
vt 0.453125 1.000000
vt 0.437500 0.937500
vt 0.453125 0.000000
vt 0.437500 0.437500
vt 0.437500 0.875000
vt 0.437500 0.375000
vt 0.437500 0.812500
vt 0.421875 0.000000
vt 0.406250 0.062500
vt 0.406250 0.500000
vt 0.406250 0.437500
vt 0.406250 0.937500
vt 0.406250 0.875000
vt 0.406250 0.375000
vt 0.406250 0.812500
vt 0.406250 0.312500
vt 0.406250 0.750000
vt 0.406250 0.250000
vt 0.406250 0.687500
vt 0.406250 0.187500
vt 0.406250 0.625000
vt 0.406250 0.125000
vt 0.406250 0.562500
vt 0.421875 1.000000
vt 0.375000 0.250000
vt 0.375000 0.187500
vt 0.375000 0.687500
vt 0.375000 0.625000
vt 0.375000 0.125000
vt 0.375000 0.562500
vt 0.375000 0.062500
vt 0.375000 0.500000
vt 0.390625 1.000000
vt 0.375000 0.937500
vt 0.390625 0.000000
vt 0.375000 0.437500
vt 0.375000 0.875000
vt 0.375000 0.375000
vt 0.375000 0.812500
vt 0.375000 0.312500
vt 0.375000 0.750000
vt 0.343750 0.937500
vt 0.343750 0.875000
vt 0.343750 0.437500
vt 0.343750 0.375000
vt 0.343750 0.812500
vt 0.343750 0.312500
vt 0.343750 0.750000
vt 0.343750 0.250000
vt 0.343750 0.687500
vt 0.343750 0.187500
vt 0.343750 0.625000
vt 0.343750 0.125000
vt 0.343750 0.562500
vt 0.343750 0.062500
vt 0.343750 0.500000
vt 0.359375 1.000000
vt 0.359375 0.000000
vt 0.312500 0.687500
vt 0.312500 0.625000
vt 0.312500 0.187500
vt 0.312500 0.125000
vt 0.312500 0.562500
vt 0.312500 0.062500
vt 0.312500 0.500000
vt 0.328125 1.000000
vt 0.312500 0.937500
vt 0.328125 0.000000
vt 0.312500 0.437500
vt 0.312500 0.875000
vt 0.312500 0.375000
vt 0.312500 0.812500
vt 0.312500 0.312500
vt 0.312500 0.750000
vt 0.312500 0.250000
vt 0.281250 0.437500
vt 0.281250 0.375000
vt 0.281250 0.875000
vt 0.281250 0.812500
vt 0.281250 0.312500
vt 0.281250 0.750000
vt 0.281250 0.250000
vt 0.281250 0.687500
vt 0.281250 0.187500
vt 0.281250 0.625000
vt 0.281250 0.125000
vt 0.281250 0.562500
vt 0.281250 0.062500
vt 0.281250 0.500000
vt 0.296875 1.000000
vt 0.281250 0.937500
vt 0.296875 0.000000
vt 0.250000 0.187500
vt 0.250000 0.125000
vt 0.250000 0.625000
vt 0.250000 0.562500
vt 0.250000 0.062500
vt 0.250000 0.500000
vt 0.265625 1.000000
vt 0.250000 0.937500
vt 0.265625 0.000000
vt 0.250000 0.437500
vt 0.250000 0.875000
vt 0.250000 0.375000
vt 0.250000 0.812500
vt 0.250000 0.312500
vt 0.250000 0.750000
vt 0.250000 0.250000
vt 0.250000 0.687500
vt 0.218750 0.875000
vt 0.218750 0.812500
vt 0.218750 0.375000
vt 0.218750 0.312500
vt 0.218750 0.750000
vt 0.218750 0.250000
vt 0.218750 0.687500
vt 0.218750 0.187500
vt 0.218750 0.625000
vt 0.218750 0.125000
vt 0.218750 0.562500
vt 0.218750 0.062500
vt 0.218750 0.500000
vt 0.234375 1.000000
vt 0.218750 0.937500
vt 0.234375 0.000000
vt 0.218750 0.437500
vt 0.187500 0.625000
vt 0.187500 0.562500
vt 0.187500 0.125000
vt 0.187500 0.062500
vt 0.187500 0.500000
vt 0.203125 1.000000
vt 0.187500 0.937500
vt 0.203125 0.000000
vt 0.187500 0.437500
vt 0.187500 0.875000
vt 0.187500 0.375000
vt 0.187500 0.812500
vt 0.187500 0.312500
vt 0.187500 0.750000
vt 0.187500 0.250000
vt 0.187500 0.687500
vt 0.187500 0.187500
vt 0.156250 0.375000
vt 0.156250 0.312500
vt 0.156250 0.812500
vt 0.156250 0.750000
vt 0.156250 0.250000
vt 0.156250 0.687500
vt 0.156250 0.187500
vt 0.156250 0.625000
vt 0.156250 0.125000
vt 0.156250 0.562500
vt 0.156250 0.062500
vt 0.156250 0.500000
vt 0.171875 1.000000
vt 0.156250 0.937500
vt 0.171875 0.000000
vt 0.156250 0.437500
vt 0.156250 0.875000
vt 0.125000 0.125000
vt 0.125000 0.062500
vt 0.125000 0.562500
vt 0.125000 0.500000
vt 0.140625 1.000000
vt 0.125000 0.937500
vt 0.140625 0.000000
vt 0.125000 0.437500
vt 0.125000 0.875000
vt 0.125000 0.375000
vt 0.125000 0.812500
vt 0.125000 0.312500
vt 0.125000 0.750000
vt 0.125000 0.250000
vt 0.125000 0.687500
vt 0.125000 0.187500
vt 0.125000 0.625000
vt 0.093750 0.312500
vt 0.093750 0.250000
vt 0.093750 0.750000
vt 0.093750 0.687500
vt 0.093750 0.187500
vt 0.093750 0.625000
vt 0.093750 0.125000
vt 0.093750 0.562500
vt 0.093750 0.062500
vt 0.093750 0.500000
vt 0.109375 1.000000
vt 0.093750 0.937500
vt 0.109375 0.000000
vt 0.093750 0.437500
vt 0.093750 0.875000
vt 0.093750 0.375000
vt 0.093750 0.812500
vt 0.078125 1.000000
vt 0.062500 0.937500
vt 0.078125 0.000000
vt 0.062500 0.062500
vt 0.062500 0.500000
vt 0.062500 0.437500
vt 0.062500 0.875000
vt 0.062500 0.375000
vt 0.062500 0.812500
vt 0.062500 0.312500
vt 0.062500 0.750000
vt 0.062500 0.250000
vt 0.062500 0.687500
vt 0.062500 0.187500
vt 0.062500 0.625000
vt 0.062500 0.125000
vt 0.062500 0.562500
vt 0.031250 0.750000
vt 0.031250 0.687500
vt 0.031250 0.250000
vt 0.031250 0.187500
vt 0.031250 0.625000
vt 0.031250 0.125000
vt 0.031250 0.562500
vt 0.031250 0.062500
vt 0.031250 0.500000
vt 0.046875 1.000000
vt 0.031250 0.937500
vt 0.046875 0.000000
vt 0.031250 0.437500
vt 0.031250 0.875000
vt 0.031250 0.375000
vt 0.031250 0.812500
vt 0.031250 0.312500
vt 0.000000 0.500000
vt 0.000000 0.437500
vt 0.000000 0.937500
vt 0.000000 0.875000
vt 0.000000 0.375000
vt 0.000000 0.812500
vt 0.000000 0.312500
vt 0.000000 0.750000
vt 0.000000 0.250000
vt 0.000000 0.687500
vt 0.000000 0.187500
vt 0.000000 0.625000
vt 0.000000 0.125000
vt 0.000000 0.562500
vt 0.000000 0.062500
vt 0.015625 1.000000
vt 0.015625 0.000000
vt 1.000000 0.187500
vt 1.000000 0.250000
vt 0.968750 0.250000
vt 0.968750 0.187500
vt 1.000000 0.625000
vt 1.000000 0.687500
vt 0.968750 0.687500
vt 0.968750 0.625000
vt 1.000000 0.125000
vt 0.968750 0.125000
vt 1.000000 0.562500
vt 0.968750 0.562500
vt 1.000000 0.062500
vt 0.968750 0.062500
vt 1.000000 0.500000
vt 0.968750 0.500000
vt 1.000000 0.937500
vt 0.984375 1.000000
vt 0.968750 0.937500
vt 0.984375 0.000000
vt 1.000000 0.437500
vt 0.968750 0.437500
vt 1.000000 0.875000
vt 0.968750 0.875000
vt 1.000000 0.375000
vt 0.968750 0.375000
vt 1.000000 0.812500
vt 0.968750 0.812500
vt 1.000000 0.312500
vt 0.968750 0.312500
vt 1.000000 0.750000
vt 0.968750 0.750000
vt 0.937500 0.937500
vt 0.937500 0.875000
vt 0.937500 0.437500
vt 0.937500 0.375000
vt 0.937500 0.812500
vt 0.937500 0.312500
vt 0.937500 0.750000
vt 0.937500 0.250000
vt 0.937500 0.687500
vt 0.937500 0.187500
vt 0.937500 0.625000
vt 0.937500 0.125000
vt 0.937500 0.562500
vt 0.937500 0.062500
vt 0.937500 0.500000
vt 0.953125 1.000000
vt 0.953125 0.000000
vt 0.906250 0.687500
vt 0.906250 0.625000
vt 0.906250 0.187500
vt 0.906250 0.125000
vt 0.906250 0.562500
vt 0.906250 0.062500
vt 0.906250 0.500000
vt 0.921875 1.000000
vt 0.906250 0.937500
vt 0.921875 0.000000
vt 0.906250 0.437500
vt 0.906250 0.875000
vt 0.906250 0.375000
vt 0.906250 0.812500
vt 0.906250 0.312500
vt 0.906250 0.750000
vt 0.906250 0.250000
vt 0.875000 0.437500
vt 0.875000 0.375000
vt 0.875000 0.875000
vt 0.875000 0.812500
vt 0.875000 0.312500
vt 0.875000 0.750000
vt 0.875000 0.250000
vt 0.875000 0.687500
vt 0.875000 0.187500
vt 0.875000 0.625000
vt 0.875000 0.125000
vt 0.875000 0.562500
vt 0.875000 0.062500
vt 0.875000 0.500000
vt 0.890625 1.000000
vt 0.875000 0.937500
vt 0.890625 0.000000
vt 0.843750 0.187500
vt 0.843750 0.125000
vt 0.843750 0.625000
vt 0.843750 0.562500
vt 0.843750 0.062500
vt 0.843750 0.500000
vt 0.859375 1.000000
vt 0.843750 0.937500
vt 0.859375 0.000000
vt 0.843750 0.437500
vt 0.843750 0.875000
vt 0.843750 0.375000
vt 0.843750 0.812500
vt 0.843750 0.312500
vt 0.843750 0.750000
vt 0.843750 0.250000
vt 0.843750 0.687500
vt 0.812500 0.375000
vt 0.812500 0.312500
vt 0.812500 0.812500
vt 0.812500 0.750000
vt 0.812500 0.250000
vt 0.812500 0.687500
vt 0.812500 0.187500
vt 0.812500 0.625000
vt 0.812500 0.125000
vt 0.812500 0.562500
vt 0.812500 0.062500
vt 0.812500 0.500000
vt 0.828125 1.000000
vt 0.812500 0.937500
vt 0.828125 0.000000
vt 0.812500 0.437500
vt 0.812500 0.875000
vt 0.781250 0.125000
vt 0.781250 0.062500
vt 0.781250 0.562500
vt 0.781250 0.500000
vt 0.796875 1.000000
vt 0.781250 0.937500
vt 0.796875 0.000000
vt 0.781250 0.437500
vt 0.781250 0.875000
vt 0.781250 0.375000
vt 0.781250 0.812500
vt 0.781250 0.312500
vt 0.781250 0.750000
vt 0.781250 0.250000
vt 0.781250 0.687500
vt 0.781250 0.187500
vt 0.781250 0.625000
vt 0.765625 1.000000
vt 0.765625 0.000000
s 0
f 7/1/1 478/2/1 18/3/1 19/4/1
f 476/5/2 2/6/2 11/7/2 12/8/2
f 479/9/3 7/1/3 19/4/3 20/10/3
f 3/11/4 476/5/4 12/8/4 13/12/4
f 480/13/5 479/9/5 20/10/5 21/14/5
f 477/15/6 3/11/6 13/12/6 14/16/6
f 481/17/7 480/13/7 21/14/7 22/18/7
f 4/19/8 477/15/8 14/16/8 15/20/8
f 482/21/9 481/17/9 22/18/9 23/22/9
f 5/23/10 4/19/10 15/20/10 16/24/10
f 474/25/11 1/26/11 9/27/11
f 8/28/12 482/21/12 23/22/12
f 6/29/13 5/23/13 16/24/13 17/30/13
f 475/31/14 474/25/14 9/27/14 10/32/14
f 478/2/15 6/29/15 17/30/15 18/3/15
f 2/6/16 475/31/16 10/32/16 11/7/16
f 18/3/17 17/30/17 32/33/17 33/34/17
f 11/7/18 10/32/18 25/35/18 26/36/18
f 19/4/19 18/3/19 33/34/19 34/37/19
f 12/8/20 11/7/20 26/36/20 27/38/20
f 20/10/21 19/4/21 34/37/21 35/39/21
f 13/12/22 12/8/22 27/38/22 28/40/22
f 21/14/23 20/10/23 35/39/23 36/41/23
f 14/16/24 13/12/24 28/40/24 29/42/24
f 22/18/25 21/14/25 36/41/25 37/43/25
f 15/20/26 14/16/26 29/42/26 30/44/26
f 23/22/27 22/18/27 37/43/27 38/45/27
f 16/24/28 15/20/28 30/44/28 31/46/28
f 9/27/29 1/47/29 24/48/29
f 8/49/30 23/22/30 38/45/30
f 17/30/31 16/24/31 31/46/31 32/33/31
f 10/32/32 9/27/32 24/48/32 25/35/32
f 37/43/33 36/41/33 51/50/33 52/51/33
f 30/44/34 29/42/34 44/52/34 45/53/34
f 38/45/35 37/43/35 52/51/35 53/54/35
f 31/46/36 30/44/36 45/53/36 46/55/36
f 24/48/37 1/56/37 39/57/37
f 8/58/38 38/45/38 53/54/38
f 32/33/39 31/46/39 46/55/39 47/59/39
f 25/35/40 24/48/40 39/57/40 40/60/40
f 33/34/41 32/33/41 47/59/41 48/61/41
f 26/36/42 25/35/42 40/60/42 41/62/42
f 34/37/43 33/34/43 48/61/43 49/63/43
f 27/38/44 26/36/44 41/62/44 42/64/44
f 35/39/45 34/37/45 49/63/45 50/65/45
f 28/40/46 27/38/46 42/64/46 43/66/46
f 36/41/47 35/39/47 50/65/47 51/50/47
f 29/42/48 28/40/48 43/66/48 44/52/48
f 41/62/49 40/60/49 55/67/49 56/68/49
f 49/63/50 48/61/50 63/69/50 64/70/50
f 42/64/51 41/62/51 56/68/51 57/71/51
f 50/65/52 49/63/52 64/70/52 65/72/52
f 43/66/53 42/64/53 57/71/53 58/73/53
f 51/50/54 50/65/54 65/72/54 66/74/54
f 44/52/55 43/66/55 58/73/55 59/75/55
f 52/51/56 51/50/56 66/74/56 67/76/56
f 45/53/57 44/52/57 59/75/57 60/77/57
f 53/54/58 52/51/58 67/76/58 68/78/58
f 46/55/59 45/53/59 60/77/59 61/79/59
f 39/57/60 1/80/60 54/81/60
f 8/82/61 53/54/61 68/78/61
f 47/59/62 46/55/62 61/79/62 62/83/62
f 40/60/63 39/57/63 54/81/63 55/67/63
f 48/61/64 47/59/64 62/83/64 63/69/64
f 60/77/65 59/75/65 74/84/65 75/85/65
f 68/78/66 67/76/66 82/86/66 83/87/66
f 61/79/67 60/77/67 75/85/67 76/88/67
f 54/81/68 1/89/68 69/90/68
f 8/91/69 68/78/69 83/87/69
f 62/83/70 61/79/70 76/88/70 77/92/70
f 55/67/71 54/81/71 69/90/71 70/93/71
f 63/69/72 62/83/72 77/92/72 78/94/72
f 56/68/73 55/67/73 70/93/73 71/95/73
f 64/70/74 63/69/74 78/94/74 79/96/74
f 57/71/75 56/68/75 71/95/75 72/97/75
f 65/72/76 64/70/76 79/96/76 80/98/76
f 58/73/77 57/71/77 72/97/77 73/99/77
f 66/74/78 65/72/78 80/98/78 81/100/78
f 59/75/79 58/73/79 73/99/79 74/84/79
f 67/76/80 66/74/80 81/100/80 82/86/80
f 79/96/81 78/94/81 93/101/81 94/102/81
f 72/97/82 71/95/82 86/103/82 87/104/82
f 80/98/83 79/96/83 94/102/83 95/105/83
f 73/99/84 72/97/84 87/104/84 88/106/84
f 81/100/85 80/98/85 95/105/85 96/107/85
f 74/84/86 73/99/86 88/106/86 89/108/86
f 82/86/87 81/100/87 96/107/87 97/109/87
f 75/85/88 74/84/88 89/108/88 90/110/88
f 83/87/89 82/86/89 97/109/89 98/111/89
f 76/88/90 75/85/90 90/110/90 91/112/90
f 69/90/91 1/113/91 84/114/91
f 8/115/92 83/87/92 98/111/92
f 77/92/93 76/88/93 91/112/93 92/116/93
f 70/93/94 69/90/94 84/114/94 85/117/94
f 78/94/95 77/92/95 92/116/95 93/101/95
f 71/95/96 70/93/96 85/117/96 86/103/96
f 98/111/97 97/109/97 112/118/97 113/119/97
f 91/112/98 90/110/98 105/120/98 106/121/98
f 84/114/99 1/122/99 99/123/99
f 8/124/100 98/111/100 113/119/100
f 92/116/101 91/112/101 106/121/101 107/125/101
f 85/117/102 84/114/102 99/123/102 100/126/102
f 93/101/103 92/116/103 107/125/103 108/127/103
f 86/103/104 85/117/104 100/126/104 101/128/104
f 94/102/105 93/101/105 108/127/105 109/129/105
f 87/104/106 86/103/106 101/128/106 102/130/106
f 95/105/107 94/102/107 109/129/107 110/131/107
f 88/106/108 87/104/108 102/130/108 103/132/108
f 96/107/109 95/105/109 110/131/109 111/133/109
f 89/108/110 88/106/110 103/132/110 104/134/110
f 97/109/111 96/107/111 111/133/111 112/118/111
f 90/110/112 89/108/112 104/134/112 105/120/112
f 102/130/113 101/128/113 116/135/113 117/136/113
f 110/131/114 109/129/114 124/137/114 125/138/114
f 103/132/115 102/130/115 117/136/115 118/139/115
f 111/133/116 110/131/116 125/138/116 126/140/116
f 104/134/117 103/132/117 118/139/117 119/141/117
f 112/118/118 111/133/118 126/140/118 127/142/118
f 105/120/119 104/134/119 119/141/119 120/143/119
f 113/119/120 112/118/120 127/142/120 128/144/120
f 106/121/121 105/120/121 120/143/121 121/145/121
f 99/123/122 1/146/122 114/147/122
f 8/148/123 113/119/123 128/144/123
f 107/125/124 106/121/124 121/145/124 122/149/124
f 100/126/125 99/123/125 114/147/125 115/150/125
f 108/127/126 107/125/126 122/149/126 123/151/126
f 101/128/127 100/126/127 115/150/127 116/135/127
f 109/129/128 108/127/128 123/151/128 124/137/128
f 121/145/129 120/143/129 135/152/129 136/153/129
f 114/147/130 1/154/130 129/155/130
f 8/156/131 128/144/131 143/157/131
f 122/149/132 121/145/132 136/153/132 137/158/132
f 115/150/133 114/147/133 129/155/133 130/159/133
f 123/151/134 122/149/134 137/158/134 138/160/134
f 116/135/135 115/150/135 130/159/135 131/161/135
f 124/137/136 123/151/136 138/160/136 139/162/136
f 117/136/137 116/135/137 131/161/137 132/163/137
f 125/138/138 124/137/138 139/162/138 140/164/138
f 118/139/139 117/136/139 132/163/139 133/165/139
f 126/140/140 125/138/140 140/164/140 141/166/140
f 119/141/141 118/139/141 133/165/141 134/167/141
f 127/142/142 126/140/142 141/166/142 142/168/142
f 120/143/143 119/141/143 134/167/143 135/152/143
f 128/144/144 127/142/144 142/168/144 143/157/144
f 140/164/145 139/162/145 154/169/145 155/170/145
f 133/165/146 132/163/146 147/171/146 148/172/146
f 141/166/147 140/164/147 155/170/147 156/173/147
f 134/167/148 133/165/148 148/172/148 149/174/148
f 142/168/149 141/166/149 156/173/149 157/175/149
f 135/152/150 134/167/150 149/174/150 150/176/150
f 143/157/151 142/168/151 157/175/151 158/177/151
f 136/153/152 135/152/152 150/176/152 151/178/152
f 129/155/153 1/179/153 144/180/153
f 8/181/154 143/157/154 158/177/154
f 137/158/155 136/153/155 151/178/155 152/182/155
f 130/159/156 129/155/156 144/180/156 145/183/156
f 138/160/157 137/158/157 152/182/157 153/184/157
f 131/161/158 130/159/158 145/183/158 146/185/158
f 139/162/159 138/160/159 153/184/159 154/169/159
f 132/163/160 131/161/160 146/185/160 147/171/160
f 8/186/161 158/177/161 173/187/161
f 152/182/162 151/178/162 166/188/162 167/189/162
f 145/183/163 144/180/163 159/190/163 160/191/163
f 153/184/164 152/182/164 167/189/164 168/192/164
f 146/185/165 145/183/165 160/191/165 161/193/165
f 154/169/166 153/184/166 168/192/166 169/194/166
f 147/171/167 146/185/167 161/193/167 162/195/167
f 155/170/168 154/169/168 169/194/168 170/196/168
f 148/172/169 147/171/169 162/195/169 163/197/169
f 156/173/170 155/170/170 170/196/170 171/198/170
f 149/174/171 148/172/171 163/197/171 164/199/171
f 157/175/172 156/173/172 171/198/172 172/200/172
f 150/176/173 149/174/173 164/199/173 165/201/173
f 158/177/174 157/175/174 172/200/174 173/187/174
f 151/178/175 150/176/175 165/201/175 166/188/175
f 144/180/176 1/202/176 159/190/176
f 171/198/177 170/196/177 185/203/177 186/204/177
f 164/199/178 163/197/178 178/205/178 179/206/178
f 172/200/179 171/198/179 186/204/179 187/207/179
f 165/201/180 164/199/180 179/206/180 180/208/180
f 173/187/181 172/200/181 187/207/181 188/209/181
f 166/188/182 165/201/182 180/208/182 181/210/182
f 159/190/183 1/211/183 174/212/183
f 8/213/184 173/187/184 188/209/184
f 167/189/185 166/188/185 181/210/185 182/214/185
f 160/191/186 159/190/186 174/212/186 175/215/186
f 168/192/187 167/189/187 182/214/187 183/216/187
f 161/193/188 160/191/188 175/215/188 176/217/188
f 169/194/189 168/192/189 183/216/189 184/218/189
f 162/195/190 161/193/190 176/217/190 177/219/190
f 170/196/191 169/194/191 184/218/191 185/203/191
f 163/197/192 162/195/192 177/219/192 178/205/192
f 175/215/193 174/212/193 189/220/193 190/221/193
f 183/216/194 182/214/194 197/222/194 198/223/194
f 176/217/195 175/215/195 190/221/195 191/224/195
f 184/218/196 183/216/196 198/223/196 199/225/196
f 177/219/197 176/217/197 191/224/197 192/226/197
f 185/203/198 184/218/198 199/225/198 200/227/198
f 178/205/199 177/219/199 192/226/199 193/228/199
f 186/204/200 185/203/200 200/227/200 201/229/200
f 179/206/201 178/205/201 193/228/201 194/230/201
f 187/207/202 186/204/202 201/229/202 202/231/202
f 180/208/203 179/206/203 194/230/203 195/232/203
f 188/209/204 187/207/204 202/231/204 203/233/204
f 181/210/205 180/208/205 195/232/205 196/234/205
f 174/212/206 1/235/206 189/220/206
f 8/236/207 188/209/207 203/233/207
f 182/214/208 181/210/208 196/234/208 197/222/208
f 194/230/209 193/228/209 208/237/209 209/238/209
f 202/231/210 201/229/210 216/239/210 217/240/210
f 195/232/211 194/230/211 209/238/211 210/241/211
f 203/233/212 202/231/212 217/240/212 218/242/212
f 196/234/213 195/232/213 210/241/213 211/243/213
f 189/220/214 1/244/214 204/245/214
f 8/246/215 203/233/215 218/242/215
f 197/222/216 196/234/216 211/243/216 212/247/216
f 190/221/217 189/220/217 204/245/217 205/248/217
f 198/223/218 197/222/218 212/247/218 213/249/218
f 191/224/219 190/221/219 205/248/219 206/250/219
f 199/225/220 198/223/220 213/249/220 214/251/220
f 192/226/221 191/224/221 206/250/221 207/252/221
f 200/227/222 199/225/222 214/251/222 215/253/222
f 193/228/223 192/226/223 207/252/223 208/237/223
f 201/229/224 200/227/224 215/253/224 216/239/224
f 213/249/225 212/247/225 227/254/225 228/255/225
f 206/250/226 205/248/226 220/256/226 221/257/226
f 214/251/227 213/249/227 228/255/227 229/258/227
f 207/252/228 206/250/228 221/257/228 222/259/228
f 215/253/229 214/251/229 229/258/229 230/260/229
f 208/237/230 207/252/230 222/259/230 223/261/230
f 216/239/231 215/253/231 230/260/231 231/262/231
f 209/238/232 208/237/232 223/261/232 224/263/232
f 217/240/233 216/239/233 231/262/233 232/264/233
f 210/241/234 209/238/234 224/263/234 225/265/234
f 218/242/235 217/240/235 232/264/235 233/266/235
f 211/243/236 210/241/236 225/265/236 226/267/236
f 204/245/237 1/268/237 219/269/237
f 8/270/238 218/242/238 233/266/238
f 212/247/239 211/243/239 226/267/239 227/254/239
f 205/248/240 204/245/240 219/269/240 220/256/240
f 232/264/241 231/262/241 246/271/241 247/272/241
f 225/265/242 224/263/242 239/273/242 240/274/242
f 233/266/243 232/264/243 247/272/243 248/275/243
f 226/267/244 225/265/244 240/274/244 241/276/244
f 219/269/245 1/277/245 234/278/245
f 8/279/246 233/266/246 248/275/246
f 227/254/247 226/267/247 241/276/247 242/280/247
f 220/256/248 219/269/248 234/278/248 235/281/248
f 228/255/249 227/254/249 242/280/249 243/282/249
f 221/257/250 220/256/250 235/281/250 236/283/250
f 229/258/251 228/255/251 243/282/251 244/284/251
f 222/259/252 221/257/252 236/283/252 237/285/252
f 230/260/253 229/258/253 244/284/253 245/286/253
f 223/261/254 222/259/254 237/285/254 238/287/254
f 231/262/255 230/260/255 245/286/255 246/271/255
f 224/263/256 223/261/256 238/287/256 239/273/256
f 236/283/257 235/281/257 250/288/257 251/289/257
f 244/284/258 243/282/258 258/290/258 259/291/258
f 237/285/259 236/283/259 251/289/259 252/292/259
f 245/286/260 244/284/260 259/291/260 260/293/260
f 238/287/261 237/285/261 252/292/261 253/294/261
f 246/271/262 245/286/262 260/293/262 261/295/262
f 239/273/263 238/287/263 253/294/263 254/296/263
f 247/272/264 246/271/264 261/295/264 262/297/264
f 240/274/265 239/273/265 254/296/265 255/298/265
f 248/275/266 247/272/266 262/297/266 263/299/266
f 241/276/267 240/274/267 255/298/267 256/300/267
f 234/278/268 1/301/268 249/302/268
f 8/303/269 248/275/269 263/299/269
f 242/280/270 241/276/270 256/300/270 257/304/270
f 235/281/271 234/278/271 249/302/271 250/288/271
f 243/282/272 242/280/272 257/304/272 258/290/272
f 255/298/273 254/296/273 269/305/273 270/306/273
f 263/299/274 262/297/274 277/307/274 278/308/274
f 256/300/275 255/298/275 270/306/275 271/309/275
f 249/302/276 1/310/276 264/311/276
f 8/312/277 263/299/277 278/308/277
f 257/304/278 256/300/278 271/309/278 272/313/278
f 250/288/279 249/302/279 264/311/279 265/314/279
f 258/290/280 257/304/280 272/313/280 273/315/280
f 251/289/281 250/288/281 265/314/281 266/316/281
f 259/291/282 258/290/282 273/315/282 274/317/282
f 252/292/283 251/289/283 266/316/283 267/318/283
f 260/293/284 259/291/284 274/317/284 275/319/284
f 253/294/285 252/292/285 267/318/285 268/320/285
f 261/295/286 260/293/286 275/319/286 276/321/286
f 254/296/287 253/294/287 268/320/287 269/305/287
f 262/297/288 261/295/288 276/321/288 277/307/288
f 274/317/289 273/315/289 288/322/289 289/323/289
f 267/318/290 266/316/290 281/324/290 282/325/290
f 275/319/291 274/317/291 289/323/291 290/326/291
f 268/320/292 267/318/292 282/325/292 283/327/292
f 276/321/293 275/319/293 290/326/293 291/328/293
f 269/305/294 268/320/294 283/327/294 284/329/294
f 277/307/295 276/321/295 291/328/295 292/330/295
f 270/306/296 269/305/296 284/329/296 285/331/296
f 278/308/297 277/307/297 292/330/297 293/332/297
f 271/309/298 270/306/298 285/331/298 286/333/298
f 264/311/299 1/334/299 279/335/299
f 8/336/300 278/308/300 293/332/300
f 272/313/301 271/309/301 286/333/301 287/337/301
f 265/314/302 264/311/302 279/335/302 280/338/302
f 273/315/303 272/313/303 287/337/303 288/322/303
f 266/316/304 265/314/304 280/338/304 281/324/304
f 293/332/305 292/330/305 307/339/305 308/340/305
f 286/333/306 285/331/306 300/341/306 301/342/306
f 279/335/307 1/343/307 294/344/307
f 8/345/308 293/332/308 308/340/308
f 287/337/309 286/333/309 301/342/309 302/346/309
f 280/338/310 279/335/310 294/344/310 295/347/310
f 288/322/311 287/337/311 302/346/311 303/348/311
f 281/324/312 280/338/312 295/347/312 296/349/312
f 289/323/313 288/322/313 303/348/313 304/350/313
f 282/325/314 281/324/314 296/349/314 297/351/314
f 290/326/315 289/323/315 304/350/315 305/352/315
f 283/327/316 282/325/316 297/351/316 298/353/316
f 291/328/317 290/326/317 305/352/317 306/354/317
f 284/329/318 283/327/318 298/353/318 299/355/318
f 292/330/319 291/328/319 306/354/319 307/339/319
f 285/331/320 284/329/320 299/355/320 300/341/320
f 305/352/321 304/350/321 319/356/321 320/357/321
f 298/353/322 297/351/322 312/358/322 313/359/322
f 306/354/323 305/352/323 320/357/323 321/360/323
f 299/355/324 298/353/324 313/359/324 314/361/324
f 307/339/325 306/354/325 321/360/325 322/362/325
f 300/341/326 299/355/326 314/361/326 315/363/326
f 308/340/327 307/339/327 322/362/327 323/364/327
f 301/342/328 300/341/328 315/363/328 316/365/328
f 294/344/329 1/366/329 309/367/329
f 8/368/330 308/340/330 323/364/330
f 302/346/331 301/342/331 316/365/331 317/369/331
f 295/347/332 294/344/332 309/367/332 310/370/332
f 303/348/333 302/346/333 317/369/333 318/371/333
f 296/349/334 295/347/334 310/370/334 311/372/334
f 304/350/335 303/348/335 318/371/335 319/356/335
f 297/351/336 296/349/336 311/372/336 312/358/336
f 309/367/337 1/373/337 324/374/337
f 8/375/338 323/364/338 338/376/338
f 317/369/339 316/365/339 331/377/339 332/378/339
f 310/370/340 309/367/340 324/374/340 325/379/340
f 318/371/341 317/369/341 332/378/341 333/380/341
f 311/372/342 310/370/342 325/379/342 326/381/342
f 319/356/343 318/371/343 333/380/343 334/382/343
f 312/358/344 311/372/344 326/381/344 327/383/344
f 320/357/345 319/356/345 334/382/345 335/384/345
f 313/359/346 312/358/346 327/383/346 328/385/346
f 321/360/347 320/357/347 335/384/347 336/386/347
f 314/361/348 313/359/348 328/385/348 329/387/348
f 322/362/349 321/360/349 336/386/349 337/388/349
f 315/363/350 314/361/350 329/387/350 330/389/350
f 323/364/351 322/362/351 337/388/351 338/376/351
f 316/365/352 315/363/352 330/389/352 331/377/352
f 328/385/353 327/383/353 342/390/353 343/391/353
f 336/386/354 335/384/354 350/392/354 351/393/354
f 329/387/355 328/385/355 343/391/355 344/394/355
f 337/388/356 336/386/356 351/393/356 352/395/356
f 330/389/357 329/387/357 344/394/357 345/396/357
f 338/376/358 337/388/358 352/395/358 353/397/358
f 331/377/359 330/389/359 345/396/359 346/398/359
f 324/374/360 1/399/360 339/400/360
f 8/401/361 338/376/361 353/397/361
f 332/378/362 331/377/362 346/398/362 347/402/362
f 325/379/363 324/374/363 339/400/363 340/403/363
f 333/380/364 332/378/364 347/402/364 348/404/364
f 326/381/365 325/379/365 340/403/365 341/405/365
f 334/382/366 333/380/366 348/404/366 349/406/366
f 327/383/367 326/381/367 341/405/367 342/390/367
f 335/384/368 334/382/368 349/406/368 350/392/368
f 347/402/369 346/398/369 361/407/369 362/408/369
f 340/403/370 339/400/370 354/409/370 355/410/370
f 348/404/371 347/402/371 362/408/371 363/411/371
f 341/405/372 340/403/372 355/410/372 356/412/372
f 349/406/373 348/404/373 363/411/373 364/413/373
f 342/390/374 341/405/374 356/412/374 357/414/374
f 350/392/375 349/406/375 364/413/375 365/415/375
f 343/391/376 342/390/376 357/414/376 358/416/376
f 351/393/377 350/392/377 365/415/377 366/417/377
f 344/394/378 343/391/378 358/416/378 359/418/378
f 352/395/379 351/393/379 366/417/379 367/419/379
f 345/396/380 344/394/380 359/418/380 360/420/380
f 353/397/381 352/395/381 367/419/381 368/421/381
f 346/398/382 345/396/382 360/420/382 361/407/382
f 339/400/383 1/422/383 354/409/383
f 8/423/384 353/397/384 368/421/384
f 366/424/385 365/425/385 380/426/385 381/427/385
f 359/428/386 358/429/386 373/430/386 374/431/386
f 367/432/387 366/424/387 381/427/387 382/433/387
f 360/434/388 359/428/388 374/431/388 375/435/388
f 368/436/389 367/432/389 382/433/389 383/437/389
f 361/438/390 360/434/390 375/435/390 376/439/390
f 354/440/391 1/441/391 369/442/391
f 8/443/392 368/436/392 383/437/392
f 362/444/393 361/438/393 376/439/393 377/445/393
f 355/446/394 354/440/394 369/442/394 370/447/394
f 363/448/395 362/444/395 377/445/395 378/449/395
f 356/450/396 355/446/396 370/447/396 371/451/396
f 364/452/397 363/448/397 378/449/397 379/453/397
f 357/454/398 356/450/398 371/451/398 372/455/398
f 365/425/399 364/452/399 379/453/399 380/426/399
f 358/429/400 357/454/400 372/455/400 373/430/400
f 370/447/401 369/442/401 384/456/401 385/457/401
f 378/449/402 377/445/402 392/458/402 393/459/402
f 371/451/403 370/447/403 385/457/403 386/460/403
f 379/453/404 378/449/404 393/459/404 394/461/404
f 372/455/405 371/451/405 386/460/405 387/462/405
f 380/426/406 379/453/406 394/461/406 395/463/406
f 373/430/407 372/455/407 387/462/407 388/464/407
f 381/427/408 380/426/408 395/463/408 396/465/408
f 374/431/409 373/430/409 388/464/409 389/466/409
f 382/433/410 381/427/410 396/465/410 397/467/410
f 375/435/411 374/431/411 389/466/411 390/468/411
f 383/437/412 382/433/412 397/467/412 398/469/412
f 376/439/413 375/435/413 390/468/413 391/470/413
f 369/442/414 1/471/414 384/456/414
f 8/472/415 383/437/415 398/469/415
f 377/445/416 376/439/416 391/470/416 392/458/416
f 389/466/417 388/464/417 403/473/417 404/474/417
f 397/467/418 396/465/418 411/475/418 412/476/418
f 390/468/419 389/466/419 404/474/419 405/477/419
f 398/469/420 397/467/420 412/476/420 413/478/420
f 391/470/421 390/468/421 405/477/421 406/479/421
f 384/456/422 1/480/422 399/481/422
f 8/482/423 398/469/423 413/478/423
f 392/458/424 391/470/424 406/479/424 407/483/424
f 385/457/425 384/456/425 399/481/425 400/484/425
f 393/459/426 392/458/426 407/483/426 408/485/426
f 386/460/427 385/457/427 400/484/427 401/486/427
f 394/461/428 393/459/428 408/485/428 409/487/428
f 387/462/429 386/460/429 401/486/429 402/488/429
f 395/463/430 394/461/430 409/487/430 410/489/430
f 388/464/431 387/462/431 402/488/431 403/473/431
f 396/465/432 395/463/432 410/489/432 411/475/432
f 408/485/433 407/483/433 422/490/433 423/491/433
f 401/486/434 400/484/434 415/492/434 416/493/434
f 409/487/435 408/485/435 423/491/435 424/494/435
f 402/488/436 401/486/436 416/493/436 417/495/436
f 410/489/437 409/487/437 424/494/437 425/496/437
f 403/473/438 402/488/438 417/495/438 418/497/438
f 411/475/439 410/489/439 425/496/439 426/498/439
f 404/474/440 403/473/440 418/497/440 419/499/440
f 412/476/441 411/475/441 426/498/441 427/500/441
f 405/477/442 404/474/442 419/499/442 420/501/442
f 413/478/443 412/476/443 427/500/443 428/502/443
f 406/479/444 405/477/444 420/501/444 421/503/444
f 399/481/445 1/504/445 414/505/445
f 8/506/446 413/478/446 428/502/446
f 407/483/447 406/479/447 421/503/447 422/490/447
f 400/484/448 399/481/448 414/505/448 415/492/448
f 427/500/449 426/498/449 441/507/449 442/508/449
f 420/501/450 419/499/450 434/509/450 435/510/450
f 428/502/451 427/500/451 442/508/451 443/511/451
f 421/503/452 420/501/452 435/510/452 436/512/452
f 414/505/453 1/513/453 429/514/453
f 8/515/454 428/502/454 443/511/454
f 422/490/455 421/503/455 436/512/455 437/516/455
f 415/492/456 414/505/456 429/514/456 430/517/456
f 423/491/457 422/490/457 437/516/457 438/518/457
f 416/493/458 415/492/458 430/517/458 431/519/458
f 424/494/459 423/491/459 438/518/459 439/520/459
f 417/495/460 416/493/460 431/519/460 432/521/460
f 425/496/461 424/494/461 439/520/461 440/522/461
f 418/497/462 417/495/462 432/521/462 433/523/462
f 426/498/463 425/496/463 440/522/463 441/507/463
f 419/499/464 418/497/464 433/523/464 434/509/464
f 439/520/465 438/518/465 453/524/465 454/525/465
f 432/521/466 431/519/466 446/526/466 447/527/466
f 440/522/467 439/520/467 454/525/467 455/528/467
f 433/523/468 432/521/468 447/527/468 448/529/468
f 441/507/469 440/522/469 455/528/469 456/530/469
f 434/509/470 433/523/470 448/529/470 449/531/470
f 442/508/471 441/507/471 456/530/471 457/532/471
f 435/510/472 434/509/472 449/531/472 450/533/472
f 443/511/473 442/508/473 457/532/473 458/534/473
f 436/512/474 435/510/474 450/533/474 451/535/474
f 429/514/475 1/536/475 444/537/475
f 8/538/476 443/511/476 458/534/476
f 437/516/477 436/512/477 451/535/477 452/539/477
f 430/517/478 429/514/478 444/537/478 445/540/478
f 438/518/479 437/516/479 452/539/479 453/524/479
f 431/519/480 430/517/480 445/540/480 446/526/480
f 458/534/481 457/532/481 472/541/481 473/542/481
f 451/535/482 450/533/482 465/543/482 466/544/482
f 444/537/483 1/545/483 459/546/483
f 8/547/484 458/534/484 473/542/484
f 452/539/485 451/535/485 466/544/485 467/548/485
f 445/540/486 444/537/486 459/546/486 460/549/486
f 453/524/487 452/539/487 467/548/487 468/550/487
f 446/526/488 445/540/488 460/549/488 461/551/488
f 454/525/489 453/524/489 468/550/489 469/552/489
f 447/527/490 446/526/490 461/551/490 462/553/490
f 455/528/491 454/525/491 469/552/491 470/554/491
f 448/529/492 447/527/492 462/553/492 463/555/492
f 456/530/493 455/528/493 470/554/493 471/556/493
f 449/531/494 448/529/494 463/555/494 464/557/494
f 457/532/495 456/530/495 471/556/495 472/541/495
f 450/533/496 449/531/496 464/557/496 465/543/496
f 462/553/497 461/551/497 2/6/497 476/5/497
f 470/554/498 469/552/498 7/1/498 479/9/498
f 463/555/499 462/553/499 476/5/499 3/11/499
f 471/556/500 470/554/500 479/9/500 480/13/500
f 464/557/501 463/555/501 3/11/501 477/15/501
f 472/541/502 471/556/502 480/13/502 481/17/502
f 465/543/503 464/557/503 477/15/503 4/19/503
f 473/542/504 472/541/504 481/17/504 482/21/504
f 466/544/505 465/543/505 4/19/505 5/23/505
f 459/546/506 1/558/506 474/25/506
f 8/559/507 473/542/507 482/21/507
f 467/548/508 466/544/508 5/23/508 6/29/508
f 460/549/509 459/546/509 474/25/509 475/31/509
f 468/550/510 467/548/510 6/29/510 478/2/510
f 461/551/511 460/549/511 475/31/511 2/6/511
f 469/552/512 468/550/512 478/2/512 7/1/512
o Sphere.001
v 0.000000 2.740379 0.000000
v 0.000000 2.571848 -0.555570
v 0.000000 2.295949 -0.831470
v 0.000000 1.935469 -0.980785
v 0.000000 1.740379 -1.000000
v 0.000000 1.545288 -0.980785
v 0.000000 1.184808 -0.831470
v 0.000000 0.740379 0.000000
v 0.038060 2.721164 -0.191342
v 0.074658 2.664258 -0.375330
v 0.108386 2.571848 -0.544895
v 0.137950 2.447485 -0.693520
v 0.162212 2.295949 -0.815493
v 0.180240 2.123062 -0.906127
v 0.191342 1.935469 -0.961940
v 0.195090 1.740379 -0.980785
v 0.191342 1.545288 -0.961940
v 0.180240 1.357695 -0.906127
v 0.162212 1.184808 -0.815493
v 0.137950 1.033272 -0.693520
v 0.108386 0.908909 -0.544895
v 0.074658 0.816499 -0.375330
v 0.038060 0.759593 -0.191342
v 0.074658 2.721164 -0.180240
v 0.146447 2.664258 -0.353553
v 0.212608 2.571848 -0.513280
v 0.270598 2.447485 -0.653281
v 0.318190 2.295949 -0.768178
v 0.353553 2.123062 -0.853553
v 0.375330 1.935469 -0.906127
v 0.382683 1.740379 -0.923879
v 0.375330 1.545288 -0.906127
v 0.353553 1.357695 -0.853553
v 0.318190 1.184808 -0.768178
v 0.270598 1.033272 -0.653281
v 0.212608 0.908909 -0.513280
v 0.146447 0.816499 -0.353553
v 0.074658 0.759593 -0.180240
v 0.108386 2.721164 -0.162212
v 0.212608 2.664258 -0.318190
v 0.308658 2.571848 -0.461940
v 0.392847 2.447485 -0.587938
v 0.461940 2.295949 -0.691342
v 0.513280 2.123062 -0.768178
v 0.544895 1.935469 -0.815493
v 0.555570 1.740379 -0.831469
v 0.544895 1.545288 -0.815493
v 0.513280 1.357695 -0.768178
v 0.461940 1.184808 -0.691342
v 0.392847 1.033272 -0.587938
v 0.308658 0.908909 -0.461940
v 0.212608 0.816499 -0.318190
v 0.108386 0.759593 -0.162212
v 0.137950 2.721164 -0.137950
v 0.270598 2.664258 -0.270598
v 0.392847 2.571848 -0.392847
v 0.500000 2.447485 -0.500000
v 0.587938 2.295949 -0.587938
v 0.653281 2.123062 -0.653281
v 0.693520 1.935469 -0.693520
v 0.707107 1.740379 -0.707107
v 0.693520 1.545288 -0.693520
v 0.653281 1.357695 -0.653281
v 0.587938 1.184808 -0.587938
v 0.500000 1.033272 -0.500000
v 0.392847 0.908909 -0.392847
v 0.270598 0.816499 -0.270598
v 0.137950 0.759593 -0.137950
v 0.162212 2.721164 -0.108386
v 0.318190 2.664258 -0.212608
v 0.461940 2.571848 -0.308658
v 0.587938 2.447485 -0.392847
v 0.691342 2.295949 -0.461940
v 0.768178 2.123062 -0.513280
v 0.815493 1.935469 -0.544895
v 0.831470 1.740379 -0.555570
v 0.815493 1.545288 -0.544895
v 0.768178 1.357695 -0.513280
v 0.691342 1.184808 -0.461940
v 0.587938 1.033272 -0.392847
v 0.461940 0.908909 -0.308658
v 0.318190 0.816499 -0.212608
v 0.162212 0.759593 -0.108386
v 0.180240 2.721164 -0.074658
v 0.353553 2.664258 -0.146447
v 0.513280 2.571848 -0.212607
v 0.653281 2.447485 -0.270598
v 0.768178 2.295949 -0.318190
v 0.853553 2.123062 -0.353553
v 0.906127 1.935469 -0.375330
v 0.923879 1.740379 -0.382683
v 0.906127 1.545288 -0.375330
v 0.853553 1.357695 -0.353553
v 0.768178 1.184808 -0.318190
v 0.653281 1.033272 -0.270598
v 0.513280 0.908909 -0.212607
v 0.353553 0.816499 -0.146447
v 0.180240 0.759593 -0.074658
v 0.191342 2.721164 -0.038060
v 0.375330 2.664258 -0.074658
v 0.544895 2.571848 -0.108386
v 0.693520 2.447485 -0.137950
v 0.815493 2.295949 -0.162212
v 0.906127 2.123062 -0.180240
v 0.961940 1.935469 -0.191342
v 0.980785 1.740379 -0.195090
v 0.961940 1.545288 -0.191342
v 0.906127 1.357695 -0.180240
v 0.815493 1.184808 -0.162212
v 0.693520 1.033272 -0.137950
v 0.544895 0.908909 -0.108386
v 0.375330 0.816499 -0.074658
v 0.191342 0.759593 -0.038060
v 0.195090 2.721164 0.000000
v 0.382683 2.664258 0.000000
v 0.555570 2.571848 0.000000
v 0.707107 2.447485 -0.000000
v 0.831469 2.295949 0.000000
v 0.923879 2.123062 -0.000000
v 0.980785 1.935469 0.000000
v 1.000000 1.740379 0.000000
v 0.980785 1.545288 0.000000
v 0.923879 1.357695 -0.000000
v 0.831469 1.184808 0.000000
v 0.707107 1.033272 -0.000000
v 0.555570 0.908909 0.000000
v 0.382683 0.816499 0.000000
v 0.195090 0.759593 0.000000
v 0.191342 2.721164 0.038060
v 0.375330 2.664258 0.074658
v 0.544895 2.571848 0.108386
v 0.693520 2.447485 0.137950
v 0.815493 2.295949 0.162212
v 0.906127 2.123062 0.180240
v 0.961940 1.935469 0.191342
v 0.980785 1.740379 0.195090
v 0.961940 1.545288 0.191342
v 0.906127 1.357695 0.180240
v 0.815493 1.184808 0.162212
v 0.693520 1.033272 0.137950
v 0.544895 0.908909 0.108386
v 0.375330 0.816499 0.074658
v 0.191342 0.759593 0.038060
v 0.180240 2.721164 0.074658
v 0.353553 2.664258 0.146447
v 0.513280 2.571848 0.212608
v 0.653281 2.447485 0.270598
v 0.768178 2.295949 0.318190
v 0.853553 2.123062 0.353553
v 0.906127 1.935469 0.375330
v 0.923879 1.740379 0.382683
v 0.906127 1.545288 0.375330
v 0.853553 1.357695 0.353553
v 0.768178 1.184808 0.318190
v 0.653281 1.033272 0.270598
v 0.513280 0.908909 0.212608
v 0.353553 0.816499 0.146447
v 0.180240 0.759593 0.074658
v 0.162212 2.721164 0.108386
v 0.318190 2.664258 0.212608
v 0.461940 2.571848 0.308658
v 0.587938 2.447485 0.392847
v 0.691341 2.295949 0.461940
v 0.768178 2.123062 0.513280
v 0.815493 1.935469 0.544895
v 0.831469 1.740379 0.555570
v 0.815493 1.545288 0.544895
v 0.768178 1.357695 0.513280
v 0.691341 1.184808 0.461940
v 0.587938 1.033272 0.392847
v 0.461940 0.908909 0.308658
v 0.318190 0.816499 0.212608
v 0.162212 0.759593 0.108386
v 0.137950 2.721164 0.137950
v 0.270598 2.664258 0.270598
v 0.392847 2.571848 0.392847
v 0.500000 2.447485 0.500000
v 0.587938 2.295949 0.587938
v 0.653281 2.123062 0.653281
v 0.693520 1.935469 0.693520
v 0.707106 1.740379 0.707107
v 0.693520 1.545288 0.693520
v 0.653281 1.357695 0.653281
v 0.587938 1.184808 0.587938
v 0.500000 1.033272 0.500000
v 0.392847 0.908909 0.392847
v 0.270598 0.816499 0.270598
v 0.137950 0.759593 0.137950
v 0.108386 2.721164 0.162212
v 0.212607 2.664258 0.318190
v 0.308658 2.571848 0.461940
v 0.392847 2.447485 0.587938
v 0.461940 2.295949 0.691342
v 0.513280 2.123062 0.768178
v 0.544895 1.935469 0.815493
v 0.555570 1.740379 0.831469
v 0.544895 1.545288 0.815493
v 0.513280 1.357695 0.768178
v 0.461940 1.184808 0.691342
v 0.392847 1.033272 0.587938
v 0.308658 0.908909 0.461940
v 0.212607 0.816499 0.318190
v 0.108386 0.759593 0.162212
v 0.074658 2.721164 0.180240
v 0.146447 2.664258 0.353553
v 0.212607 2.571848 0.513280
v 0.270598 2.447485 0.653281
v 0.318189 2.295949 0.768178
v 0.353553 2.123062 0.853553
v 0.375330 1.935469 0.906127
v 0.382683 1.740379 0.923879
v 0.375330 1.545288 0.906127
v 0.353553 1.357695 0.853553
v 0.318189 1.184808 0.768178
v 0.270598 1.033272 0.653281
v 0.212607 0.908909 0.513280
v 0.146447 0.816499 0.353553
v 0.074658 0.759593 0.180240
v 0.038060 2.721164 0.191342
v 0.074658 2.664258 0.375330
v 0.108386 2.571848 0.544895
v 0.137950 2.447485 0.693520
v 0.162212 2.295949 0.815493
v 0.180240 2.123062 0.906127
v 0.191342 1.935469 0.961939
v 0.195090 1.740379 0.980785
v 0.191342 1.545288 0.961939
v 0.180240 1.357695 0.906127
v 0.162212 1.184808 0.815493
v 0.137950 1.033272 0.693520
v 0.108386 0.908909 0.544895
v 0.074658 0.816499 0.375330
v 0.038060 0.759593 0.191342
v -0.000000 2.721164 0.195090
v -0.000000 2.664258 0.382683
v -0.000000 2.571848 0.555570
v -0.000000 2.447485 0.707107
v -0.000000 2.295949 0.831469
v 0.000000 2.123062 0.923879
v -0.000000 1.935469 0.980785
v -0.000000 1.740379 0.999999
v -0.000000 1.545288 0.980785
v 0.000000 1.357695 0.923879
v -0.000000 1.184808 0.831469
v -0.000000 1.033272 0.707107
v -0.000000 0.908909 0.555570
v -0.000000 0.816499 0.382683
v -0.000000 0.759593 0.195090
v -0.038060 2.721164 0.191342
v -0.074658 2.664258 0.375330
v -0.108386 2.571848 0.544895
v -0.137950 2.447485 0.693520
v -0.162212 2.295949 0.815493
v -0.180240 2.123062 0.906127
v -0.191342 1.935469 0.961939
v -0.195091 1.740379 0.980785
v -0.191342 1.545288 0.961939
v -0.180240 1.357695 0.906127
v -0.162212 1.184808 0.815493
v -0.137950 1.033272 0.693520
v -0.108386 0.908909 0.544895
v -0.074658 0.816499 0.375330
v -0.038060 0.759593 0.191342
v -0.074658 2.721164 0.180240
v -0.146447 2.664258 0.353553
v -0.212608 2.571848 0.513280
v -0.270598 2.447485 0.653281
v -0.318190 2.295949 0.768177
v -0.353553 2.123062 0.853553
v -0.375330 1.935469 0.906127
v -0.382683 1.740379 0.923879
v -0.375330 1.545288 0.906127
v -0.353553 1.357695 0.853553
v -0.318190 1.184808 0.768177
v -0.270598 1.033272 0.653281
v -0.212608 0.908909 0.513280
v -0.146447 0.816499 0.353553
v -0.074658 0.759593 0.180240
v -0.108386 2.721164 0.162212
v -0.212608 2.664258 0.318190
v -0.308658 2.571848 0.461939
v -0.392847 2.447485 0.587938
v -0.461940 2.295949 0.691341
v -0.513280 2.123062 0.768178
v -0.544895 1.935469 0.815493
v -0.555570 1.740379 0.831469
v -0.544895 1.545288 0.815493
v -0.513280 1.357695 0.768178
v -0.461940 1.184808 0.691341
v -0.392847 1.033272 0.587938
v -0.308658 0.908909 0.461939
v -0.212608 0.816499 0.318190
v -0.108386 0.759593 0.162212
v -0.137950 2.721164 0.137950
v -0.270598 2.664258 0.270598
v -0.392847 2.571848 0.392847
v -0.500000 2.447485 0.500000
v -0.587938 2.295949 0.587937
v -0.653281 2.123062 0.653281
v -0.693520 1.935469 0.693520
v -0.707106 1.740379 0.707106
v -0.693520 1.545288 0.693520
v -0.653281 1.357695 0.653281
v -0.587938 1.184808 0.587937
v -0.500000 1.033272 0.500000
v -0.392847 0.908909 0.392847
v -0.270598 0.816499 0.270598
v -0.137950 0.759593 0.137950
v -0.162212 2.721164 0.108386
v -0.318190 2.664258 0.212607
v -0.461940 2.571848 0.308658
v -0.587938 2.447485 0.392847
v -0.691341 2.295949 0.461939
v -0.768177 2.123062 0.513280
v -0.815493 1.935469 0.544895
v -0.831469 1.740379 0.555569
v -0.815493 1.545288 0.544895
v -0.768177 1.357695 0.513280
v -0.691341 1.184808 0.461939
v -0.587938 1.033272 0.392847
v -0.461940 0.908909 0.308658
v -0.318190 0.816499 0.212607
v -0.162212 0.759593 0.108386
v -0.180240 2.721164 0.074658
v -0.353553 2.664258 0.146447
v -0.513280 2.571848 0.212607
v -0.653281 2.447485 0.270598
v -0.768177 2.295949 0.318189
v -0.853553 2.123062 0.353553
v -0.906127 1.935469 0.375330
v -0.923879 1.740379 0.382683
v -0.906127 1.545288 0.375330
v -0.853553 1.357695 0.353553
v -0.768177 1.184808 0.318189
v -0.653281 1.033272 0.270598
v -0.513280 0.908909 0.212607
v -0.353553 0.816499 0.146447
v -0.180240 0.759593 0.074658
v -0.191342 2.721164 0.038060
v -0.375330 2.664258 0.074658
v -0.544895 2.571848 0.108386
v -0.693520 2.447485 0.137950
v -0.815493 2.295949 0.162211
v -0.906127 2.123062 0.180240
v -0.961939 1.935469 0.191341
v -0.980784 1.740379 0.195090
v -0.961939 1.545288 0.191341
v -0.906127 1.357695 0.180240
v -0.815493 1.184808 0.162211
v -0.693520 1.033272 0.137950
v -0.544895 0.908909 0.108386
v -0.375330 0.816499 0.074658
v -0.191342 0.759593 0.038060
v -0.195090 2.721164 -0.000000
v -0.382683 2.664258 -0.000000
v -0.555570 2.571848 -0.000000
v -0.707107 2.447485 -0.000000
v -0.831469 2.295949 -0.000000
v -0.923879 2.123062 -0.000000
v -0.980785 1.935469 -0.000000
v -0.999999 1.740379 -0.000000
v -0.980785 1.545288 -0.000000
v -0.923879 1.357695 -0.000000
v -0.831469 1.184808 -0.000000
v -0.707107 1.033272 -0.000000
v -0.555570 0.908909 -0.000000
v -0.382683 0.816499 -0.000000
v -0.195090 0.759593 -0.000000
v -0.191342 2.721164 -0.038060
v -0.375330 2.664258 -0.074658
v -0.544895 2.571848 -0.108386
v -0.693520 2.447485 -0.137950
v -0.815493 2.295949 -0.162212
v -0.906127 2.123062 -0.180240
v -0.961939 1.935469 -0.191342
v -0.980784 1.740379 -0.195091
v -0.961939 1.545288 -0.191342
v -0.906127 1.357695 -0.180240
v -0.815493 1.184808 -0.162212
v -0.693520 1.033272 -0.137950
v -0.544895 0.908909 -0.108386
v -0.375330 0.816499 -0.074658
v -0.191342 0.759593 -0.038060
v -0.180240 2.721164 -0.074658
v -0.353553 2.664258 -0.146447
v -0.513279 2.571848 -0.212607
v -0.653281 2.447485 -0.270598
v -0.768177 2.295949 -0.318190
v -0.853553 2.123062 -0.353553
v -0.906127 1.935469 -0.375330
v -0.923878 1.740379 -0.382683
v -0.906127 1.545288 -0.375330
v -0.853553 1.357695 -0.353553
v -0.768177 1.184808 -0.318190
v -0.653281 1.033272 -0.270598
v -0.513279 0.908909 -0.212607
v -0.353553 0.816499 -0.146447
v -0.180240 0.759593 -0.074658
v -0.162212 2.721164 -0.108386
v -0.318189 2.664258 -0.212607
v -0.461939 2.571848 -0.308658
v -0.587938 2.447485 -0.392847
v -0.691341 2.295949 -0.461940
v -0.768177 2.123062 -0.513280
v -0.815493 1.935469 -0.544895
v -0.831468 1.740379 -0.555570
v -0.815493 1.545288 -0.544895
v -0.768177 1.357695 -0.513280
v -0.691341 1.184808 -0.461940
v -0.587938 1.033272 -0.392847
v -0.461939 0.908909 -0.308658
v -0.318189 0.816499 -0.212607
v -0.162212 0.759593 -0.108386
v -0.137950 2.721164 -0.137950
v -0.270598 2.664258 -0.270598
v -0.392847 2.571848 -0.392847
v -0.500000 2.447485 -0.500000
v -0.587937 2.295949 -0.587938
v -0.653281 2.123062 -0.653281
v -0.693519 1.935469 -0.693520
v -0.707106 1.740379 -0.707106
v -0.693519 1.545288 -0.693520
v -0.653281 1.357695 -0.653281
v -0.587937 1.184808 -0.587938
v -0.500000 1.033272 -0.500000
v -0.392847 0.908909 -0.392847
v -0.270598 0.816499 -0.270598
v -0.137950 0.759593 -0.137950
v -0.108386 2.721164 -0.162212
v -0.212607 2.664258 -0.318190
v -0.308658 2.571848 -0.461939
v -0.392847 2.447485 -0.587938
v -0.461939 2.295949 -0.691341
v -0.513280 2.123062 -0.768177
v -0.544895 1.935469 -0.815493
v -0.555569 1.740379 -0.831469
v -0.544895 1.545288 -0.815493
v -0.513280 1.357695 -0.768177
v -0.461939 1.184808 -0.691341
v -0.392847 1.033272 -0.587938
v -0.308658 0.908909 -0.461939
v -0.212607 0.816499 -0.318190
v -0.108386 0.759593 -0.162212
v -0.074658 2.721164 -0.180240
v -0.146446 2.664258 -0.353553
v -0.212607 2.571848 -0.513279
v -0.270598 2.447485 -0.653281
v -0.318189 2.295949 -0.768177
v -0.353553 2.123062 -0.853553
v -0.375330 1.935469 -0.906127
v -0.382683 1.740379 -0.923879
v -0.375330 1.545288 -0.906127
v -0.353553 1.357695 -0.853553
v -0.318189 1.184808 -0.768177
v -0.270598 1.033272 -0.653281
v -0.212607 0.908909 -0.513279
v -0.146446 0.816499 -0.353553
v -0.074658 0.759593 -0.180240
v -0.038060 2.721164 -0.191342
v -0.074658 2.664258 -0.375330
v -0.108386 2.571848 -0.544895
v -0.137950 2.447485 -0.693520
v -0.162211 2.295949 -0.815493
v -0.180240 2.123062 -0.906127
v -0.191341 1.935469 -0.961939
v -0.195090 1.740379 -0.980784
v -0.191341 1.545288 -0.961939
v -0.180240 1.357695 -0.906127
v -0.162211 1.184808 -0.815493
v -0.137950 1.033272 -0.693520
v -0.108386 0.908909 -0.544895
v -0.074658 0.816499 -0.375330
v -0.038060 0.759593 -0.191342
v 0.000000 2.721164 -0.195090
v 0.000000 2.664258 -0.382683
v 0.000000 2.447485 -0.707107
v 0.000000 2.123062 -0.923879
v 0.000000 1.357695 -0.923879
v 0.000000 1.033272 -0.707107
v 0.000000 0.908909 -0.555570
v 0.000000 0.816499 -0.382683
v 0.000000 0.759593 -0.195090
vn 0.0624 -0.7715 -0.6332
vn 0.0865 0.4696 -0.8786
vn 0.0464 -0.8810 -0.4709
vn 0.0938 0.2890 -0.9527
vn 0.0286 -0.9565 -0.2902
vn 0.0975 0.0975 -0.9904
vn 0.0097 0.9951 -0.0980
vn 0.0097 -0.9951 -0.0980
vn 0.0975 -0.0975 -0.9904
vn 0.0286 0.9565 -0.2902
vn 0.0938 -0.2890 -0.9527
vn 0.0464 0.8810 -0.4709
vn 0.0865 -0.4696 -0.8786
vn 0.0624 0.7715 -0.6332
vn 0.0759 -0.6326 -0.7708
vn 0.0759 0.6326 -0.7708
vn 0.1847 0.7715 -0.6088
vn 0.2248 -0.6326 -0.7412
vn 0.2248 0.6326 -0.7412
vn 0.1847 -0.7715 -0.6088
vn 0.2563 0.4696 -0.8448
vn 0.1374 -0.8810 -0.4528
vn 0.2779 0.2890 -0.9161
vn 0.0846 -0.9565 -0.2790
vn 0.2889 0.0976 -0.9524
vn 0.0286 0.9951 -0.0942
vn 0.0286 -0.9951 -0.0942
vn 0.2889 -0.0976 -0.9524
vn 0.0846 0.9565 -0.2790
vn 0.2779 -0.2890 -0.9161
vn 0.1374 0.8810 -0.4528
vn 0.2563 -0.4696 -0.8448
vn 0.4691 0.0975 -0.8777
vn 0.0464 0.9951 -0.0869
vn 0.0464 -0.9951 -0.0869
vn 0.4691 -0.0975 -0.8777
vn 0.1374 0.9565 -0.2571
vn 0.4513 -0.2890 -0.8443
vn 0.2230 0.8810 -0.4173
vn 0.4162 -0.4696 -0.7786
vn 0.2999 0.7715 -0.5611
vn 0.3651 -0.6326 -0.6831
vn 0.3651 0.6326 -0.6831
vn 0.2999 -0.7715 -0.5611
vn 0.4162 0.4696 -0.7786
vn 0.2230 -0.8810 -0.4173
vn 0.4513 0.2890 -0.8443
vn 0.1374 -0.9565 -0.2571
vn 0.4913 -0.6326 -0.5987
vn 0.4913 0.6326 -0.5987
vn 0.4036 -0.7715 -0.4918
vn 0.5601 0.4696 -0.6825
vn 0.3002 -0.8810 -0.3658
vn 0.6073 0.2890 -0.7400
vn 0.1850 -0.9565 -0.2254
vn 0.6314 0.0975 -0.7693
vn 0.0625 0.9951 -0.0761
vn 0.0625 -0.9951 -0.0761
vn 0.6314 -0.0975 -0.7693
vn 0.1850 0.9565 -0.2254
vn 0.6073 -0.2890 -0.7400
vn 0.3002 0.8810 -0.3658
vn 0.5601 -0.4696 -0.6825
vn 0.4036 0.7715 -0.4918
vn 0.0761 -0.9951 -0.0625
vn 0.7693 -0.0975 -0.6314
vn 0.2254 0.9565 -0.1850
vn 0.7400 -0.2890 -0.6073
vn 0.3658 0.8810 -0.3002
vn 0.6825 -0.4696 -0.5601
vn 0.4918 0.7715 -0.4036
vn 0.5987 -0.6326 -0.4913
vn 0.5987 0.6326 -0.4913
vn 0.4918 -0.7715 -0.4036
vn 0.6825 0.4696 -0.5601
vn 0.3658 -0.8810 -0.3002
vn 0.7400 0.2890 -0.6073
vn 0.2254 -0.9565 -0.1850
vn 0.7693 0.0975 -0.6314
vn 0.0761 0.9951 -0.0625
vn 0.5611 -0.7715 -0.2999
vn 0.7786 0.4696 -0.4162
vn 0.4173 -0.8810 -0.2230
vn 0.8443 0.2890 -0.4513
vn 0.2571 -0.9565 -0.1374
vn 0.8777 0.0975 -0.4691
vn 0.0869 0.9951 -0.0464
vn 0.0869 -0.9951 -0.0464
vn 0.8777 -0.0975 -0.4691
vn 0.2571 0.9565 -0.1374
vn 0.8443 -0.2890 -0.4513
vn 0.4173 0.8810 -0.2230
vn 0.7786 -0.4696 -0.4162
vn 0.5611 0.7715 -0.2999
vn 0.6831 -0.6326 -0.3651
vn 0.6831 0.6326 -0.3651
vn 0.2790 0.9565 -0.0846
vn 0.9161 -0.2890 -0.2779
vn 0.4528 0.8810 -0.1374
vn 0.8448 -0.4696 -0.2563
vn 0.6088 0.7715 -0.1847
vn 0.7412 -0.6326 -0.2248
vn 0.7412 0.6326 -0.2248
vn 0.6088 -0.7715 -0.1847
vn 0.8448 0.4696 -0.2563
vn 0.4528 -0.8810 -0.1374
vn 0.9161 0.2890 -0.2779
vn 0.2790 -0.9565 -0.0846
vn 0.9524 0.0975 -0.2889
vn 0.0942 0.9951 -0.0286
vn 0.0942 -0.9951 -0.0286
vn 0.9524 -0.0975 -0.2889
vn 0.8786 0.4696 -0.0865
vn 0.4709 -0.8810 -0.0464
vn 0.9527 0.2890 -0.0938
vn 0.2902 -0.9565 -0.0286
vn 0.9904 0.0975 -0.0975
vn 0.0980 0.9951 -0.0097
vn 0.0980 -0.9951 -0.0097
vn 0.9904 -0.0975 -0.0975
vn 0.2902 0.9565 -0.0286
vn 0.9527 -0.2890 -0.0938
vn 0.4709 0.8810 -0.0464
vn 0.8786 -0.4696 -0.0865
vn 0.6332 0.7715 -0.0624
vn 0.7708 -0.6326 -0.0759
vn 0.7708 0.6326 -0.0759
vn 0.6332 -0.7715 -0.0624
vn 0.9527 -0.2890 0.0938
vn 0.4709 0.8810 0.0464
vn 0.8786 -0.4696 0.0865
vn 0.6332 0.7715 0.0624
vn 0.7708 -0.6326 0.0759
vn 0.7708 0.6326 0.0759
vn 0.6332 -0.7715 0.0624
vn 0.8786 0.4696 0.0865
vn 0.4709 -0.8810 0.0464
vn 0.9527 0.2890 0.0938
vn 0.2902 -0.9565 0.0286
vn 0.9904 0.0975 0.0976
vn 0.0980 0.9951 0.0097
vn 0.0980 -0.9951 0.0097
vn 0.9904 -0.0975 0.0976
vn 0.2902 0.9565 0.0286
vn 0.4528 -0.8810 0.1374
vn 0.9161 0.2890 0.2779
vn 0.2790 -0.9565 0.0846
vn 0.9524 0.0975 0.2889
vn 0.0942 0.9951 0.0286
vn 0.0942 -0.9951 0.0286
vn 0.9524 -0.0975 0.2889
vn 0.2790 0.9565 0.0846
vn 0.9161 -0.2890 0.2779
vn 0.4528 0.8810 0.1374
vn 0.8448 -0.4696 0.2563
vn 0.6088 0.7715 0.1847
vn 0.7412 -0.6326 0.2248
vn 0.7412 0.6326 0.2248
vn 0.6088 -0.7715 0.1847
vn 0.8448 0.4696 0.2563
vn 0.4173 0.8810 0.2230
vn 0.7786 -0.4696 0.4162
vn 0.5611 0.7715 0.2999
vn 0.6831 -0.6326 0.3651
vn 0.6831 0.6326 0.3651
vn 0.5611 -0.7715 0.2999
vn 0.7786 0.4696 0.4162
vn 0.4173 -0.8810 0.2230
vn 0.8443 0.2890 0.4513
vn 0.2571 -0.9565 0.1374
vn 0.8777 0.0975 0.4691
vn 0.0869 0.9951 0.0464
vn 0.0869 -0.9951 0.0464
vn 0.8777 -0.0975 0.4691
vn 0.2571 0.9565 0.1374
vn 0.8443 -0.2890 0.4513
vn 0.7400 0.2890 0.6073
vn 0.2254 -0.9565 0.1850
vn 0.7693 0.0975 0.6314
vn 0.0761 0.9951 0.0625
vn 0.0761 -0.9951 0.0625
vn 0.7693 -0.0975 0.6314
vn 0.2254 0.9565 0.1850
vn 0.7400 -0.2890 0.6073
vn 0.3658 0.8810 0.3002
vn 0.6825 -0.4696 0.5601
vn 0.4918 0.7715 0.4036
vn 0.5987 -0.6326 0.4913
vn 0.5987 0.6326 0.4913
vn 0.4918 -0.7715 0.4036
vn 0.6825 0.4696 0.5601
vn 0.3658 -0.8810 0.3002
vn 0.5601 -0.4696 0.6825
vn 0.4036 0.7715 0.4918
vn 0.4913 -0.6326 0.5987
vn 0.4913 0.6326 0.5987
vn 0.4036 -0.7715 0.4918
vn 0.5601 0.4696 0.6825
vn 0.3002 -0.8810 0.3658
vn 0.6073 0.2890 0.7400
vn 0.1850 -0.9565 0.2254
vn 0.6314 0.0975 0.7693
vn 0.0625 0.9951 0.0761
vn 0.0625 -0.9951 0.0761
vn 0.6314 -0.0975 0.7693
vn 0.1850 0.9565 0.2254
vn 0.6073 -0.2890 0.7400
vn 0.3002 0.8810 0.3658
vn 0.1374 -0.9565 0.2571
vn 0.4691 0.0975 0.8777
vn 0.0464 0.9951 0.0869
vn 0.0464 -0.9951 0.0869
vn 0.4691 -0.0975 0.8777
vn 0.1374 0.9565 0.2571
vn 0.4513 -0.2890 0.8443
vn 0.2230 0.8810 0.4173
vn 0.4162 -0.4696 0.7786
vn 0.2999 0.7715 0.5611
vn 0.3651 -0.6326 0.6831
vn 0.3651 0.6326 0.6831
vn 0.2999 -0.7715 0.5611
vn 0.4162 0.4696 0.7786
vn 0.2230 -0.8810 0.4173
vn 0.4513 0.2890 0.8443
vn 0.2248 -0.6326 0.7412
vn 0.2248 0.6326 0.7412
vn 0.1847 -0.7715 0.6088
vn 0.2563 0.4696 0.8448
vn 0.1374 -0.8810 0.4528
vn 0.2779 0.2890 0.9161
vn 0.0846 -0.9565 0.2790
vn 0.2889 0.0975 0.9524
vn 0.0286 0.9951 0.0942
vn 0.0286 -0.9951 0.0942
vn 0.2889 -0.0975 0.9524
vn 0.0846 0.9565 0.2790
vn 0.2779 -0.2890 0.9161
vn 0.1374 0.8810 0.4528
vn 0.2563 -0.4696 0.8448
vn 0.1847 0.7715 0.6088
vn 0.0097 0.9951 0.0980
vn 0.0097 -0.9951 0.0980
vn 0.0975 -0.0975 0.9904
vn 0.0286 0.9565 0.2902
vn 0.0938 -0.2890 0.9527
vn 0.0464 0.8810 0.4709
vn 0.0865 -0.4696 0.8786
vn 0.0624 0.7715 0.6332
vn 0.0759 -0.6326 0.7708
vn 0.0759 0.6326 0.7708
vn 0.0624 -0.7715 0.6332
vn 0.0865 0.4696 0.8786
vn 0.0464 -0.8810 0.4709
vn 0.0938 0.2890 0.9527
vn 0.0286 -0.9565 0.2902
vn 0.0975 0.0975 0.9904
vn -0.0759 0.6326 0.7708
vn -0.0624 -0.7715 0.6332
vn -0.0865 0.4696 0.8786
vn -0.0464 -0.8810 0.4709
vn -0.0938 0.2890 0.9527
vn -0.0286 -0.9565 0.2902
vn -0.0976 0.0975 0.9904
vn -0.0097 0.9951 0.0980
vn -0.0097 -0.9951 0.0980
vn -0.0976 -0.0975 0.9904
vn -0.0286 0.9565 0.2902
vn -0.0938 -0.2890 0.9527
vn -0.0464 0.8810 0.4709
vn -0.0865 -0.4696 0.8786
vn -0.0624 0.7715 0.6332
vn -0.0759 -0.6326 0.7708
vn -0.2889 -0.0975 0.9524
vn -0.0846 0.9565 0.2790
vn -0.2779 -0.2890 0.9161
vn -0.1374 0.8810 0.4528
vn -0.2563 -0.4696 0.8448
vn -0.1847 0.7715 0.6088
vn -0.2248 -0.6326 0.7412
vn -0.2248 0.6326 0.7412
vn -0.1847 -0.7715 0.6088
vn -0.2563 0.4696 0.8448
vn -0.1374 -0.8810 0.4528
vn -0.2779 0.2890 0.9161
vn -0.0846 -0.9565 0.2790
vn -0.2889 0.0975 0.9524
vn -0.0286 0.9951 0.0942
vn -0.0286 -0.9951 0.0942
vn -0.2999 -0.7715 0.5611
vn -0.4162 0.4696 0.7786
vn -0.2230 -0.8810 0.4173
vn -0.4513 0.2890 0.8443
vn -0.1374 -0.9565 0.2571
vn -0.4691 0.0975 0.8777
vn -0.0464 0.9951 0.0869
vn -0.0464 -0.9951 0.0869
vn -0.4691 -0.0975 0.8777
vn -0.1374 0.9565 0.2571
vn -0.4513 -0.2890 0.8443
vn -0.2230 0.8810 0.4173
vn -0.4162 -0.4696 0.7786
vn -0.2999 0.7715 0.5611
vn -0.3651 -0.6326 0.6831
vn -0.3651 0.6326 0.6831
vn -0.1850 0.9565 0.2254
vn -0.6073 -0.2890 0.7400
vn -0.3002 0.8810 0.3658
vn -0.5601 -0.4696 0.6825
vn -0.4036 0.7715 0.4918
vn -0.4913 -0.6326 0.5987
vn -0.4913 0.6326 0.5987
vn -0.4036 -0.7715 0.4918
vn -0.5601 0.4696 0.6825
vn -0.3002 -0.8810 0.3658
vn -0.6073 0.2890 0.7400
vn -0.1850 -0.9565 0.2254
vn -0.6314 0.0975 0.7693
vn -0.0625 0.9951 0.0761
vn -0.0625 -0.9951 0.0761
vn -0.6314 -0.0975 0.7693
vn -0.6825 0.4696 0.5601
vn -0.3658 -0.8810 0.3002
vn -0.7400 0.2890 0.6073
vn -0.2254 -0.9565 0.1850
vn -0.7693 0.0975 0.6314
vn -0.0761 0.9951 0.0625
vn -0.0761 -0.9951 0.0625
vn -0.7693 -0.0975 0.6314
vn -0.2254 0.9565 0.1850
vn -0.7400 -0.2890 0.6073
vn -0.3658 0.8810 0.3002
vn -0.6825 -0.4696 0.5601
vn -0.4918 0.7715 0.4036
vn -0.5987 -0.6326 0.4913
vn -0.5987 0.6326 0.4913
vn -0.4918 -0.7715 0.4036
vn -0.8443 -0.2890 0.4513
vn -0.4173 0.8810 0.2230
vn -0.7786 -0.4696 0.4162
vn -0.5611 0.7715 0.2999
vn -0.6831 -0.6326 0.3651
vn -0.6831 0.6326 0.3651
vn -0.5611 -0.7715 0.2999
vn -0.7786 0.4696 0.4162
vn -0.4173 -0.8810 0.2230
vn -0.8443 0.2890 0.4513
vn -0.2571 -0.9565 0.1374
vn -0.8777 0.0975 0.4691
vn -0.0869 0.9951 0.0464
vn -0.0869 -0.9951 0.0464
vn -0.8777 -0.0975 0.4691
vn -0.2571 0.9565 0.1374
vn -0.4528 -0.8810 0.1374
vn -0.9161 0.2890 0.2779
vn -0.2790 -0.9565 0.0846
vn -0.9524 0.0975 0.2889
vn -0.0942 0.9951 0.0286
vn -0.0942 -0.9951 0.0286
vn -0.9524 -0.0975 0.2889
vn -0.2790 0.9565 0.0846
vn -0.9161 -0.2890 0.2779
vn -0.4528 0.8810 0.1374
vn -0.8448 -0.4696 0.2563
vn -0.6088 0.7715 0.1847
vn -0.7412 -0.6326 0.2248
vn -0.7412 0.6326 0.2248
vn -0.6088 -0.7715 0.1847
vn -0.8448 0.4696 0.2563
vn -0.8786 -0.4696 0.0865
vn -0.6332 0.7715 0.0624
vn -0.7708 -0.6326 0.0759
vn -0.7708 0.6326 0.0759
vn -0.6332 -0.7715 0.0624
vn -0.8786 0.4696 0.0865
vn -0.4709 -0.8810 0.0464
vn -0.9527 0.2890 0.0938
vn -0.2902 -0.9565 0.0286
vn -0.9904 0.0975 0.0975
vn -0.0980 0.9951 0.0097
vn -0.0980 -0.9951 0.0097
vn -0.9904 -0.0975 0.0975
vn -0.2902 0.9565 0.0286
vn -0.9527 -0.2890 0.0938
vn -0.4709 0.8810 0.0464
vn -0.2902 -0.9565 -0.0286
vn -0.9904 0.0975 -0.0976
vn -0.0980 0.9951 -0.0097
vn -0.0980 -0.9951 -0.0097
vn -0.9904 -0.0975 -0.0976
vn -0.2902 0.9565 -0.0286
vn -0.9527 -0.2890 -0.0938
vn -0.4709 0.8810 -0.0464
vn -0.8786 -0.4696 -0.0865
vn -0.6332 0.7715 -0.0624
vn -0.7708 -0.6326 -0.0759
vn -0.7708 0.6326 -0.0759
vn -0.6332 -0.7715 -0.0624
vn -0.8786 0.4696 -0.0865
vn -0.4709 -0.8810 -0.0464
vn -0.9527 0.2890 -0.0938
vn -0.6088 0.7715 -0.1847
vn -0.7412 -0.6326 -0.2248
vn -0.7412 0.6326 -0.2248
vn -0.6088 -0.7715 -0.1847
vn -0.8448 0.4696 -0.2563
vn -0.4528 -0.8810 -0.1374
vn -0.9161 0.2890 -0.2779
vn -0.2790 -0.9565 -0.0846
vn -0.9524 0.0975 -0.2889
vn -0.0942 0.9951 -0.0286
vn -0.0942 -0.9951 -0.0286
vn -0.9524 -0.0975 -0.2889
vn -0.2790 0.9565 -0.0846
vn -0.9161 -0.2890 -0.2779
vn -0.4528 0.8810 -0.1374
vn -0.8448 -0.4696 -0.2563
vn -0.8777 0.0975 -0.4691
vn -0.0869 0.9951 -0.0464
vn -0.0869 -0.9951 -0.0464
vn -0.8777 -0.0975 -0.4691
vn -0.2571 0.9565 -0.1374
vn -0.8443 -0.2890 -0.4513
vn -0.4173 0.8810 -0.2231
vn -0.7786 -0.4696 -0.4162
vn -0.5611 0.7715 -0.2999
vn -0.6831 -0.6326 -0.3651
vn -0.6831 0.6326 -0.3651
vn -0.5611 -0.7715 -0.2999
vn -0.7786 0.4696 -0.4162
vn -0.4173 -0.8810 -0.2231
vn -0.8443 0.2890 -0.4513
vn -0.2571 -0.9565 -0.1374
vn -0.5987 -0.6326 -0.4913
vn -0.5987 0.6326 -0.4913
vn -0.4918 -0.7715 -0.4036
vn -0.6825 0.4696 -0.5601
vn -0.3658 -0.8810 -0.3002
vn -0.7400 0.2890 -0.6073
vn -0.2254 -0.9565 -0.1850
vn -0.7693 0.0975 -0.6314
vn -0.0761 0.9951 -0.0625
vn -0.0761 -0.9951 -0.0625
vn -0.7693 -0.0975 -0.6314
vn -0.2254 0.9565 -0.1850
vn -0.7400 -0.2890 -0.6073
vn -0.3658 0.8810 -0.3002
vn -0.6825 -0.4696 -0.5601
vn -0.4918 0.7715 -0.4036
vn -0.0625 0.9951 -0.0761
vn -0.0625 -0.9951 -0.0761
vn -0.6314 -0.0975 -0.7693
vn -0.1850 0.9565 -0.2254
vn -0.6073 -0.2890 -0.7400
vn -0.3002 0.8810 -0.3658
vn -0.5601 -0.4696 -0.6825
vn -0.4036 0.7715 -0.4918
vn -0.4913 -0.6326 -0.5987
vn -0.4913 0.6326 -0.5987
vn -0.4036 -0.7715 -0.4918
vn -0.5601 0.4696 -0.6825
vn -0.3002 -0.8810 -0.3658
vn -0.6073 0.2890 -0.7400
vn -0.1850 -0.9565 -0.2254
vn -0.6314 0.0975 -0.7693
vn -0.3651 0.6326 -0.6831
vn -0.2999 -0.7715 -0.5611
vn -0.4162 0.4696 -0.7786
vn -0.2230 -0.8810 -0.4173
vn -0.4513 0.2890 -0.8443
vn -0.1374 -0.9565 -0.2571
vn -0.4691 0.0975 -0.8777
vn -0.0464 0.9951 -0.0869
vn -0.0464 -0.9951 -0.0869
vn -0.4691 -0.0975 -0.8777
vn -0.1374 0.9565 -0.2571
vn -0.4513 -0.2890 -0.8443
vn -0.2230 0.8810 -0.4173
vn -0.4162 -0.4696 -0.7786
vn -0.2999 0.7715 -0.5611
vn -0.3651 -0.6326 -0.6831
vn -0.2889 -0.0975 -0.9524
vn -0.0846 0.9565 -0.2790
vn -0.2779 -0.2890 -0.9161
vn -0.1374 0.8810 -0.4528
vn -0.2563 -0.4696 -0.8448
vn -0.1847 0.7715 -0.6088
vn -0.2248 -0.6326 -0.7412
vn -0.2248 0.6326 -0.7412
vn -0.1847 -0.7715 -0.6088
vn -0.2563 0.4696 -0.8448
vn -0.1374 -0.8810 -0.4528
vn -0.2779 0.2890 -0.9161
vn -0.0846 -0.9565 -0.2790
vn -0.2889 0.0975 -0.9524
vn -0.0286 0.9951 -0.0942
vn -0.0286 -0.9951 -0.0942
vn -0.0624 -0.7715 -0.6332
vn -0.0865 0.4696 -0.8786
vn -0.0464 -0.8810 -0.4709
vn -0.0938 0.2890 -0.9527
vn -0.0286 -0.9565 -0.2902
vn -0.0976 0.0975 -0.9904
vn -0.0097 0.9951 -0.0980
vn -0.0097 -0.9951 -0.0980
vn -0.0976 -0.0975 -0.9904
vn -0.0286 0.9565 -0.2902
vn -0.0938 -0.2890 -0.9527
vn -0.0464 0.8810 -0.4709
vn -0.0865 -0.4696 -0.8786
vn -0.0624 0.7715 -0.6332
vn -0.0759 -0.6326 -0.7708
vn -0.0759 0.6326 -0.7708
vt 0.750000 0.187500
vt 0.750000 0.250000
vt 0.718750 0.250000
vt 0.718750 0.187500
vt 0.750000 0.625000
vt 0.750000 0.687500
vt 0.718750 0.687500
vt 0.718750 0.625000
vt 0.750000 0.125000
vt 0.718750 0.125000
vt 0.750000 0.562500
vt 0.718750 0.562500
vt 0.750000 0.062500
vt 0.718750 0.062500
vt 0.750000 0.500000
vt 0.718750 0.500000
vt 0.750000 0.937500
vt 0.734375 1.000000
vt 0.718750 0.937500
vt 0.734375 0.000000
vt 0.750000 0.437500
vt 0.718750 0.437500
vt 0.750000 0.875000
vt 0.718750 0.875000
vt 0.750000 0.375000
vt 0.718750 0.375000
vt 0.750000 0.812500
vt 0.718750 0.812500
vt 0.750000 0.312500
vt 0.718750 0.312500
vt 0.750000 0.750000
vt 0.718750 0.750000
vt 0.687500 0.812500
vt 0.687500 0.750000
vt 0.687500 0.312500
vt 0.687500 0.250000
vt 0.687500 0.687500
vt 0.687500 0.187500
vt 0.687500 0.625000
vt 0.687500 0.125000
vt 0.687500 0.562500
vt 0.687500 0.062500
vt 0.687500 0.500000
vt 0.703125 1.000000
vt 0.687500 0.937500
vt 0.703125 0.000000
vt 0.687500 0.437500
vt 0.687500 0.875000
vt 0.687500 0.375000
vt 0.656250 0.562500
vt 0.656250 0.500000
vt 0.671875 1.000000
vt 0.656250 0.937500
vt 0.671875 0.000000
vt 0.656250 0.062500
vt 0.656250 0.437500
vt 0.656250 0.875000
vt 0.656250 0.375000
vt 0.656250 0.812500
vt 0.656250 0.312500
vt 0.656250 0.750000
vt 0.656250 0.250000
vt 0.656250 0.687500
vt 0.656250 0.187500
vt 0.656250 0.625000
vt 0.656250 0.125000
vt 0.625000 0.312500
vt 0.625000 0.250000
vt 0.625000 0.750000
vt 0.625000 0.687500
vt 0.625000 0.187500
vt 0.625000 0.625000
vt 0.625000 0.125000
vt 0.625000 0.562500
vt 0.625000 0.062500
vt 0.625000 0.500000
vt 0.640625 1.000000
vt 0.625000 0.937500
vt 0.640625 0.000000
vt 0.625000 0.437500
vt 0.625000 0.875000
vt 0.625000 0.375000
vt 0.625000 0.812500
vt 0.609375 0.000000
vt 0.593750 0.062500
vt 0.593750 0.500000
vt 0.593750 0.437500
vt 0.593750 0.937500
vt 0.593750 0.875000
vt 0.593750 0.375000
vt 0.593750 0.812500
vt 0.593750 0.312500
vt 0.593750 0.750000
vt 0.593750 0.250000
vt 0.593750 0.687500
vt 0.593750 0.187500
vt 0.593750 0.625000
vt 0.593750 0.125000
vt 0.593750 0.562500
vt 0.609375 1.000000
vt 0.562500 0.250000
vt 0.562500 0.187500
vt 0.562500 0.687500
vt 0.562500 0.625000
vt 0.562500 0.125000
vt 0.562500 0.562500
vt 0.562500 0.062500
vt 0.562500 0.500000
vt 0.578125 1.000000
vt 0.562500 0.937500
vt 0.578125 0.000000
vt 0.562500 0.437500
vt 0.562500 0.875000
vt 0.562500 0.375000
vt 0.562500 0.812500
vt 0.562500 0.312500
vt 0.562500 0.750000
vt 0.531250 0.937500
vt 0.531250 0.875000
vt 0.531250 0.437500
vt 0.531250 0.375000
vt 0.531250 0.812500
vt 0.531250 0.312500
vt 0.531250 0.750000
vt 0.531250 0.250000
vt 0.531250 0.687500
vt 0.531250 0.187500
vt 0.531250 0.625000
vt 0.531250 0.125000
vt 0.531250 0.562500
vt 0.531250 0.062500
vt 0.531250 0.500000
vt 0.546875 1.000000
vt 0.546875 0.000000
vt 0.500000 0.687500
vt 0.500000 0.625000
vt 0.500000 0.187500
vt 0.500000 0.125000
vt 0.500000 0.562500
vt 0.500000 0.062500
vt 0.500000 0.500000
vt 0.515625 1.000000
vt 0.500000 0.937500
vt 0.515625 0.000000
vt 0.500000 0.437500
vt 0.500000 0.875000
vt 0.500000 0.375000
vt 0.500000 0.812500
vt 0.500000 0.312500
vt 0.500000 0.750000
vt 0.500000 0.250000
vt 0.468750 0.437500
vt 0.468750 0.375000
vt 0.468750 0.875000
vt 0.468750 0.812500
vt 0.468750 0.312500
vt 0.468750 0.750000
vt 0.468750 0.250000
vt 0.468750 0.687500
vt 0.468750 0.187500
vt 0.468750 0.625000
vt 0.468750 0.125000
vt 0.468750 0.562500
vt 0.468750 0.062500
vt 0.468750 0.500000
vt 0.484375 1.000000
vt 0.468750 0.937500
vt 0.484375 0.000000
vt 0.437500 0.187500
vt 0.437500 0.125000
vt 0.437500 0.625000
vt 0.437500 0.562500
vt 0.437500 0.062500
vt 0.437500 0.500000
vt 0.453125 1.000000
vt 0.437500 0.937500
vt 0.453125 0.000000
vt 0.437500 0.437500
vt 0.437500 0.875000
vt 0.437500 0.375000
vt 0.437500 0.812500
vt 0.437500 0.312500
vt 0.437500 0.750000
vt 0.437500 0.250000
vt 0.437500 0.687500
vt 0.406250 0.875000
vt 0.406250 0.812500
vt 0.406250 0.375000
vt 0.406250 0.312500
vt 0.406250 0.750000
vt 0.406250 0.250000
vt 0.406250 0.687500
vt 0.406250 0.187500
vt 0.406250 0.625000
vt 0.406250 0.125000
vt 0.406250 0.562500
vt 0.406250 0.062500
vt 0.406250 0.500000
vt 0.421875 1.000000
vt 0.406250 0.937500
vt 0.421875 0.000000
vt 0.406250 0.437500
vt 0.375000 0.625000
vt 0.375000 0.562500
vt 0.375000 0.125000
vt 0.375000 0.062500
vt 0.375000 0.500000
vt 0.390625 1.000000
vt 0.375000 0.937500
vt 0.390625 0.000000
vt 0.375000 0.437500
vt 0.375000 0.875000
vt 0.375000 0.375000
vt 0.375000 0.812500
vt 0.375000 0.312500
vt 0.375000 0.750000
vt 0.375000 0.250000
vt 0.375000 0.687500
vt 0.375000 0.187500
vt 0.343750 0.375000
vt 0.343750 0.312500
vt 0.343750 0.812500
vt 0.343750 0.750000
vt 0.343750 0.250000
vt 0.343750 0.687500
vt 0.343750 0.187500
vt 0.343750 0.625000
vt 0.343750 0.125000
vt 0.343750 0.562500
vt 0.343750 0.062500
vt 0.343750 0.500000
vt 0.359375 1.000000
vt 0.343750 0.937500
vt 0.359375 0.000000
vt 0.343750 0.437500
vt 0.343750 0.875000
vt 0.312500 0.125000
vt 0.312500 0.062500
vt 0.312500 0.562500
vt 0.312500 0.500000
vt 0.328125 1.000000
vt 0.312500 0.937500
vt 0.328125 0.000000
vt 0.312500 0.437500
vt 0.312500 0.875000
vt 0.312500 0.375000
vt 0.312500 0.812500
vt 0.312500 0.312500
vt 0.312500 0.750000
vt 0.312500 0.250000
vt 0.312500 0.687500
vt 0.312500 0.187500
vt 0.312500 0.625000
vt 0.281250 0.312500
vt 0.281250 0.250000
vt 0.281250 0.750000
vt 0.281250 0.687500
vt 0.281250 0.187500
vt 0.281250 0.625000
vt 0.281250 0.125000
vt 0.281250 0.562500
vt 0.281250 0.062500
vt 0.281250 0.500000
vt 0.296875 1.000000
vt 0.281250 0.937500
vt 0.296875 0.000000
vt 0.281250 0.437500
vt 0.281250 0.875000
vt 0.281250 0.375000
vt 0.281250 0.812500
vt 0.265625 1.000000
vt 0.250000 0.937500
vt 0.265625 0.000000
vt 0.250000 0.062500
vt 0.250000 0.500000
vt 0.250000 0.437500
vt 0.250000 0.875000
vt 0.250000 0.375000
vt 0.250000 0.812500
vt 0.250000 0.312500
vt 0.250000 0.750000
vt 0.250000 0.250000
vt 0.250000 0.687500
vt 0.250000 0.187500
vt 0.250000 0.625000
vt 0.250000 0.125000
vt 0.250000 0.562500
vt 0.218750 0.750000
vt 0.218750 0.687500
vt 0.218750 0.250000
vt 0.218750 0.187500
vt 0.218750 0.625000
vt 0.218750 0.125000
vt 0.218750 0.562500
vt 0.218750 0.062500
vt 0.218750 0.500000
vt 0.234375 1.000000
vt 0.218750 0.937500
vt 0.234375 0.000000
vt 0.218750 0.437500
vt 0.218750 0.875000
vt 0.218750 0.375000
vt 0.218750 0.812500
vt 0.218750 0.312500
vt 0.187500 0.500000
vt 0.187500 0.437500
vt 0.187500 0.937500
vt 0.187500 0.875000
vt 0.187500 0.375000
vt 0.187500 0.812500
vt 0.187500 0.312500
vt 0.187500 0.750000
vt 0.187500 0.250000
vt 0.187500 0.687500
vt 0.187500 0.187500
vt 0.187500 0.625000
vt 0.187500 0.125000
vt 0.187500 0.562500
vt 0.187500 0.062500
vt 0.203125 1.000000
vt 0.203125 0.000000
vt 0.156250 0.250000
vt 0.156250 0.187500
vt 0.156250 0.687500
vt 0.156250 0.625000
vt 0.156250 0.125000
vt 0.156250 0.562500
vt 0.156250 0.062500
vt 0.156250 0.500000
vt 0.171875 1.000000
vt 0.156250 0.937500
vt 0.171875 0.000000
vt 0.156250 0.437500
vt 0.156250 0.875000
vt 0.156250 0.375000
vt 0.156250 0.812500
vt 0.156250 0.312500
vt 0.156250 0.750000
vt 0.125000 0.937500
vt 0.125000 0.875000
vt 0.125000 0.437500
vt 0.125000 0.375000
vt 0.125000 0.812500
vt 0.125000 0.312500
vt 0.125000 0.750000
vt 0.125000 0.250000
vt 0.125000 0.687500
vt 0.125000 0.187500
vt 0.125000 0.625000
vt 0.125000 0.125000
vt 0.125000 0.562500
vt 0.125000 0.062500
vt 0.125000 0.500000
vt 0.140625 1.000000
vt 0.140625 0.000000
vt 0.093750 0.687500
vt 0.093750 0.625000
vt 0.093750 0.187500
vt 0.093750 0.125000
vt 0.093750 0.562500
vt 0.093750 0.062500
vt 0.093750 0.500000
vt 0.109375 1.000000
vt 0.093750 0.937500
vt 0.109375 0.000000
vt 0.093750 0.437500
vt 0.093750 0.875000
vt 0.093750 0.375000
vt 0.093750 0.812500
vt 0.093750 0.312500
vt 0.093750 0.750000
vt 0.093750 0.250000
vt 0.062500 0.437500
vt 0.062500 0.375000
vt 0.062500 0.875000
vt 0.062500 0.812500
vt 0.062500 0.312500
vt 0.062500 0.750000
vt 0.062500 0.250000
vt 0.062500 0.687500
vt 0.062500 0.187500
vt 0.062500 0.625000
vt 0.062500 0.125000
vt 0.062500 0.562500
vt 0.062500 0.062500
vt 0.062500 0.500000
vt 0.078125 1.000000
vt 0.062500 0.937500
vt 0.078125 0.000000
vt 0.031250 0.187500
vt 0.031250 0.125000
vt 0.031250 0.625000
vt 0.031250 0.562500
vt 0.031250 0.062500
vt 0.031250 0.500000
vt 0.046875 1.000000
vt 0.031250 0.937500
vt 0.046875 0.000000
vt 0.031250 0.437500
vt 0.031250 0.875000
vt 0.031250 0.375000
vt 0.031250 0.812500
vt 0.031250 0.312500
vt 0.031250 0.750000
vt 0.031250 0.250000
vt 0.031250 0.687500
vt 0.000000 0.375000
vt 0.000000 0.312500
vt 0.000000 0.812500
vt 0.000000 0.750000
vt 0.000000 0.250000
vt 0.000000 0.687500
vt 0.000000 0.187500
vt 0.000000 0.625000
vt 0.000000 0.125000
vt 0.000000 0.562500
vt 0.000000 0.062500
vt 0.000000 0.500000
vt 0.015625 1.000000
vt 0.000000 0.937500
vt 0.015625 0.000000
vt 0.000000 0.437500
vt 0.000000 0.875000
vt 1.000000 0.062500
vt 1.000000 0.125000
vt 0.968750 0.125000
vt 0.968750 0.062500
vt 1.000000 0.500000
vt 1.000000 0.562500
vt 0.968750 0.562500
vt 0.968750 0.500000
vt 1.000000 0.937500
vt 0.984375 1.000000
vt 0.968750 0.937500
vt 0.984375 0.000000
vt 1.000000 0.437500
vt 0.968750 0.437500
vt 1.000000 0.875000
vt 0.968750 0.875000
vt 1.000000 0.375000
vt 0.968750 0.375000
vt 1.000000 0.812500
vt 0.968750 0.812500
vt 1.000000 0.312500
vt 0.968750 0.312500
vt 1.000000 0.750000
vt 0.968750 0.750000
vt 1.000000 0.250000
vt 0.968750 0.250000
vt 1.000000 0.687500
vt 0.968750 0.687500
vt 1.000000 0.187500
vt 0.968750 0.187500
vt 1.000000 0.625000
vt 0.968750 0.625000
vt 0.937500 0.812500
vt 0.937500 0.750000
vt 0.937500 0.312500
vt 0.937500 0.250000
vt 0.937500 0.687500
vt 0.937500 0.187500
vt 0.937500 0.625000
vt 0.937500 0.125000
vt 0.937500 0.562500
vt 0.937500 0.062500
vt 0.937500 0.500000
vt 0.953125 1.000000
vt 0.937500 0.937500
vt 0.953125 0.000000
vt 0.937500 0.437500
vt 0.937500 0.875000
vt 0.937500 0.375000
vt 0.906250 0.562500
vt 0.906250 0.500000
vt 0.921875 1.000000
vt 0.906250 0.937500
vt 0.921875 0.000000
vt 0.906250 0.062500
vt 0.906250 0.437500
vt 0.906250 0.875000
vt 0.906250 0.375000
vt 0.906250 0.812500
vt 0.906250 0.312500
vt 0.906250 0.750000
vt 0.906250 0.250000
vt 0.906250 0.687500
vt 0.906250 0.187500
vt 0.906250 0.625000
vt 0.906250 0.125000
vt 0.875000 0.312500
vt 0.875000 0.250000
vt 0.875000 0.750000
vt 0.875000 0.687500
vt 0.875000 0.187500
vt 0.875000 0.625000
vt 0.875000 0.125000
vt 0.875000 0.562500
vt 0.875000 0.062500
vt 0.875000 0.500000
vt 0.890625 1.000000
vt 0.875000 0.937500
vt 0.890625 0.000000
vt 0.875000 0.437500
vt 0.875000 0.875000
vt 0.875000 0.375000
vt 0.875000 0.812500
vt 0.859375 1.000000
vt 0.843750 0.937500
vt 0.859375 0.000000
vt 0.843750 0.062500
vt 0.843750 0.500000
vt 0.843750 0.437500
vt 0.843750 0.875000
vt 0.843750 0.375000
vt 0.843750 0.812500
vt 0.843750 0.312500
vt 0.843750 0.750000
vt 0.843750 0.250000
vt 0.843750 0.687500
vt 0.843750 0.187500
vt 0.843750 0.625000
vt 0.843750 0.125000
vt 0.843750 0.562500
vt 0.812500 0.750000
vt 0.812500 0.687500
vt 0.812500 0.250000
vt 0.812500 0.187500
vt 0.812500 0.625000
vt 0.812500 0.125000
vt 0.812500 0.562500
vt 0.812500 0.062500
vt 0.812500 0.500000
vt 0.828125 1.000000
vt 0.812500 0.937500
vt 0.828125 0.000000
vt 0.812500 0.437500
vt 0.812500 0.875000
vt 0.812500 0.375000
vt 0.812500 0.812500
vt 0.812500 0.312500
vt 0.781250 0.500000
vt 0.781250 0.437500
vt 0.781250 0.937500
vt 0.781250 0.875000
vt 0.781250 0.375000
vt 0.781250 0.812500
vt 0.781250 0.312500
vt 0.781250 0.750000
vt 0.781250 0.250000
vt 0.781250 0.687500
vt 0.781250 0.187500
vt 0.781250 0.625000
vt 0.781250 0.125000
vt 0.781250 0.562500
vt 0.781250 0.062500
vt 0.796875 1.000000
vt 0.796875 0.000000
vt 0.765625 1.000000
vt 0.765625 0.000000
s 0
f 962/560/513 961/561/513 502/562/513 503/563/513
f 959/564/514 485/565/514 495/566/514 496/567/514
f 963/568/515 962/560/515 503/563/515 504/569/515
f 486/570/516 959/564/516 496/567/516 497/571/516
f 964/572/517 963/568/517 504/569/517 505/573/517
f 487/574/518 486/570/518 497/571/518 498/575/518
f 956/576/519 483/577/519 491/578/519
f 490/579/520 964/572/520 505/573/520
f 488/580/521 487/574/521 498/575/521 499/581/521
f 957/582/522 956/576/522 491/578/522 492/583/522
f 960/584/523 488/580/523 499/581/523 500/585/523
f 484/586/524 957/582/524 492/583/524 493/587/524
f 489/588/525 960/584/525 500/585/525 501/589/525
f 958/590/526 484/586/526 493/587/526 494/591/526
f 961/561/527 489/588/527 501/589/527 502/562/527
f 485/565/528 958/590/528 494/591/528 495/566/528
f 494/591/529 493/587/529 508/592/529 509/593/529
f 502/562/530 501/589/530 516/594/530 517/595/530
f 495/566/531 494/591/531 509/593/531 510/596/531
f 503/563/532 502/562/532 517/595/532 518/597/532
f 496/567/533 495/566/533 510/596/533 511/598/533
f 504/569/534 503/563/534 518/597/534 519/599/534
f 497/571/535 496/567/535 511/598/535 512/600/535
f 505/573/536 504/569/536 519/599/536 520/601/536
f 498/575/537 497/571/537 512/600/537 513/602/537
f 491/578/538 483/603/538 506/604/538
f 490/605/539 505/573/539 520/601/539
f 499/581/540 498/575/540 513/602/540 514/606/540
f 492/583/541 491/578/541 506/604/541 507/607/541
f 500/585/542 499/581/542 514/606/542 515/608/542
f 493/587/543 492/583/543 507/607/543 508/592/543
f 501/589/544 500/585/544 515/608/544 516/594/544
f 513/602/545 512/600/545 527/609/545 528/610/545
f 506/604/546 483/611/546 521/612/546
f 490/613/547 520/601/547 535/614/547
f 514/606/548 513/602/548 528/610/548 529/615/548
f 507/607/549 506/604/549 521/612/549 522/616/549
f 515/608/550 514/606/550 529/615/550 530/617/550
f 508/592/551 507/607/551 522/616/551 523/618/551
f 516/594/552 515/608/552 530/617/552 531/619/552
f 509/593/553 508/592/553 523/618/553 524/620/553
f 517/595/554 516/594/554 531/619/554 532/621/554
f 510/596/555 509/593/555 524/620/555 525/622/555
f 518/597/556 517/595/556 532/621/556 533/623/556
f 511/598/557 510/596/557 525/622/557 526/624/557
f 519/599/558 518/597/558 533/623/558 534/625/558
f 512/600/559 511/598/559 526/624/559 527/609/559
f 520/601/560 519/599/560 534/625/560 535/614/560
f 532/621/561 531/619/561 546/626/561 547/627/561
f 525/622/562 524/620/562 539/628/562 540/629/562
f 533/623/563 532/621/563 547/627/563 548/630/563
f 526/624/564 525/622/564 540/629/564 541/631/564
f 534/625/565 533/623/565 548/630/565 549/632/565
f 527/609/566 526/624/566 541/631/566 542/633/566
f 535/614/567 534/625/567 549/632/567 550/634/567
f 528/610/568 527/609/568 542/633/568 543/635/568
f 521/612/569 483/636/569 536/637/569
f 490/638/570 535/614/570 550/634/570
f 529/615/571 528/610/571 543/635/571 544/639/571
f 522/616/572 521/612/572 536/637/572 537/640/572
f 530/617/573 529/615/573 544/639/573 545/641/573
f 523/618/574 522/616/574 537/640/574 538/642/574
f 531/619/575 530/617/575 545/641/575 546/626/575
f 524/620/576 523/618/576 538/642/576 539/628/576
f 490/643/577 550/634/577 565/644/577
f 544/639/578 543/635/578 558/645/578 559/646/578
f 537/640/579 536/637/579 551/647/579 552/648/579
f 545/641/580 544/639/580 559/646/580 560/649/580
f 538/642/581 537/640/581 552/648/581 553/650/581
f 546/626/582 545/641/582 560/649/582 561/651/582
f 539/628/583 538/642/583 553/650/583 554/652/583
f 547/627/584 546/626/584 561/651/584 562/653/584
f 540/629/585 539/628/585 554/652/585 555/654/585
f 548/630/586 547/627/586 562/653/586 563/655/586
f 541/631/587 540/629/587 555/654/587 556/656/587
f 549/632/588 548/630/588 563/655/588 564/657/588
f 542/633/589 541/631/589 556/656/589 557/658/589
f 550/634/590 549/632/590 564/657/590 565/644/590
f 543/635/591 542/633/591 557/658/591 558/645/591
f 536/637/592 483/659/592 551/647/592
f 563/655/593 562/653/593 577/660/593 578/661/593
f 556/656/594 555/654/594 570/662/594 571/663/594
f 564/657/595 563/655/595 578/661/595 579/664/595
f 557/658/596 556/656/596 571/663/596 572/665/596
f 565/644/597 564/657/597 579/664/597 580/666/597
f 558/645/598 557/658/598 572/665/598 573/667/598
f 551/647/599 483/668/599 566/669/599
f 490/670/600 565/644/600 580/666/600
f 559/646/601 558/645/601 573/667/601 574/671/601
f 552/648/602 551/647/602 566/669/602 567/672/602
f 560/649/603 559/646/603 574/671/603 575/673/603
f 553/650/604 552/648/604 567/672/604 568/674/604
f 561/651/605 560/649/605 575/673/605 576/675/605
f 554/652/606 553/650/606 568/674/606 569/676/606
f 562/653/607 561/651/607 576/675/607 577/660/607
f 555/654/608 554/652/608 569/676/608 570/662/608
f 567/672/609 566/669/609 581/677/609 582/678/609
f 575/673/610 574/671/610 589/679/610 590/680/610
f 568/674/611 567/672/611 582/678/611 583/681/611
f 576/675/612 575/673/612 590/680/612 591/682/612
f 569/676/613 568/674/613 583/681/613 584/683/613
f 577/660/614 576/675/614 591/682/614 592/684/614
f 570/662/615 569/676/615 584/683/615 585/685/615
f 578/661/616 577/660/616 592/684/616 593/686/616
f 571/663/617 570/662/617 585/685/617 586/687/617
f 579/664/618 578/661/618 593/686/618 594/688/618
f 572/665/619 571/663/619 586/687/619 587/689/619
f 580/666/620 579/664/620 594/688/620 595/690/620
f 573/667/621 572/665/621 587/689/621 588/691/621
f 566/669/622 483/692/622 581/677/622
f 490/693/623 580/666/623 595/690/623
f 574/671/624 573/667/624 588/691/624 589/679/624
f 586/687/625 585/685/625 600/694/625 601/695/625
f 594/688/626 593/686/626 608/696/626 609/697/626
f 587/689/627 586/687/627 601/695/627 602/698/627
f 595/690/628 594/688/628 609/697/628 610/699/628
f 588/691/629 587/689/629 602/698/629 603/700/629
f 581/677/630 483/701/630 596/702/630
f 490/703/631 595/690/631 610/699/631
f 589/679/632 588/691/632 603/700/632 604/704/632
f 582/678/633 581/677/633 596/702/633 597/705/633
f 590/680/634 589/679/634 604/704/634 605/706/634
f 583/681/635 582/678/635 597/705/635 598/707/635
f 591/682/636 590/680/636 605/706/636 606/708/636
f 584/683/637 583/681/637 598/707/637 599/709/637
f 592/684/638 591/682/638 606/708/638 607/710/638
f 585/685/639 584/683/639 599/709/639 600/694/639
f 593/686/640 592/684/640 607/710/640 608/696/640
f 605/706/641 604/704/641 619/711/641 620/712/641
f 598/707/642 597/705/642 612/713/642 613/714/642
f 606/708/643 605/706/643 620/712/643 621/715/643
f 599/709/644 598/707/644 613/714/644 614/716/644
f 607/710/645 606/708/645 621/715/645 622/717/645
f 600/694/646 599/709/646 614/716/646 615/718/646
f 608/696/647 607/710/647 622/717/647 623/719/647
f 601/695/648 600/694/648 615/718/648 616/720/648
f 609/697/649 608/696/649 623/719/649 624/721/649
f 602/698/650 601/695/650 616/720/650 617/722/650
f 610/699/651 609/697/651 624/721/651 625/723/651
f 603/700/652 602/698/652 617/722/652 618/724/652
f 596/702/653 483/725/653 611/726/653
f 490/727/654 610/699/654 625/723/654
f 604/704/655 603/700/655 618/724/655 619/711/655
f 597/705/656 596/702/656 611/726/656 612/713/656
f 624/721/657 623/719/657 638/728/657 639/729/657
f 617/722/658 616/720/658 631/730/658 632/731/658
f 625/723/659 624/721/659 639/729/659 640/732/659
f 618/724/660 617/722/660 632/731/660 633/733/660
f 611/726/661 483/734/661 626/735/661
f 490/736/662 625/723/662 640/732/662
f 619/711/663 618/724/663 633/733/663 634/737/663
f 612/713/664 611/726/664 626/735/664 627/738/664
f 620/712/665 619/711/665 634/737/665 635/739/665
f 613/714/666 612/713/666 627/738/666 628/740/666
f 621/715/667 620/712/667 635/739/667 636/741/667
f 614/716/668 613/714/668 628/740/668 629/742/668
f 622/717/669 621/715/669 636/741/669 637/743/669
f 615/718/670 614/716/670 629/742/670 630/744/670
f 623/719/671 622/717/671 637/743/671 638/728/671
f 616/720/672 615/718/672 630/744/672 631/730/672
f 628/740/673 627/738/673 642/745/673 643/746/673
f 636/741/674 635/739/674 650/747/674 651/748/674
f 629/742/675 628/740/675 643/746/675 644/749/675
f 637/743/676 636/741/676 651/748/676 652/750/676
f 630/744/677 629/742/677 644/749/677 645/751/677
f 638/728/678 637/743/678 652/750/678 653/752/678
f 631/730/679 630/744/679 645/751/679 646/753/679
f 639/729/680 638/728/680 653/752/680 654/754/680
f 632/731/681 631/730/681 646/753/681 647/755/681
f 640/732/682 639/729/682 654/754/682 655/756/682
f 633/733/683 632/731/683 647/755/683 648/757/683
f 626/735/684 483/758/684 641/759/684
f 490/760/685 640/732/685 655/756/685
f 634/737/686 633/733/686 648/757/686 649/761/686
f 627/738/687 626/735/687 641/759/687 642/745/687
f 635/739/688 634/737/688 649/761/688 650/747/688
f 647/755/689 646/753/689 661/762/689 662/763/689
f 655/756/690 654/754/690 669/764/690 670/765/690
f 648/757/691 647/755/691 662/763/691 663/766/691
f 641/759/692 483/767/692 656/768/692
f 490/769/693 655/756/693 670/765/693
f 649/761/694 648/757/694 663/766/694 664/770/694
f 642/745/695 641/759/695 656/768/695 657/771/695
f 650/747/696 649/761/696 664/770/696 665/772/696
f 643/746/697 642/745/697 657/771/697 658/773/697
f 651/748/698 650/747/698 665/772/698 666/774/698
f 644/749/699 643/746/699 658/773/699 659/775/699
f 652/750/700 651/748/700 666/774/700 667/776/700
f 645/751/701 644/749/701 659/775/701 660/777/701
f 653/752/702 652/750/702 667/776/702 668/778/702
f 646/753/703 645/751/703 660/777/703 661/762/703
f 654/754/704 653/752/704 668/778/704 669/764/704
f 666/774/705 665/772/705 680/779/705 681/780/705
f 659/775/706 658/773/706 673/781/706 674/782/706
f 667/776/707 666/774/707 681/780/707 682/783/707
f 660/777/708 659/775/708 674/782/708 675/784/708
f 668/778/709 667/776/709 682/783/709 683/785/709
f 661/762/710 660/777/710 675/784/710 676/786/710
f 669/764/711 668/778/711 683/785/711 684/787/711
f 662/763/712 661/762/712 676/786/712 677/788/712
f 670/765/713 669/764/713 684/787/713 685/789/713
f 663/766/714 662/763/714 677/788/714 678/790/714
f 656/768/715 483/791/715 671/792/715
f 490/793/716 670/765/716 685/789/716
f 664/770/717 663/766/717 678/790/717 679/794/717
f 657/771/718 656/768/718 671/792/718 672/795/718
f 665/772/719 664/770/719 679/794/719 680/779/719
f 658/773/720 657/771/720 672/795/720 673/781/720
f 685/789/721 684/787/721 699/796/721 700/797/721
f 678/790/722 677/788/722 692/798/722 693/799/722
f 671/792/723 483/800/723 686/801/723
f 490/802/724 685/789/724 700/797/724
f 679/794/725 678/790/725 693/799/725 694/803/725
f 672/795/726 671/792/726 686/801/726 687/804/726
f 680/779/727 679/794/727 694/803/727 695/805/727
f 673/781/728 672/795/728 687/804/728 688/806/728
f 681/780/729 680/779/729 695/805/729 696/807/729
f 674/782/730 673/781/730 688/806/730 689/808/730
f 682/783/731 681/780/731 696/807/731 697/809/731
f 675/784/732 674/782/732 689/808/732 690/810/732
f 683/785/733 682/783/733 697/809/733 698/811/733
f 676/786/734 675/784/734 690/810/734 691/812/734
f 684/787/735 683/785/735 698/811/735 699/796/735
f 677/788/736 676/786/736 691/812/736 692/798/736
f 697/809/737 696/807/737 711/813/737 712/814/737
f 690/810/738 689/808/738 704/815/738 705/816/738
f 698/811/739 697/809/739 712/814/739 713/817/739
f 691/812/740 690/810/740 705/816/740 706/818/740
f 699/796/741 698/811/741 713/817/741 714/819/741
f 692/798/742 691/812/742 706/818/742 707/820/742
f 700/797/743 699/796/743 714/819/743 715/821/743
f 693/799/744 692/798/744 707/820/744 708/822/744
f 686/801/745 483/823/745 701/824/745
f 490/825/746 700/797/746 715/821/746
f 694/803/747 693/799/747 708/822/747 709/826/747
f 687/804/748 686/801/748 701/824/748 702/827/748
f 695/805/749 694/803/749 709/826/749 710/828/749
f 688/806/750 687/804/750 702/827/750 703/829/750
f 696/807/751 695/805/751 710/828/751 711/813/751
f 689/808/752 688/806/752 703/829/752 704/815/752
f 701/824/753 483/830/753 716/831/753
f 490/832/754 715/821/754 730/833/754
f 709/826/755 708/822/755 723/834/755 724/835/755
f 702/827/756 701/824/756 716/831/756 717/836/756
f 710/828/757 709/826/757 724/835/757 725/837/757
f 703/829/758 702/827/758 717/836/758 718/838/758
f 711/813/759 710/828/759 725/837/759 726/839/759
f 704/815/760 703/829/760 718/838/760 719/840/760
f 712/814/761 711/813/761 726/839/761 727/841/761
f 705/816/762 704/815/762 719/840/762 720/842/762
f 713/817/763 712/814/763 727/841/763 728/843/763
f 706/818/764 705/816/764 720/842/764 721/844/764
f 714/819/765 713/817/765 728/843/765 729/845/765
f 707/820/766 706/818/766 721/844/766 722/846/766
f 715/821/767 714/819/767 729/845/767 730/833/767
f 708/822/768 707/820/768 722/846/768 723/834/768
f 720/842/769 719/840/769 734/847/769 735/848/769
f 728/843/770 727/841/770 742/849/770 743/850/770
f 721/844/771 720/842/771 735/848/771 736/851/771
f 729/845/772 728/843/772 743/850/772 744/852/772
f 722/846/773 721/844/773 736/851/773 737/853/773
f 730/833/774 729/845/774 744/852/774 745/854/774
f 723/834/775 722/846/775 737/853/775 738/855/775
f 716/831/776 483/856/776 731/857/776
f 490/858/777 730/833/777 745/854/777
f 724/835/778 723/834/778 738/855/778 739/859/778
f 717/836/779 716/831/779 731/857/779 732/860/779
f 725/837/780 724/835/780 739/859/780 740/861/780
f 718/838/781 717/836/781 732/860/781 733/862/781
f 726/839/782 725/837/782 740/861/782 741/863/782
f 719/840/783 718/838/783 733/862/783 734/847/783
f 727/841/784 726/839/784 741/863/784 742/849/784
f 739/859/785 738/855/785 753/864/785 754/865/785
f 732/860/786 731/857/786 746/866/786 747/867/786
f 740/861/787 739/859/787 754/865/787 755/868/787
f 733/862/788 732/860/788 747/867/788 748/869/788
f 741/863/789 740/861/789 755/868/789 756/870/789
f 734/847/790 733/862/790 748/869/790 749/871/790
f 742/849/791 741/863/791 756/870/791 757/872/791
f 735/848/792 734/847/792 749/871/792 750/873/792
f 743/850/793 742/849/793 757/872/793 758/874/793
f 736/851/794 735/848/794 750/873/794 751/875/794
f 744/852/795 743/850/795 758/874/795 759/876/795
f 737/853/796 736/851/796 751/875/796 752/877/796
f 745/854/797 744/852/797 759/876/797 760/878/797
f 738/855/798 737/853/798 752/877/798 753/864/798
f 731/857/799 483/879/799 746/866/799
f 490/880/800 745/854/800 760/878/800
f 758/874/801 757/872/801 772/881/801 773/882/801
f 751/875/802 750/873/802 765/883/802 766/884/802
f 759/876/803 758/874/803 773/882/803 774/885/803
f 752/877/804 751/875/804 766/884/804 767/886/804
f 760/878/805 759/876/805 774/885/805 775/887/805
f 753/864/806 752/877/806 767/886/806 768/888/806
f 746/866/807 483/889/807 761/890/807
f 490/891/808 760/878/808 775/887/808
f 754/865/809 753/864/809 768/888/809 769/892/809
f 747/867/810 746/866/810 761/890/810 762/893/810
f 755/868/811 754/865/811 769/892/811 770/894/811
f 748/869/812 747/867/812 762/893/812 763/895/812
f 756/870/813 755/868/813 770/894/813 771/896/813
f 749/871/814 748/869/814 763/895/814 764/897/814
f 757/872/815 756/870/815 771/896/815 772/881/815
f 750/873/816 749/871/816 764/897/816 765/883/816
f 762/893/817 761/890/817 776/898/817 777/899/817
f 770/894/818 769/892/818 784/900/818 785/901/818
f 763/895/819 762/893/819 777/899/819 778/902/819
f 771/896/820 770/894/820 785/901/820 786/903/820
f 764/897/821 763/895/821 778/902/821 779/904/821
f 772/881/822 771/896/822 786/903/822 787/905/822
f 765/883/823 764/897/823 779/904/823 780/906/823
f 773/882/824 772/881/824 787/905/824 788/907/824
f 766/884/825 765/883/825 780/906/825 781/908/825
f 774/885/826 773/882/826 788/907/826 789/909/826
f 767/886/827 766/884/827 781/908/827 782/910/827
f 775/887/828 774/885/828 789/909/828 790/911/828
f 768/888/829 767/886/829 782/910/829 783/912/829
f 761/890/830 483/913/830 776/898/830
f 490/914/831 775/887/831 790/911/831
f 769/892/832 768/888/832 783/912/832 784/900/832
f 781/908/833 780/906/833 795/915/833 796/916/833
f 789/909/834 788/907/834 803/917/834 804/918/834
f 782/910/835 781/908/835 796/916/835 797/919/835
f 790/911/836 789/909/836 804/918/836 805/920/836
f 783/912/837 782/910/837 797/919/837 798/921/837
f 776/898/838 483/922/838 791/923/838
f 490/924/839 790/911/839 805/920/839
f 784/900/840 783/912/840 798/921/840 799/925/840
f 777/899/841 776/898/841 791/923/841 792/926/841
f 785/901/842 784/900/842 799/925/842 800/927/842
f 778/902/843 777/899/843 792/926/843 793/928/843
f 786/903/844 785/901/844 800/927/844 801/929/844
f 779/904/845 778/902/845 793/928/845 794/930/845
f 787/905/846 786/903/846 801/929/846 802/931/846
f 780/906/847 779/904/847 794/930/847 795/915/847
f 788/907/848 787/905/848 802/931/848 803/917/848
f 800/927/849 799/925/849 814/932/849 815/933/849
f 793/928/850 792/926/850 807/934/850 808/935/850
f 801/929/851 800/927/851 815/933/851 816/936/851
f 794/930/852 793/928/852 808/935/852 809/937/852
f 802/931/853 801/929/853 816/936/853 817/938/853
f 795/915/854 794/930/854 809/937/854 810/939/854
f 803/917/855 802/931/855 817/938/855 818/940/855
f 796/916/856 795/915/856 810/939/856 811/941/856
f 804/918/857 803/917/857 818/940/857 819/942/857
f 797/919/858 796/916/858 811/941/858 812/943/858
f 805/920/859 804/918/859 819/942/859 820/944/859
f 798/921/860 797/919/860 812/943/860 813/945/860
f 791/923/861 483/946/861 806/947/861
f 490/948/862 805/920/862 820/944/862
f 799/925/863 798/921/863 813/945/863 814/932/863
f 792/926/864 791/923/864 806/947/864 807/934/864
f 819/942/865 818/940/865 833/949/865 834/950/865
f 812/943/866 811/941/866 826/951/866 827/952/866
f 820/944/867 819/942/867 834/950/867 835/953/867
f 813/945/868 812/943/868 827/952/868 828/954/868
f 806/947/869 483/955/869 821/956/869
f 490/957/870 820/944/870 835/953/870
f 814/932/871 813/945/871 828/954/871 829/958/871
f 807/934/872 806/947/872 821/956/872 822/959/872
f 815/933/873 814/932/873 829/958/873 830/960/873
f 808/935/874 807/934/874 822/959/874 823/961/874
f 816/936/875 815/933/875 830/960/875 831/962/875
f 809/937/876 808/935/876 823/961/876 824/963/876
f 817/938/877 816/936/877 831/962/877 832/964/877
f 810/939/878 809/937/878 824/963/878 825/965/878
f 818/940/879 817/938/879 832/964/879 833/949/879
f 811/941/880 810/939/880 825/965/880 826/951/880
f 831/962/881 830/960/881 845/966/881 846/967/881
f 824/963/882 823/961/882 838/968/882 839/969/882
f 832/964/883 831/962/883 846/967/883 847/970/883
f 825/965/884 824/963/884 839/969/884 840/971/884
f 833/949/885 832/964/885 847/970/885 848/972/885
f 826/951/886 825/965/886 840/971/886 841/973/886
f 834/950/887 833/949/887 848/972/887 849/974/887
f 827/952/888 826/951/888 841/973/888 842/975/888
f 835/953/889 834/950/889 849/974/889 850/976/889
f 828/954/890 827/952/890 842/975/890 843/977/890
f 821/956/891 483/978/891 836/979/891
f 490/980/892 835/953/892 850/976/892
f 829/958/893 828/954/893 843/977/893 844/981/893
f 822/959/894 821/956/894 836/979/894 837/982/894
f 830/960/895 829/958/895 844/981/895 845/966/895
f 823/961/896 822/959/896 837/982/896 838/968/896
f 850/983/897 849/984/897 864/985/897 865/986/897
f 843/987/898 842/988/898 857/989/898 858/990/898
f 836/991/899 483/992/899 851/993/899
f 490/994/900 850/983/900 865/986/900
f 844/995/901 843/987/901 858/990/901 859/996/901
f 837/997/902 836/991/902 851/993/902 852/998/902
f 845/999/903 844/995/903 859/996/903 860/1000/903
f 838/1001/904 837/997/904 852/998/904 853/1002/904
f 846/1003/905 845/999/905 860/1000/905 861/1004/905
f 839/1005/906 838/1001/906 853/1002/906 854/1006/906
f 847/1007/907 846/1003/907 861/1004/907 862/1008/907
f 840/1009/908 839/1005/908 854/1006/908 855/1010/908
f 848/1011/909 847/1007/909 862/1008/909 863/1012/909
f 841/1013/910 840/1009/910 855/1010/910 856/1014/910
f 849/984/911 848/1011/911 863/1012/911 864/985/911
f 842/988/912 841/1013/912 856/1014/912 857/989/912
f 854/1006/913 853/1002/913 868/1015/913 869/1016/913
f 862/1008/914 861/1004/914 876/1017/914 877/1018/914
f 855/1010/915 854/1006/915 869/1016/915 870/1019/915
f 863/1012/916 862/1008/916 877/1018/916 878/1020/916
f 856/1014/917 855/1010/917 870/1019/917 871/1021/917
f 864/985/918 863/1012/918 878/1020/918 879/1022/918
f 857/989/919 856/1014/919 871/1021/919 872/1023/919
f 865/986/920 864/985/920 879/1022/920 880/1024/920
f 858/990/921 857/989/921 872/1023/921 873/1025/921
f 851/993/922 483/1026/922 866/1027/922
f 490/1028/923 865/986/923 880/1024/923
f 859/996/924 858/990/924 873/1025/924 874/1029/924
f 852/998/925 851/993/925 866/1027/925 867/1030/925
f 860/1000/926 859/996/926 874/1029/926 875/1031/926
f 853/1002/927 852/998/927 867/1030/927 868/1015/927
f 861/1004/928 860/1000/928 875/1031/928 876/1017/928
f 873/1025/929 872/1023/929 887/1032/929 888/1033/929
f 866/1027/930 483/1034/930 881/1035/930
f 490/1036/931 880/1024/931 895/1037/931
f 874/1029/932 873/1025/932 888/1033/932 889/1038/932
f 867/1030/933 866/1027/933 881/1035/933 882/1039/933
f 875/1031/934 874/1029/934 889/1038/934 890/1040/934
f 868/1015/935 867/1030/935 882/1039/935 883/1041/935
f 876/1017/936 875/1031/936 890/1040/936 891/1042/936
f 869/1016/937 868/1015/937 883/1041/937 884/1043/937
f 877/1018/938 876/1017/938 891/1042/938 892/1044/938
f 870/1019/939 869/1016/939 884/1043/939 885/1045/939
f 878/1020/940 877/1018/940 892/1044/940 893/1046/940
f 871/1021/941 870/1019/941 885/1045/941 886/1047/941
f 879/1022/942 878/1020/942 893/1046/942 894/1048/942
f 872/1023/943 871/1021/943 886/1047/943 887/1032/943
f 880/1024/944 879/1022/944 894/1048/944 895/1037/944
f 892/1044/945 891/1042/945 906/1049/945 907/1050/945
f 885/1045/946 884/1043/946 899/1051/946 900/1052/946
f 893/1046/947 892/1044/947 907/1050/947 908/1053/947
f 886/1047/948 885/1045/948 900/1052/948 901/1054/948
f 894/1048/949 893/1046/949 908/1053/949 909/1055/949
f 887/1032/950 886/1047/950 901/1054/950 902/1056/950
f 895/1037/951 894/1048/951 909/1055/951 910/1057/951
f 888/1033/952 887/1032/952 902/1056/952 903/1058/952
f 881/1035/953 483/1059/953 896/1060/953
f 490/1061/954 895/1037/954 910/1057/954
f 889/1038/955 888/1033/955 903/1058/955 904/1062/955
f 882/1039/956 881/1035/956 896/1060/956 897/1063/956
f 890/1040/957 889/1038/957 904/1062/957 905/1064/957
f 883/1041/958 882/1039/958 897/1063/958 898/1065/958
f 891/1042/959 890/1040/959 905/1064/959 906/1049/959
f 884/1043/960 883/1041/960 898/1065/960 899/1051/960
f 896/1060/961 483/1066/961 911/1067/961
f 490/1068/962 910/1057/962 925/1069/962
f 904/1062/963 903/1058/963 918/1070/963 919/1071/963
f 897/1063/964 896/1060/964 911/1067/964 912/1072/964
f 905/1064/965 904/1062/965 919/1071/965 920/1073/965
f 898/1065/966 897/1063/966 912/1072/966 913/1074/966
f 906/1049/967 905/1064/967 920/1073/967 921/1075/967
f 899/1051/968 898/1065/968 913/1074/968 914/1076/968
f 907/1050/969 906/1049/969 921/1075/969 922/1077/969
f 900/1052/970 899/1051/970 914/1076/970 915/1078/970
f 908/1053/971 907/1050/971 922/1077/971 923/1079/971
f 901/1054/972 900/1052/972 915/1078/972 916/1080/972
f 909/1055/973 908/1053/973 923/1079/973 924/1081/973
f 902/1056/974 901/1054/974 916/1080/974 917/1082/974
f 910/1057/975 909/1055/975 924/1081/975 925/1069/975
f 903/1058/976 902/1056/976 917/1082/976 918/1070/976
f 915/1078/977 914/1076/977 929/1083/977 930/1084/977
f 923/1079/978 922/1077/978 937/1085/978 938/1086/978
f 916/1080/979 915/1078/979 930/1084/979 931/1087/979
f 924/1081/980 923/1079/980 938/1086/980 939/1088/980
f 917/1082/981 916/1080/981 931/1087/981 932/1089/981
f 925/1069/982 924/1081/982 939/1088/982 940/1090/982
f 918/1070/983 917/1082/983 932/1089/983 933/1091/983
f 911/1067/984 483/1092/984 926/1093/984
f 490/1094/985 925/1069/985 940/1090/985
f 919/1071/986 918/1070/986 933/1091/986 934/1095/986
f 912/1072/987 911/1067/987 926/1093/987 927/1096/987
f 920/1073/988 919/1071/988 934/1095/988 935/1097/988
f 913/1074/989 912/1072/989 927/1096/989 928/1098/989
f 921/1075/990 920/1073/990 935/1097/990 936/1099/990
f 914/1076/991 913/1074/991 928/1098/991 929/1083/991
f 922/1077/992 921/1075/992 936/1099/992 937/1085/992
f 934/1095/993 933/1091/993 948/1100/993 949/1101/993
f 927/1096/994 926/1093/994 941/1102/994 942/1103/994
f 935/1097/995 934/1095/995 949/1101/995 950/1104/995
f 928/1098/996 927/1096/996 942/1103/996 943/1105/996
f 936/1099/997 935/1097/997 950/1104/997 951/1106/997
f 929/1083/998 928/1098/998 943/1105/998 944/1107/998
f 937/1085/999 936/1099/999 951/1106/999 952/1108/999
f 930/1084/1000 929/1083/1000 944/1107/1000 945/1109/1000
f 938/1086/1001 937/1085/1001 952/1108/1001 953/1110/1001
f 931/1087/1002 930/1084/1002 945/1109/1002 946/1111/1002
f 939/1088/1003 938/1086/1003 953/1110/1003 954/1112/1003
f 932/1089/1004 931/1087/1004 946/1111/1004 947/1113/1004
f 940/1090/1005 939/1088/1005 954/1112/1005 955/1114/1005
f 933/1091/1006 932/1089/1006 947/1113/1006 948/1100/1006
f 926/1093/1007 483/1115/1007 941/1102/1007
f 490/1116/1008 940/1090/1008 955/1114/1008
f 953/1110/1009 952/1108/1009 961/561/1009 962/560/1009
f 946/1111/1010 945/1109/1010 485/565/1010 959/564/1010
f 954/1112/1011 953/1110/1011 962/560/1011 963/568/1011
f 947/1113/1012 946/1111/1012 959/564/1012 486/570/1012
f 955/1114/1013 954/1112/1013 963/568/1013 964/572/1013
f 948/1100/1014 947/1113/1014 486/570/1014 487/574/1014
f 941/1102/1015 483/1117/1015 956/576/1015
f 490/1118/1016 955/1114/1016 964/572/1016
f 949/1101/1017 948/1100/1017 487/574/1017 488/580/1017
f 942/1103/1018 941/1102/1018 956/576/1018 957/582/1018
f 950/1104/1019 949/1101/1019 488/580/1019 960/584/1019
f 943/1105/1020 942/1103/1020 957/582/1020 484/586/1020
f 951/1106/1021 950/1104/1021 960/584/1021 489/588/1021
f 944/1107/1022 943/1105/1022 484/586/1022 958/590/1022
f 952/1108/1023 951/1106/1023 489/588/1023 961/561/1023
f 945/1109/1024 944/1107/1024 958/590/1024 485/565/1024
o Sphere.002
v 0.000000 3.571722 0.000000
v 0.000000 3.476037 -0.315433
v 0.000000 3.319391 -0.472079
v 0.000000 3.114723 -0.556855
v 0.000000 3.003958 -0.567764
v 0.000000 2.893193 -0.556855
v 0.000000 2.688525 -0.472079
v 0.000000 2.436193 0.000000
v 0.021609 3.560813 -0.108637
v 0.042388 3.528504 -0.213099
v 0.061538 3.476037 -0.309372
v 0.078323 3.405428 -0.393756
v 0.092098 3.319391 -0.463008
v 0.102334 3.221232 -0.514467
v 0.108637 3.114723 -0.546155
v 0.110765 3.003958 -0.556855
v 0.108637 2.893193 -0.546155
v 0.102334 2.786684 -0.514467
v 0.092098 2.688525 -0.463008
v 0.078323 2.602488 -0.393756
v 0.061538 2.531879 -0.309372
v 0.042388 2.479412 -0.213099
v 0.021609 2.447103 -0.108637
v 0.042388 3.560813 -0.102334
v 0.083147 3.528504 -0.200735
v 0.120711 3.476037 -0.291422
v 0.153636 3.405428 -0.370910
v 0.180657 3.319391 -0.436144
v 0.200735 3.221232 -0.484617
v 0.213099 3.114723 -0.514467
v 0.217274 3.003958 -0.524546
v 0.213099 2.893193 -0.514467
v 0.200735 2.786684 -0.484617
v 0.180657 2.688525 -0.436144
v 0.153636 2.602488 -0.370910
v 0.120711 2.531879 -0.291422
v 0.083147 2.479412 -0.200735
v 0.042388 2.447103 -0.102334
v 0.061538 3.560813 -0.092098
v 0.120711 3.528504 -0.180657
v 0.175245 3.476037 -0.262273
v 0.223045 3.405428 -0.333810
v 0.262273 3.319391 -0.392519
v 0.291422 3.221232 -0.436144
v 0.309372 3.114723 -0.463008
v 0.315433 3.003958 -0.472079
v 0.309372 2.893193 -0.463008
v 0.291422 2.786684 -0.436144
v 0.262273 2.688525 -0.392519
v 0.223045 2.602488 -0.333810
v 0.175245 2.531879 -0.262273
v 0.120711 2.479412 -0.180657
v 0.061538 2.447103 -0.092098
v 0.078323 3.560813 -0.078323
v 0.153636 3.528504 -0.153636
v 0.223045 3.476037 -0.223045
v 0.283882 3.405428 -0.283882
v 0.333810 3.319391 -0.333810
v 0.370910 3.221232 -0.370910
v 0.393756 3.114723 -0.393756
v 0.401470 3.003958 -0.401470
v 0.393756 2.893193 -0.393756
v 0.370910 2.786684 -0.370910
v 0.333810 2.688525 -0.333810
v 0.283882 2.602488 -0.283882
v 0.223045 2.531879 -0.223045
v 0.153636 2.479412 -0.153636
v 0.078323 2.447103 -0.078323
v 0.092098 3.560813 -0.061538
v 0.180657 3.528504 -0.120711
v 0.262273 3.476037 -0.175245
v 0.333810 3.405428 -0.223045
v 0.392519 3.319391 -0.262273
v 0.436144 3.221232 -0.291422
v 0.463008 3.114723 -0.309372
v 0.472079 3.003958 -0.315433
v 0.463008 2.893193 -0.309372
v 0.436144 2.786684 -0.291422
v 0.392519 2.688525 -0.262273
v 0.333810 2.602488 -0.223045
v 0.262273 2.531879 -0.175245
v 0.180657 2.479412 -0.120711
v 0.092098 2.447103 -0.061538
v 0.102334 3.560813 -0.042388
v 0.200735 3.528504 -0.083147
v 0.291422 3.476037 -0.120711
v 0.370910 3.405428 -0.153636
v 0.436144 3.319391 -0.180657
v 0.484617 3.221232 -0.200735
v 0.514467 3.114723 -0.213099
v 0.524546 3.003958 -0.217274
v 0.514467 2.893193 -0.213099
v 0.484617 2.786684 -0.200735
v 0.436144 2.688525 -0.180657
v 0.370910 2.602488 -0.153636
v 0.291422 2.531879 -0.120711
v 0.200735 2.479412 -0.083147
v 0.102334 2.447103 -0.042388
v 0.108637 3.560813 -0.021609
v 0.213099 3.528504 -0.042388
v 0.309372 3.476037 -0.061538
v 0.393756 3.405428 -0.078323
v 0.463008 3.319391 -0.092098
v 0.514467 3.221232 -0.102334
v 0.546155 3.114723 -0.108637
v 0.556855 3.003958 -0.110765
v 0.546155 2.893193 -0.108637
v 0.514467 2.786684 -0.102334
v 0.463008 2.688525 -0.092098
v 0.393756 2.602488 -0.078323
v 0.309372 2.531879 -0.061538
v 0.213099 2.479412 -0.042388
v 0.108637 2.447103 -0.021609
v 0.110765 3.560813 0.000000
v 0.217274 3.528504 0.000000
v 0.315433 3.476037 0.000000
v 0.401470 3.405428 -0.000000
v 0.472079 3.319391 0.000000
v 0.524546 3.221232 -0.000000
v 0.556855 3.114723 0.000000
v 0.567764 3.003958 0.000000
v 0.556855 2.893193 0.000000
v 0.524546 2.786684 -0.000000
v 0.472079 2.688525 0.000000
v 0.401470 2.602488 -0.000000
v 0.315433 2.531879 0.000000
v 0.217274 2.479412 0.000000
v 0.110765 2.447103 0.000000
v 0.108637 3.560813 0.021609
v 0.213099 3.528504 0.042388
v 0.309372 3.476037 0.061538
v 0.393756 3.405428 0.078323
v 0.463008 3.319391 0.092098
v 0.514467 3.221232 0.102334
v 0.546155 3.114723 0.108637
v 0.556855 3.003958 0.110765
v 0.546155 2.893193 0.108637
v 0.514467 2.786684 0.102334
v 0.463008 2.688525 0.092098
v 0.393756 2.602488 0.078323
v 0.309372 2.531879 0.061538
v 0.213099 2.479412 0.042388
v 0.108637 2.447103 0.021609
v 0.102334 3.560813 0.042388
v 0.200735 3.528504 0.083147
v 0.291422 3.476037 0.120711
v 0.370910 3.405428 0.153636
v 0.436144 3.319391 0.180657
v 0.484617 3.221232 0.200735
v 0.514467 3.114723 0.213099
v 0.524546 3.003958 0.217274
v 0.514467 2.893193 0.213099
v 0.484617 2.786684 0.200735
v 0.436144 2.688525 0.180657
v 0.370910 2.602488 0.153636
v 0.291422 2.531879 0.120711
v 0.200735 2.479412 0.083147
v 0.102334 2.447103 0.042388
v 0.092098 3.560813 0.061538
v 0.180657 3.528504 0.120711
v 0.262273 3.476037 0.175245
v 0.333810 3.405428 0.223045
v 0.392519 3.319391 0.262273
v 0.436144 3.221232 0.291422
v 0.463008 3.114723 0.309372
v 0.472079 3.003958 0.315433
v 0.463008 2.893193 0.309372
v 0.436144 2.786684 0.291422
v 0.392519 2.688525 0.262273
v 0.333810 2.602488 0.223045
v 0.262273 2.531879 0.175245
v 0.180657 2.479412 0.120711
v 0.092098 2.447103 0.061538
v 0.078323 3.560813 0.078323
v 0.153636 3.528504 0.153636
v 0.223045 3.476037 0.223045
v 0.283882 3.405428 0.283882
v 0.333810 3.319391 0.333810
v 0.370910 3.221232 0.370910
v 0.393756 3.114723 0.393756
v 0.401470 3.003958 0.401470
v 0.393756 2.893193 0.393756
v 0.370910 2.786684 0.370910
v 0.333810 2.688525 0.333810
v 0.283882 2.602488 0.283882
v 0.223045 2.531879 0.223045
v 0.153636 2.479412 0.153636
v 0.078323 2.447103 0.078323
v 0.061538 3.560813 0.092098
v 0.120711 3.528504 0.180657
v 0.175245 3.476037 0.262273
v 0.223045 3.405428 0.333810
v 0.262273 3.319391 0.392519
v 0.291422 3.221232 0.436144
v 0.309372 3.114723 0.463008
v 0.315433 3.003958 0.472079
v 0.309372 2.893193 0.463008
v 0.291422 2.786684 0.436144
v 0.262273 2.688525 0.392519
v 0.223045 2.602488 0.333810
v 0.175245 2.531879 0.262273
v 0.120711 2.479412 0.180657
v 0.061538 2.447103 0.092098
v 0.042388 3.560813 0.102334
v 0.083147 3.528504 0.200735
v 0.120711 3.476037 0.291422
v 0.153636 3.405428 0.370910
v 0.180657 3.319391 0.436144
v 0.200735 3.221232 0.484617
v 0.213099 3.114723 0.514467
v 0.217274 3.003958 0.524546
v 0.213099 2.893193 0.514467
v 0.200735 2.786684 0.484617
v 0.180657 2.688525 0.436144
v 0.153636 2.602488 0.370910
v 0.120711 2.531879 0.291422
v 0.083147 2.479412 0.200735
v 0.042388 2.447103 0.102334
v 0.021609 3.560813 0.108637
v 0.042388 3.528504 0.213099
v 0.061538 3.476037 0.309372
v 0.078323 3.405428 0.393756
v 0.092098 3.319391 0.463008
v 0.102334 3.221232 0.514467
v 0.108637 3.114723 0.546155
v 0.110765 3.003958 0.556855
v 0.108637 2.893193 0.546155
v 0.102334 2.786684 0.514467
v 0.092098 2.688525 0.463008
v 0.078323 2.602488 0.393756
v 0.061538 2.531879 0.309372
v 0.042388 2.479412 0.213099
v 0.021609 2.447103 0.108637
v -0.000000 3.560813 0.110765
v -0.000000 3.528504 0.217274
v -0.000000 3.476037 0.315433
v -0.000000 3.405428 0.401470
v -0.000000 3.319391 0.472079
v 0.000000 3.221232 0.524546
v -0.000000 3.114723 0.556855
v -0.000000 3.003958 0.567764
v -0.000000 2.893193 0.556855
v 0.000000 2.786684 0.524546
v -0.000000 2.688525 0.472079
v -0.000000 2.602488 0.401470
v -0.000000 2.531879 0.315433
v -0.000000 2.479412 0.217274
v -0.000000 2.447103 0.110765
v -0.021609 3.560813 0.108637
v -0.042388 3.528504 0.213099
v -0.061538 3.476037 0.309372
v -0.078323 3.405428 0.393756
v -0.092098 3.319391 0.463008
v -0.102334 3.221232 0.514467
v -0.108637 3.114723 0.546155
v -0.110765 3.003958 0.556854
v -0.108637 2.893193 0.546155
v -0.102334 2.786684 0.514467
v -0.092098 2.688525 0.463008
v -0.078323 2.602488 0.393756
v -0.061538 2.531879 0.309372
v -0.042388 2.479412 0.213099
v -0.021609 2.447103 0.108637
v -0.042388 3.560813 0.102334
v -0.083147 3.528504 0.200735
v -0.120711 3.476037 0.291422
v -0.153636 3.405428 0.370910
v -0.180657 3.319391 0.436144
v -0.200735 3.221232 0.484617
v -0.213099 3.114723 0.514467
v -0.217274 3.003958 0.524545
v -0.213099 2.893193 0.514467
v -0.200735 2.786684 0.484617
v -0.180657 2.688525 0.436144
v -0.153636 2.602488 0.370910
v -0.120711 2.531879 0.291422
v -0.083147 2.479412 0.200735
v -0.042388 2.447103 0.102334
v -0.061538 3.560813 0.092098
v -0.120711 3.528504 0.180657
v -0.175245 3.476037 0.262273
v -0.223045 3.405428 0.333810
v -0.262273 3.319391 0.392519
v -0.291422 3.221232 0.436144
v -0.309372 3.114723 0.463008
v -0.315433 3.003958 0.472078
v -0.309372 2.893193 0.463008
v -0.291422 2.786684 0.436144
v -0.262273 2.688525 0.392519
v -0.223045 2.602488 0.333810
v -0.175245 2.531879 0.262273
v -0.120711 2.479412 0.180657
v -0.061538 2.447103 0.092098
v -0.078323 3.560813 0.078323
v -0.153636 3.528504 0.153636
v -0.223045 3.476037 0.223045
v -0.283882 3.405428 0.283882
v -0.333810 3.319391 0.333810
v -0.370910 3.221232 0.370910
v -0.393756 3.114723 0.393756
v -0.401470 3.003958 0.401470
v -0.393756 2.893193 0.393756
v -0.370910 2.786684 0.370910
v -0.333810 2.688525 0.333810
v -0.283882 2.602488 0.283882
v -0.223045 2.531879 0.223045
v -0.153636 2.479412 0.153636
v -0.078323 2.447103 0.078323
v -0.092098 3.560813 0.061538
v -0.180657 3.528504 0.120711
v -0.262273 3.476037 0.175245
v -0.333810 3.405428 0.223045
v -0.392519 3.319391 0.262273
v -0.436144 3.221232 0.291422
v -0.463008 3.114723 0.309372
v -0.472079 3.003958 0.315432
v -0.463008 2.893193 0.309372
v -0.436144 2.786684 0.291422
v -0.392519 2.688525 0.262273
v -0.333810 2.602488 0.223045
v -0.262273 2.531879 0.175245
v -0.180657 2.479412 0.120711
v -0.092098 2.447103 0.061538
v -0.102334 3.560813 0.042388
v -0.200735 3.528504 0.083147
v -0.291422 3.476037 0.120711
v -0.370910 3.405428 0.153636
v -0.436144 3.319391 0.180657
v -0.484617 3.221232 0.200735
v -0.514467 3.114723 0.213099
v -0.524545 3.003958 0.217274
v -0.514467 2.893193 0.213099
v -0.484617 2.786684 0.200735
v -0.436144 2.688525 0.180657
v -0.370910 2.602488 0.153636
v -0.291422 2.531879 0.120711
v -0.200735 2.479412 0.083147
v -0.102334 2.447103 0.042388
v -0.108637 3.560813 0.021609
v -0.213099 3.528504 0.042388
v -0.309372 3.476037 0.061538
v -0.393756 3.405428 0.078323
v -0.463008 3.319391 0.092098
v -0.514467 3.221232 0.102334
v -0.546155 3.114723 0.108637
v -0.556854 3.003958 0.110765
v -0.546155 2.893193 0.108637
v -0.514467 2.786684 0.102334
v -0.463008 2.688525 0.092098
v -0.393756 2.602488 0.078323
v -0.309372 2.531879 0.061538
v -0.213099 2.479412 0.042388
v -0.108637 2.447103 0.021609
v -0.110765 3.560813 -0.000000
v -0.217274 3.528504 -0.000000
v -0.315433 3.476037 -0.000000
v -0.401470 3.405428 -0.000000
v -0.472079 3.319391 -0.000000
v -0.524546 3.221232 -0.000000
v -0.556855 3.114723 -0.000000
v -0.567764 3.003958 -0.000000
v -0.556855 2.893193 -0.000000
v -0.524546 2.786684 -0.000000
v -0.472079 2.688525 -0.000000
v -0.401470 2.602488 -0.000000
v -0.315433 2.531879 -0.000000
v -0.217274 2.479412 -0.000000
v -0.110765 2.447103 -0.000000
v -0.108637 3.560813 -0.021609
v -0.213099 3.528504 -0.042388
v -0.309372 3.476037 -0.061538
v -0.393756 3.405428 -0.078323
v -0.463008 3.319391 -0.092098
v -0.514467 3.221232 -0.102334
v -0.546155 3.114723 -0.108637
v -0.556854 3.003958 -0.110765
v -0.546155 2.893193 -0.108637
v -0.514467 2.786684 -0.102334
v -0.463008 2.688525 -0.092098
v -0.393756 2.602488 -0.078323
v -0.309372 2.531879 -0.061538
v -0.213099 2.479412 -0.042388
v -0.108637 2.447103 -0.021609
v -0.102334 3.560813 -0.042388
v -0.200735 3.528504 -0.083147
v -0.291422 3.476037 -0.120711
v -0.370910 3.405428 -0.153636
v -0.436144 3.319391 -0.180657
v -0.484617 3.221232 -0.200735
v -0.514467 3.114723 -0.213099
v -0.524545 3.003958 -0.217274
v -0.514467 2.893193 -0.213099
v -0.484617 2.786684 -0.200735
v -0.436144 2.688525 -0.180657
v -0.370910 2.602488 -0.153636
v -0.291422 2.531879 -0.120711
v -0.200735 2.479412 -0.083147
v -0.102334 2.447103 -0.042388
v -0.092098 3.560813 -0.061538
v -0.180657 3.528504 -0.120711
v -0.262273 3.476037 -0.175245
v -0.333810 3.405428 -0.223045
v -0.392519 3.319391 -0.262273
v -0.436144 3.221232 -0.291422
v -0.463008 3.114723 -0.309372
v -0.472078 3.003958 -0.315433
v -0.463008 2.893193 -0.309372
v -0.436144 2.786684 -0.291422
v -0.392519 2.688525 -0.262273
v -0.333810 2.602488 -0.223045
v -0.262273 2.531879 -0.175245
v -0.180657 2.479412 -0.120711
v -0.092098 2.447103 -0.061538
v -0.078323 3.560813 -0.078323
v -0.153636 3.528504 -0.153636
v -0.223044 3.476037 -0.223045
v -0.283882 3.405428 -0.283882
v -0.333810 3.319391 -0.333810
v -0.370910 3.221232 -0.370910
v -0.393756 3.114723 -0.393756
v -0.401469 3.003958 -0.401470
v -0.393756 2.893193 -0.393756
v -0.370910 2.786684 -0.370910
v -0.333810 2.688525 -0.333810
v -0.283882 2.602488 -0.283882
v -0.223044 2.531879 -0.223045
v -0.153636 2.479412 -0.153636
v -0.078323 2.447103 -0.078323
v -0.061538 3.560813 -0.092098
v -0.120711 3.528504 -0.180657
v -0.175245 3.476037 -0.262273
v -0.223045 3.405428 -0.333810
v -0.262273 3.319391 -0.392519
v -0.291422 3.221232 -0.436144
v -0.309372 3.114723 -0.463008
v -0.315432 3.003958 -0.472078
v -0.309372 2.893193 -0.463008
v -0.291422 2.786684 -0.436144
v -0.262273 2.688525 -0.392519
v -0.223045 2.602488 -0.333810
v -0.175245 2.531879 -0.262273
v -0.120711 2.479412 -0.180657
v -0.061538 2.447103 -0.092098
v -0.042388 3.560813 -0.102334
v -0.083147 3.528504 -0.200735
v -0.120711 3.476037 -0.291422
v -0.153636 3.405428 -0.370910
v -0.180656 3.319391 -0.436144
v -0.200735 3.221232 -0.484617
v -0.213099 3.114723 -0.514467
v -0.217274 3.003958 -0.524545
v -0.213099 2.893193 -0.514467
v -0.200735 2.786684 -0.484617
v -0.180656 2.688525 -0.436144
v -0.153636 2.602488 -0.370910
v -0.120711 2.531879 -0.291422
v -0.083147 2.479412 -0.200735
v -0.042388 2.447103 -0.102334
v -0.021609 3.560813 -0.108637
v -0.042388 3.528504 -0.213099
v -0.061538 3.476037 -0.309372
v -0.078323 3.405428 -0.393756
v -0.092098 3.319391 -0.463008
v -0.102334 3.221232 -0.514467
v -0.108637 3.114723 -0.546155
v -0.110765 3.003958 -0.556854
v -0.108637 2.893193 -0.546155
v -0.102334 2.786684 -0.514467
v -0.092098 2.688525 -0.463008
v -0.078323 2.602488 -0.393756
v -0.061538 2.531879 -0.309372
v -0.042388 2.479412 -0.213099
v -0.021609 2.447103 -0.108637
v 0.000000 3.560813 -0.110765
v 0.000000 3.528504 -0.217274
v 0.000000 3.405428 -0.401470
v 0.000000 3.221232 -0.524546
v 0.000000 2.786684 -0.524546
v 0.000000 2.602488 -0.401470
v 0.000000 2.531879 -0.315433
v 0.000000 2.479412 -0.217274
v 0.000000 2.447103 -0.110765
vn 0.0624 0.7715 -0.6332
vn 0.0759 -0.6326 -0.7708
vn 0.0759 0.6326 -0.7708
vn 0.0624 -0.7715 -0.6332
vn 0.0865 0.4696 -0.8786
vn 0.0464 -0.8810 -0.4709
vn 0.0938 0.2890 -0.9527
vn 0.0286 -0.9565 -0.2902
vn 0.0975 0.0975 -0.9904
vn 0.0097 0.9951 -0.0980
vn 0.0097 -0.9951 -0.0980
vn 0.0975 -0.0975 -0.9904
vn 0.0286 0.9565 -0.2902
vn 0.0938 -0.2890 -0.9527
vn 0.0464 0.8810 -0.4709
vn 0.0865 -0.4696 -0.8786
vn 0.1374 0.8810 -0.4528
vn 0.2563 -0.4696 -0.8448
vn 0.1847 0.7715 -0.6088
vn 0.2248 -0.6326 -0.7412
vn 0.2248 0.6326 -0.7412
vn 0.1847 -0.7715 -0.6088
vn 0.2563 0.4696 -0.8448
vn 0.1374 -0.8810 -0.4528
vn 0.2779 0.2890 -0.9161
vn 0.0846 -0.9565 -0.2790
vn 0.2889 0.0976 -0.9524
vn 0.0286 0.9951 -0.0942
vn 0.0286 -0.9951 -0.0942
vn 0.2889 -0.0976 -0.9524
vn 0.0846 0.9565 -0.2790
vn 0.2779 -0.2890 -0.9161
vn 0.4513 0.2890 -0.8443
vn 0.1374 -0.9565 -0.2571
vn 0.4691 0.0975 -0.8777
vn 0.0464 0.9951 -0.0869
vn 0.0464 -0.9951 -0.0869
vn 0.4691 -0.0975 -0.8777
vn 0.1374 0.9565 -0.2571
vn 0.4513 -0.2890 -0.8443
vn 0.2230 0.8810 -0.4173
vn 0.4162 -0.4696 -0.7786
vn 0.2999 0.7715 -0.5611
vn 0.3651 -0.6326 -0.6831
vn 0.3651 0.6326 -0.6831
vn 0.2999 -0.7715 -0.5611
vn 0.4162 0.4696 -0.7786
vn 0.2230 -0.8810 -0.4173
vn 0.5601 -0.4696 -0.6825
vn 0.4036 0.7715 -0.4918
vn 0.4913 -0.6326 -0.5987
vn 0.4913 0.6326 -0.5987
vn 0.4036 -0.7715 -0.4918
vn 0.5601 0.4696 -0.6825
vn 0.3002 -0.8810 -0.3658
vn 0.6073 0.2890 -0.7400
vn 0.1850 -0.9565 -0.2254
vn 0.6314 0.0975 -0.7693
vn 0.0625 0.9951 -0.0761
vn 0.0625 -0.9951 -0.0761
vn 0.6314 -0.0975 -0.7693
vn 0.1850 0.9565 -0.2254
vn 0.6073 -0.2890 -0.7400
vn 0.3002 0.8810 -0.3658
vn 0.2254 -0.9565 -0.1850
vn 0.7693 0.0975 -0.6314
vn 0.0761 0.9951 -0.0625
vn 0.0761 -0.9951 -0.0625
vn 0.7693 -0.0975 -0.6314
vn 0.2254 0.9565 -0.1850
vn 0.7400 -0.2890 -0.6073
vn 0.3658 0.8810 -0.3002
vn 0.6825 -0.4696 -0.5601
vn 0.4918 0.7715 -0.4036
vn 0.5987 -0.6326 -0.4913
vn 0.5987 0.6326 -0.4913
vn 0.4918 -0.7715 -0.4036
vn 0.6825 0.4696 -0.5601
vn 0.3658 -0.8810 -0.3002
vn 0.7400 0.2890 -0.6073
vn 0.5611 0.7715 -0.2999
vn 0.6831 -0.6326 -0.3651
vn 0.6831 0.6326 -0.3651
vn 0.5611 -0.7715 -0.2999
vn 0.7786 0.4696 -0.4162
vn 0.4173 -0.8810 -0.2230
vn 0.8443 0.2890 -0.4513
vn 0.2571 -0.9565 -0.1374
vn 0.8777 0.0975 -0.4691
vn 0.0869 0.9951 -0.0464
vn 0.0869 -0.9951 -0.0464
vn 0.8777 -0.0975 -0.4691
vn 0.2571 0.9565 -0.1374
vn 0.8443 -0.2890 -0.4513
vn 0.4173 0.8810 -0.2230
vn 0.7786 -0.4696 -0.4162
vn 0.9524 0.0975 -0.2889
vn 0.0942 0.9951 -0.0286
vn 0.0942 -0.9951 -0.0286
vn 0.9524 -0.0975 -0.2889
vn 0.2790 0.9565 -0.0846
vn 0.9161 -0.2890 -0.2779
vn 0.4528 0.8810 -0.1374
vn 0.8448 -0.4696 -0.2563
vn 0.6088 0.7715 -0.1847
vn 0.7412 -0.6326 -0.2248
vn 0.7412 0.6326 -0.2248
vn 0.6088 -0.7715 -0.1847
vn 0.8448 0.4696 -0.2563
vn 0.4528 -0.8810 -0.1374
vn 0.9161 0.2890 -0.2779
vn 0.2790 -0.9565 -0.0846
vn 0.7708 -0.6326 -0.0759
vn 0.7708 0.6326 -0.0759
vn 0.6332 -0.7715 -0.0624
vn 0.8786 0.4696 -0.0865
vn 0.4709 -0.8810 -0.0464
vn 0.9527 0.2890 -0.0938
vn 0.2902 -0.9565 -0.0286
vn 0.9904 0.0975 -0.0975
vn 0.0980 0.9951 -0.0097
vn 0.0980 -0.9951 -0.0097
vn 0.9904 -0.0975 -0.0975
vn 0.2902 0.9565 -0.0286
vn 0.9527 -0.2890 -0.0938
vn 0.4709 0.8810 -0.0464
vn 0.8786 -0.4696 -0.0865
vn 0.6332 0.7715 -0.0624
vn 0.0980 -0.9951 0.0097
vn 0.9904 -0.0975 0.0976
vn 0.2902 0.9565 0.0286
vn 0.9527 -0.2890 0.0938
vn 0.4709 0.8810 0.0464
vn 0.8786 -0.4696 0.0865
vn 0.6332 0.7715 0.0624
vn 0.7708 -0.6326 0.0759
vn 0.7708 0.6326 0.0759
vn 0.6332 -0.7715 0.0624
vn 0.8786 0.4696 0.0865
vn 0.4709 -0.8810 0.0464
vn 0.9527 0.2890 0.0938
vn 0.2902 -0.9565 0.0286
vn 0.9904 0.0975 0.0976
vn 0.0980 0.9951 0.0097
vn 0.6088 -0.7715 0.1847
vn 0.8448 0.4696 0.2563
vn 0.4528 -0.8810 0.1374
vn 0.9161 0.2890 0.2779
vn 0.2790 -0.9565 0.0846
vn 0.9524 0.0975 0.2889
vn 0.0942 0.9951 0.0286
vn 0.0942 -0.9951 0.0286
vn 0.9524 -0.0975 0.2889
vn 0.2790 0.9565 0.0846
vn 0.9161 -0.2890 0.2779
vn 0.4528 0.8810 0.1374
vn 0.8448 -0.4696 0.2563
vn 0.6088 0.7715 0.1847
vn 0.7412 -0.6326 0.2248
vn 0.7412 0.6326 0.2248
vn 0.2571 0.9565 0.1374
vn 0.8443 -0.2890 0.4513
vn 0.4173 0.8810 0.2230
vn 0.7786 -0.4696 0.4162
vn 0.5611 0.7715 0.2999
vn 0.6831 -0.6326 0.3651
vn 0.6831 0.6326 0.3651
vn 0.5611 -0.7715 0.2999
vn 0.7786 0.4696 0.4162
vn 0.4173 -0.8810 0.2230
vn 0.8443 0.2890 0.4513
vn 0.2571 -0.9565 0.1374
vn 0.8777 0.0975 0.4691
vn 0.0869 0.9951 0.0464
vn 0.0869 -0.9951 0.0464
vn 0.8777 -0.0975 0.4691
vn 0.6825 0.4696 0.5601
vn 0.3658 -0.8810 0.3002
vn 0.7400 0.2890 0.6073
vn 0.2254 -0.9565 0.1850
vn 0.7693 0.0975 0.6314
vn 0.0761 0.9951 0.0625
vn 0.0761 -0.9951 0.0625
vn 0.7693 -0.0975 0.6314
vn 0.2254 0.9565 0.1850
vn 0.7400 -0.2890 0.6073
vn 0.3658 0.8810 0.3002
vn 0.6825 -0.4696 0.5601
vn 0.4918 0.7715 0.4036
vn 0.5987 -0.6326 0.4913
vn 0.5987 0.6326 0.4913
vn 0.4918 -0.7715 0.4036
vn 0.6073 -0.2890 0.7400
vn 0.3002 0.8810 0.3658
vn 0.5601 -0.4696 0.6825
vn 0.4036 0.7715 0.4918
vn 0.4913 -0.6326 0.5987
vn 0.4913 0.6326 0.5987
vn 0.4036 -0.7715 0.4918
vn 0.5601 0.4696 0.6825
vn 0.3002 -0.8810 0.3658
vn 0.6073 0.2890 0.7400
vn 0.1850 -0.9565 0.2254
vn 0.6314 0.0975 0.7693
vn 0.0625 0.9951 0.0761
vn 0.0625 -0.9951 0.0761
vn 0.6314 -0.0975 0.7693
vn 0.1850 0.9565 0.2254
vn 0.2230 -0.8810 0.4173
vn 0.4513 0.2890 0.8443
vn 0.1374 -0.9565 0.2571
vn 0.4691 0.0975 0.8777
vn 0.0464 0.9951 0.0869
vn 0.0464 -0.9951 0.0869
vn 0.4691 -0.0975 0.8777
vn 0.1374 0.9565 0.2571
vn 0.4513 -0.2890 0.8443
vn 0.2230 0.8810 0.4173
vn 0.4162 -0.4696 0.7786
vn 0.2999 0.7715 0.5611
vn 0.3651 -0.6326 0.6831
vn 0.3651 0.6326 0.6831
vn 0.2999 -0.7715 0.5611
vn 0.4162 0.4696 0.7786
vn 0.1374 0.8810 0.4528
vn 0.2563 -0.4696 0.8448
vn 0.1847 0.7715 0.6088
vn 0.2248 -0.6326 0.7412
vn 0.2248 0.6326 0.7412
vn 0.1847 -0.7715 0.6088
vn 0.2563 0.4696 0.8448
vn 0.1374 -0.8810 0.4528
vn 0.2779 0.2890 0.9161
vn 0.0846 -0.9565 0.2790
vn 0.2889 0.0975 0.9524
vn 0.0286 0.9951 0.0942
vn 0.0286 -0.9951 0.0942
vn 0.2889 -0.0975 0.9524
vn 0.0846 0.9565 0.2790
vn 0.2779 -0.2890 0.9161
vn 0.0938 0.2890 0.9527
vn 0.0286 -0.9565 0.2902
vn 0.0975 0.0975 0.9904
vn 0.0097 0.9951 0.0980
vn 0.0097 -0.9951 0.0980
vn 0.0975 -0.0975 0.9904
vn 0.0286 0.9565 0.2902
vn 0.0938 -0.2890 0.9527
vn 0.0464 0.8810 0.4709
vn 0.0865 -0.4696 0.8786
vn 0.0624 0.7715 0.6332
vn 0.0759 -0.6326 0.7708
vn 0.0759 0.6326 0.7708
vn 0.0624 -0.7715 0.6332
vn 0.0865 0.4696 0.8786
vn 0.0464 -0.8810 0.4709
vn -0.0865 -0.4696 0.8786
vn -0.0624 0.7715 0.6332
vn -0.0759 -0.6326 0.7708
vn -0.0759 0.6326 0.7708
vn -0.0624 -0.7715 0.6332
vn -0.0865 0.4696 0.8786
vn -0.0464 -0.8810 0.4709
vn -0.0938 0.2890 0.9527
vn -0.0286 -0.9565 0.2902
vn -0.0976 0.0975 0.9904
vn -0.0097 0.9951 0.0980
vn -0.0097 -0.9951 0.0980
vn -0.0976 -0.0975 0.9904
vn -0.0286 0.9565 0.2902
vn -0.0938 -0.2890 0.9527
vn -0.0464 0.8810 0.4709
vn -0.0846 -0.9565 0.2790
vn -0.2889 0.0975 0.9524
vn -0.0286 0.9951 0.0942
vn -0.0286 -0.9951 0.0942
vn -0.2889 -0.0975 0.9524
vn -0.0846 0.9565 0.2790
vn -0.2779 -0.2890 0.9161
vn -0.1374 0.8810 0.4528
vn -0.2563 -0.4696 0.8448
vn -0.1847 0.7715 0.6088
vn -0.2248 -0.6326 0.7412
vn -0.2248 0.6326 0.7412
vn -0.1847 -0.7715 0.6088
vn -0.2563 0.4696 0.8448
vn -0.1374 -0.8810 0.4528
vn -0.2779 0.2890 0.9161
vn -0.3651 -0.6326 0.6831
vn -0.3651 0.6326 0.6831
vn -0.2999 -0.7715 0.5611
vn -0.4162 0.4696 0.7786
vn -0.2230 -0.8810 0.4173
vn -0.4513 0.2890 0.8443
vn -0.1374 -0.9565 0.2571
vn -0.4691 0.0975 0.8777
vn -0.0464 0.9951 0.0869
vn -0.0464 -0.9951 0.0869
vn -0.4691 -0.0975 0.8777
vn -0.1374 0.9565 0.2571
vn -0.4513 -0.2890 0.8443
vn -0.2230 0.8810 0.4173
vn -0.4162 -0.4696 0.7786
vn -0.2999 0.7715 0.5611
vn -0.0625 0.9951 0.0761
vn -0.0625 -0.9951 0.0761
vn -0.6314 -0.0975 0.7693
vn -0.1850 0.9565 0.2254
vn -0.6073 -0.2890 0.7400
vn -0.3002 0.8810 0.3658
vn -0.5601 -0.4696 0.6825
vn -0.4036 0.7715 0.4918
vn -0.4913 -0.6326 0.5987
vn -0.4913 0.6326 0.5987
vn -0.4036 -0.7715 0.4918
vn -0.5601 0.4696 0.6825
vn -0.3002 -0.8810 0.3658
vn -0.6073 0.2890 0.7400
vn -0.1850 -0.9565 0.2254
vn -0.6314 0.0975 0.7693
vn -0.5987 0.6326 0.4913
vn -0.4918 -0.7715 0.4036
vn -0.6825 0.4696 0.5601
vn -0.3658 -0.8810 0.3002
vn -0.7400 0.2890 0.6073
vn -0.2254 -0.9565 0.1850
vn -0.7693 0.0975 0.6314
vn -0.0761 0.9951 0.0625
vn -0.0761 -0.9951 0.0625
vn -0.7693 -0.0975 0.6314
vn -0.2254 0.9565 0.1850
vn -0.7400 -0.2890 0.6073
vn -0.3658 0.8810 0.3002
vn -0.6825 -0.4696 0.5601
vn -0.4918 0.7715 0.4036
vn -0.5987 -0.6326 0.4913
vn -0.8777 -0.0975 0.4691
vn -0.2571 0.9565 0.1374
vn -0.8443 -0.2890 0.4513
vn -0.4173 0.8810 0.2230
vn -0.7786 -0.4696 0.4162
vn -0.5611 0.7715 0.2999
vn -0.6831 -0.6326 0.3651
vn -0.6831 0.6326 0.3651
vn -0.5611 -0.7715 0.2999
vn -0.7786 0.4696 0.4162
vn -0.4173 -0.8810 0.2230
vn -0.8443 0.2890 0.4513
vn -0.2571 -0.9565 0.1374
vn -0.8777 0.0975 0.4691
vn -0.0869 0.9951 0.0464
vn -0.0869 -0.9951 0.0464
vn -0.6088 -0.7715 0.1847
vn -0.8448 0.4696 0.2563
vn -0.4528 -0.8810 0.1374
vn -0.9161 0.2890 0.2779
vn -0.2790 -0.9565 0.0846
vn -0.9524 0.0975 0.2889
vn -0.0942 0.9951 0.0286
vn -0.0942 -0.9951 0.0286
vn -0.9524 -0.0975 0.2889
vn -0.2790 0.9565 0.0846
vn -0.9161 -0.2890 0.2779
vn -0.4528 0.8810 0.1374
vn -0.8448 -0.4696 0.2563
vn -0.6088 0.7715 0.1847
vn -0.7412 -0.6326 0.2248
vn -0.7412 0.6326 0.2248
vn -0.2902 0.9565 0.0286
vn -0.9527 -0.2890 0.0938
vn -0.4709 0.8810 0.0464
vn -0.8786 -0.4696 0.0865
vn -0.6332 0.7715 0.0624
vn -0.7708 -0.6326 0.0759
vn -0.7708 0.6326 0.0759
vn -0.6332 -0.7715 0.0624
vn -0.8786 0.4696 0.0865
vn -0.4709 -0.8810 0.0464
vn -0.9527 0.2890 0.0938
vn -0.2902 -0.9565 0.0286
vn -0.9904 0.0975 0.0975
vn -0.0980 0.9951 0.0097
vn -0.0980 -0.9951 0.0097
vn -0.9904 -0.0975 0.0975
vn -0.8786 0.4696 -0.0865
vn -0.4709 -0.8810 -0.0464
vn -0.9527 0.2890 -0.0938
vn -0.2902 -0.9565 -0.0286
vn -0.9904 0.0975 -0.0976
vn -0.0980 0.9951 -0.0097
vn -0.0980 -0.9951 -0.0097
vn -0.9904 -0.0975 -0.0976
vn -0.2902 0.9565 -0.0286
vn -0.9527 -0.2890 -0.0938
vn -0.4709 0.8810 -0.0464
vn -0.8786 -0.4696 -0.0865
vn -0.6332 0.7715 -0.0624
vn -0.7708 -0.6326 -0.0759
vn -0.7708 0.6326 -0.0759
vn -0.6332 -0.7715 -0.0624
vn -0.9161 -0.2890 -0.2779
vn -0.4528 0.8810 -0.1374
vn -0.8448 -0.4696 -0.2563
vn -0.6088 0.7715 -0.1847
vn -0.7412 -0.6326 -0.2248
vn -0.7412 0.6326 -0.2248
vn -0.6088 -0.7715 -0.1847
vn -0.8448 0.4696 -0.2563
vn -0.4528 -0.8810 -0.1374
vn -0.9161 0.2890 -0.2779
vn -0.2790 -0.9565 -0.0846
vn -0.9524 0.0975 -0.2889
vn -0.0942 0.9951 -0.0286
vn -0.0942 -0.9951 -0.0286
vn -0.9524 -0.0975 -0.2889
vn -0.2790 0.9565 -0.0846
vn -0.4173 -0.8810 -0.2231
vn -0.8443 0.2890 -0.4513
vn -0.2571 -0.9565 -0.1374
vn -0.8777 0.0975 -0.4691
vn -0.0869 0.9951 -0.0464
vn -0.0869 -0.9951 -0.0464
vn -0.8777 -0.0975 -0.4691
vn -0.2571 0.9565 -0.1374
vn -0.8443 -0.2890 -0.4513
vn -0.4173 0.8810 -0.2231
vn -0.7786 -0.4696 -0.4162
vn -0.5611 0.7715 -0.2999
vn -0.6831 -0.6326 -0.3651
vn -0.6831 0.6326 -0.3651
vn -0.5611 -0.7715 -0.2999
vn -0.7786 0.4696 -0.4162
vn -0.6825 -0.4696 -0.5601
vn -0.4918 0.7715 -0.4036
vn -0.5987 -0.6326 -0.4913
vn -0.5987 0.6326 -0.4913
vn -0.4918 -0.7715 -0.4036
vn -0.6825 0.4696 -0.5601
vn -0.3658 -0.8810 -0.3002
vn -0.7400 0.2890 -0.6073
vn -0.2254 -0.9565 -0.1850
vn -0.7693 0.0975 -0.6314
vn -0.0761 0.9951 -0.0625
vn -0.0761 -0.9951 -0.0625
vn -0.7693 -0.0975 -0.6314
vn -0.2254 0.9565 -0.1850
vn -0.7400 -0.2890 -0.6073
vn -0.3658 0.8810 -0.3002
vn -0.1850 -0.9565 -0.2254
vn -0.6314 0.0975 -0.7693
vn -0.0625 0.9951 -0.0761
vn -0.0625 -0.9951 -0.0761
vn -0.6314 -0.0975 -0.7693
vn -0.1850 0.9565 -0.2254
vn -0.6073 -0.2890 -0.7400
vn -0.3002 0.8810 -0.3658
vn -0.5601 -0.4696 -0.6825
vn -0.4036 0.7715 -0.4918
vn -0.4913 -0.6326 -0.5987
vn -0.4913 0.6326 -0.5987
vn -0.4036 -0.7715 -0.4918
vn -0.5601 0.4696 -0.6825
vn -0.3002 -0.8810 -0.3658
vn -0.6073 0.2890 -0.7400
vn -0.2999 0.7715 -0.5611
vn -0.3651 -0.6326 -0.6831
vn -0.3651 0.6326 -0.6831
vn -0.2999 -0.7715 -0.5611
vn -0.4162 0.4696 -0.7786
vn -0.2230 -0.8810 -0.4173
vn -0.4513 0.2890 -0.8443
vn -0.1374 -0.9565 -0.2571
vn -0.4691 0.0975 -0.8777
vn -0.0464 0.9951 -0.0869
vn -0.0464 -0.9951 -0.0869
vn -0.4691 -0.0975 -0.8777
vn -0.1374 0.9565 -0.2571
vn -0.4513 -0.2890 -0.8443
vn -0.2230 0.8810 -0.4173
vn -0.4162 -0.4696 -0.7786
vn -0.2889 0.0975 -0.9524
vn -0.0286 0.9951 -0.0942
vn -0.0286 -0.9951 -0.0942
vn -0.2889 -0.0975 -0.9524
vn -0.0846 0.9565 -0.2790
vn -0.2779 -0.2890 -0.9161
vn -0.1374 0.8810 -0.4528
vn -0.2563 -0.4696 -0.8448
vn -0.1847 0.7715 -0.6088
vn -0.2248 -0.6326 -0.7412
vn -0.2248 0.6326 -0.7412
vn -0.1847 -0.7715 -0.6088
vn -0.2563 0.4696 -0.8448
vn -0.1374 -0.8810 -0.4528
vn -0.2779 0.2890 -0.9161
vn -0.0846 -0.9565 -0.2790
vn -0.0759 -0.6326 -0.7708
vn -0.0759 0.6326 -0.7708
vn -0.0624 -0.7715 -0.6332
vn -0.0865 0.4696 -0.8786
vn -0.0464 -0.8810 -0.4709
vn -0.0938 0.2890 -0.9527
vn -0.0286 -0.9565 -0.2902
vn -0.0976 0.0975 -0.9904
vn -0.0097 0.9951 -0.0980
vn -0.0097 -0.9951 -0.0980
vn -0.0976 -0.0975 -0.9904
vn -0.0286 0.9565 -0.2902
vn -0.0938 -0.2890 -0.9527
vn -0.0464 0.8810 -0.4709
vn -0.0865 -0.4696 -0.8786
vn -0.0624 0.7715 -0.6332
vt 0.750000 0.750000
vt 0.750000 0.812500
vt 0.718750 0.812500
vt 0.718750 0.750000
vt 0.750000 0.250000
vt 0.750000 0.312500
vt 0.718750 0.312500
vt 0.718750 0.250000
vt 0.750000 0.687500
vt 0.718750 0.687500
vt 0.750000 0.187500
vt 0.718750 0.187500
vt 0.750000 0.625000
vt 0.718750 0.625000
vt 0.750000 0.125000
vt 0.718750 0.125000
vt 0.750000 0.562500
vt 0.718750 0.562500
vt 0.750000 0.062500
vt 0.718750 0.062500
vt 0.750000 0.500000
vt 0.718750 0.500000
vt 0.750000 0.937500
vt 0.734375 1.000000
vt 0.718750 0.937500
vt 0.734375 0.000000
vt 0.750000 0.437500
vt 0.718750 0.437500
vt 0.750000 0.875000
vt 0.718750 0.875000
vt 0.750000 0.375000
vt 0.718750 0.375000
vt 0.687500 0.875000
vt 0.687500 0.812500
vt 0.687500 0.375000
vt 0.687500 0.312500
vt 0.687500 0.750000
vt 0.687500 0.250000
vt 0.687500 0.687500
vt 0.687500 0.187500
vt 0.687500 0.625000
vt 0.687500 0.125000
vt 0.687500 0.562500
vt 0.687500 0.062500
vt 0.687500 0.500000
vt 0.703125 1.000000
vt 0.687500 0.937500
vt 0.703125 0.000000
vt 0.687500 0.437500
vt 0.656250 0.625000
vt 0.656250 0.562500
vt 0.656250 0.125000
vt 0.656250 0.062500
vt 0.656250 0.500000
vt 0.671875 1.000000
vt 0.656250 0.937500
vt 0.671875 0.000000
vt 0.656250 0.437500
vt 0.656250 0.875000
vt 0.656250 0.375000
vt 0.656250 0.812500
vt 0.656250 0.312500
vt 0.656250 0.750000
vt 0.656250 0.250000
vt 0.656250 0.687500
vt 0.656250 0.187500
vt 0.625000 0.375000
vt 0.625000 0.312500
vt 0.625000 0.812500
vt 0.625000 0.750000
vt 0.625000 0.250000
vt 0.625000 0.687500
vt 0.625000 0.187500
vt 0.625000 0.625000
vt 0.625000 0.125000
vt 0.625000 0.562500
vt 0.625000 0.062500
vt 0.625000 0.500000
vt 0.640625 1.000000
vt 0.625000 0.937500
vt 0.640625 0.000000
vt 0.625000 0.437500
vt 0.625000 0.875000
vt 0.593750 0.125000
vt 0.593750 0.062500
vt 0.593750 0.562500
vt 0.593750 0.500000
vt 0.609375 1.000000
vt 0.593750 0.937500
vt 0.609375 0.000000
vt 0.593750 0.437500
vt 0.593750 0.875000
vt 0.593750 0.375000
vt 0.593750 0.812500
vt 0.593750 0.312500
vt 0.593750 0.750000
vt 0.593750 0.250000
vt 0.593750 0.687500
vt 0.593750 0.187500
vt 0.593750 0.625000
vt 0.562500 0.812500
vt 0.562500 0.750000
vt 0.562500 0.312500
vt 0.562500 0.250000
vt 0.562500 0.687500
vt 0.562500 0.187500
vt 0.562500 0.625000
vt 0.562500 0.125000
vt 0.562500 0.562500
vt 0.562500 0.062500
vt 0.562500 0.500000
vt 0.578125 1.000000
vt 0.562500 0.937500
vt 0.578125 0.000000
vt 0.562500 0.437500
vt 0.562500 0.875000
vt 0.562500 0.375000
vt 0.531250 0.562500
vt 0.531250 0.500000
vt 0.546875 1.000000
vt 0.531250 0.937500
vt 0.546875 0.000000
vt 0.531250 0.062500
vt 0.531250 0.437500
vt 0.531250 0.875000
vt 0.531250 0.375000
vt 0.531250 0.812500
vt 0.531250 0.312500
vt 0.531250 0.750000
vt 0.531250 0.250000
vt 0.531250 0.687500
vt 0.531250 0.187500
vt 0.531250 0.625000
vt 0.531250 0.125000
vt 0.500000 0.312500
vt 0.500000 0.250000
vt 0.500000 0.750000
vt 0.500000 0.687500
vt 0.500000 0.187500
vt 0.500000 0.625000
vt 0.500000 0.125000
vt 0.500000 0.562500
vt 0.500000 0.062500
vt 0.500000 0.500000
vt 0.515625 1.000000
vt 0.500000 0.937500
vt 0.515625 0.000000
vt 0.500000 0.437500
vt 0.500000 0.875000
vt 0.500000 0.375000
vt 0.500000 0.812500
vt 0.484375 0.000000
vt 0.468750 0.062500
vt 0.468750 0.500000
vt 0.468750 0.437500
vt 0.468750 0.937500
vt 0.468750 0.875000
vt 0.468750 0.375000
vt 0.468750 0.812500
vt 0.468750 0.312500
vt 0.468750 0.750000
vt 0.468750 0.250000
vt 0.468750 0.687500
vt 0.468750 0.187500
vt 0.468750 0.625000
vt 0.468750 0.125000
vt 0.468750 0.562500
vt 0.484375 1.000000
vt 0.437500 0.250000
vt 0.437500 0.187500
vt 0.437500 0.687500
vt 0.437500 0.625000
vt 0.437500 0.125000
vt 0.437500 0.562500
vt 0.437500 0.062500
vt 0.437500 0.500000
vt 0.453125 1.000000
vt 0.437500 0.937500
vt 0.453125 0.000000
vt 0.437500 0.437500
vt 0.437500 0.875000
vt 0.437500 0.375000
vt 0.437500 0.812500
vt 0.437500 0.312500
vt 0.437500 0.750000
vt 0.406250 0.937500
vt 0.406250 0.875000
vt 0.406250 0.437500
vt 0.406250 0.375000
vt 0.406250 0.812500
vt 0.406250 0.312500
vt 0.406250 0.750000
vt 0.406250 0.250000
vt 0.406250 0.687500
vt 0.406250 0.187500
vt 0.406250 0.625000
vt 0.406250 0.125000
vt 0.406250 0.562500
vt 0.406250 0.062500
vt 0.406250 0.500000
vt 0.421875 1.000000
vt 0.421875 0.000000
vt 0.375000 0.687500
vt 0.375000 0.625000
vt 0.375000 0.187500
vt 0.375000 0.125000
vt 0.375000 0.562500
vt 0.375000 0.062500
vt 0.375000 0.500000
vt 0.390625 1.000000
vt 0.375000 0.937500
vt 0.390625 0.000000
vt 0.375000 0.437500
vt 0.375000 0.875000
vt 0.375000 0.375000
vt 0.375000 0.812500
vt 0.375000 0.312500
vt 0.375000 0.750000
vt 0.375000 0.250000
vt 0.343750 0.437500
vt 0.343750 0.375000
vt 0.343750 0.875000
vt 0.343750 0.812500
vt 0.343750 0.312500
vt 0.343750 0.750000
vt 0.343750 0.250000
vt 0.343750 0.687500
vt 0.343750 0.187500
vt 0.343750 0.625000
vt 0.343750 0.125000
vt 0.343750 0.562500
vt 0.343750 0.062500
vt 0.343750 0.500000
vt 0.359375 1.000000
vt 0.343750 0.937500
vt 0.359375 0.000000
vt 0.312500 0.187500
vt 0.312500 0.125000
vt 0.312500 0.625000
vt 0.312500 0.562500
vt 0.312500 0.062500
vt 0.312500 0.500000
vt 0.328125 1.000000
vt 0.312500 0.937500
vt 0.328125 0.000000
vt 0.312500 0.437500
vt 0.312500 0.875000
vt 0.312500 0.375000
vt 0.312500 0.812500
vt 0.312500 0.312500
vt 0.312500 0.750000
vt 0.312500 0.250000
vt 0.312500 0.687500
vt 0.281250 0.875000
vt 0.281250 0.812500
vt 0.281250 0.375000
vt 0.281250 0.312500
vt 0.281250 0.750000
vt 0.281250 0.250000
vt 0.281250 0.687500
vt 0.281250 0.187500
vt 0.281250 0.625000
vt 0.281250 0.125000
vt 0.281250 0.562500
vt 0.281250 0.062500
vt 0.281250 0.500000
vt 0.296875 1.000000
vt 0.281250 0.937500
vt 0.296875 0.000000
vt 0.281250 0.437500
vt 0.250000 0.625000
vt 0.250000 0.562500
vt 0.250000 0.125000
vt 0.250000 0.062500
vt 0.250000 0.500000
vt 0.265625 1.000000
vt 0.250000 0.937500
vt 0.265625 0.000000
vt 0.250000 0.437500
vt 0.250000 0.875000
vt 0.250000 0.375000
vt 0.250000 0.812500
vt 0.250000 0.312500
vt 0.250000 0.750000
vt 0.250000 0.250000
vt 0.250000 0.687500
vt 0.250000 0.187500
vt 0.218750 0.375000
vt 0.218750 0.312500
vt 0.218750 0.812500
vt 0.218750 0.750000
vt 0.218750 0.250000
vt 0.218750 0.687500
vt 0.218750 0.187500
vt 0.218750 0.625000
vt 0.218750 0.125000
vt 0.218750 0.562500
vt 0.218750 0.062500
vt 0.218750 0.500000
vt 0.234375 1.000000
vt 0.218750 0.937500
vt 0.234375 0.000000
vt 0.218750 0.437500
vt 0.218750 0.875000
vt 0.187500 0.125000
vt 0.187500 0.062500
vt 0.187500 0.562500
vt 0.187500 0.500000
vt 0.203125 1.000000
vt 0.187500 0.937500
vt 0.203125 0.000000
vt 0.187500 0.437500
vt 0.187500 0.875000
vt 0.187500 0.375000
vt 0.187500 0.812500
vt 0.187500 0.312500
vt 0.187500 0.750000
vt 0.187500 0.250000
vt 0.187500 0.687500
vt 0.187500 0.187500
vt 0.187500 0.625000
vt 0.156250 0.312500
vt 0.156250 0.250000
vt 0.156250 0.750000
vt 0.156250 0.687500
vt 0.156250 0.187500
vt 0.156250 0.625000
vt 0.156250 0.125000
vt 0.156250 0.562500
vt 0.156250 0.062500
vt 0.156250 0.500000
vt 0.171875 1.000000
vt 0.156250 0.937500
vt 0.171875 0.000000
vt 0.156250 0.437500
vt 0.156250 0.875000
vt 0.156250 0.375000
vt 0.156250 0.812500
vt 0.140625 1.000000
vt 0.125000 0.937500
vt 0.140625 0.000000
vt 0.125000 0.062500
vt 0.125000 0.500000
vt 0.125000 0.437500
vt 0.125000 0.875000
vt 0.125000 0.375000
vt 0.125000 0.812500
vt 0.125000 0.312500
vt 0.125000 0.750000
vt 0.125000 0.250000
vt 0.125000 0.687500
vt 0.125000 0.187500
vt 0.125000 0.625000
vt 0.125000 0.125000
vt 0.125000 0.562500
vt 0.093750 0.750000
vt 0.093750 0.687500
vt 0.093750 0.250000
vt 0.093750 0.187500
vt 0.093750 0.625000
vt 0.093750 0.125000
vt 0.093750 0.562500
vt 0.093750 0.062500
vt 0.093750 0.500000
vt 0.109375 1.000000
vt 0.093750 0.937500
vt 0.109375 0.000000
vt 0.093750 0.437500
vt 0.093750 0.875000
vt 0.093750 0.375000
vt 0.093750 0.812500
vt 0.093750 0.312500
vt 0.062500 0.500000
vt 0.062500 0.437500
vt 0.062500 0.937500
vt 0.062500 0.875000
vt 0.062500 0.375000
vt 0.062500 0.812500
vt 0.062500 0.312500
vt 0.062500 0.750000
vt 0.062500 0.250000
vt 0.062500 0.687500
vt 0.062500 0.187500
vt 0.062500 0.625000
vt 0.062500 0.125000
vt 0.062500 0.562500
vt 0.062500 0.062500
vt 0.078125 1.000000
vt 0.078125 0.000000
vt 0.031250 0.250000
vt 0.031250 0.187500
vt 0.031250 0.687500
vt 0.031250 0.625000
vt 0.031250 0.125000
vt 0.031250 0.562500
vt 0.031250 0.062500
vt 0.031250 0.500000
vt 0.046875 1.000000
vt 0.031250 0.937500
vt 0.046875 0.000000
vt 0.031250 0.437500
vt 0.031250 0.875000
vt 0.031250 0.375000
vt 0.031250 0.812500
vt 0.031250 0.312500
vt 0.031250 0.750000
vt 0.000000 0.937500
vt 0.000000 0.875000
vt 0.000000 0.437500
vt 0.000000 0.375000
vt 0.000000 0.812500
vt 0.000000 0.312500
vt 0.000000 0.750000
vt 0.000000 0.250000
vt 0.000000 0.687500
vt 0.000000 0.187500
vt 0.000000 0.625000
vt 0.000000 0.125000
vt 0.000000 0.562500
vt 0.000000 0.062500
vt 0.000000 0.500000
vt 0.015625 1.000000
vt 0.015625 0.000000
vt 1.000000 0.625000
vt 1.000000 0.687500
vt 0.968750 0.687500
vt 0.968750 0.625000
vt 1.000000 0.125000
vt 1.000000 0.187500
vt 0.968750 0.187500
vt 0.968750 0.125000
vt 1.000000 0.562500
vt 0.968750 0.562500
vt 1.000000 0.062500
vt 0.968750 0.062500
vt 1.000000 0.500000
vt 0.968750 0.500000
vt 1.000000 0.937500
vt 0.984375 1.000000
vt 0.968750 0.937500
vt 0.984375 0.000000
vt 1.000000 0.437500
vt 0.968750 0.437500
vt 1.000000 0.875000
vt 0.968750 0.875000
vt 1.000000 0.375000
vt 0.968750 0.375000
vt 1.000000 0.812500
vt 0.968750 0.812500
vt 1.000000 0.312500
vt 0.968750 0.312500
vt 1.000000 0.750000
vt 0.968750 0.750000
vt 1.000000 0.250000
vt 0.968750 0.250000
vt 0.937500 0.437500
vt 0.937500 0.375000
vt 0.937500 0.875000
vt 0.937500 0.812500
vt 0.937500 0.312500
vt 0.937500 0.750000
vt 0.937500 0.250000
vt 0.937500 0.687500
vt 0.937500 0.187500
vt 0.937500 0.625000
vt 0.937500 0.125000
vt 0.937500 0.562500
vt 0.937500 0.062500
vt 0.937500 0.500000
vt 0.953125 1.000000
vt 0.937500 0.937500
vt 0.953125 0.000000
vt 0.906250 0.187500
vt 0.906250 0.125000
vt 0.906250 0.625000
vt 0.906250 0.562500
vt 0.906250 0.062500
vt 0.906250 0.500000
vt 0.921875 1.000000
vt 0.906250 0.937500
vt 0.921875 0.000000
vt 0.906250 0.437500
vt 0.906250 0.875000
vt 0.906250 0.375000
vt 0.906250 0.812500
vt 0.906250 0.312500
vt 0.906250 0.750000
vt 0.906250 0.250000
vt 0.906250 0.687500
vt 0.875000 0.375000
vt 0.875000 0.312500
vt 0.875000 0.812500
vt 0.875000 0.750000
vt 0.875000 0.250000
vt 0.875000 0.687500
vt 0.875000 0.187500
vt 0.875000 0.625000
vt 0.875000 0.125000
vt 0.875000 0.562500
vt 0.875000 0.062500
vt 0.875000 0.500000
vt 0.890625 1.000000
vt 0.875000 0.937500
vt 0.890625 0.000000
vt 0.875000 0.437500
vt 0.875000 0.875000
vt 0.843750 0.125000
vt 0.843750 0.062500
vt 0.843750 0.562500
vt 0.843750 0.500000
vt 0.859375 1.000000
vt 0.843750 0.937500
vt 0.859375 0.000000
vt 0.843750 0.437500
vt 0.843750 0.875000
vt 0.843750 0.375000
vt 0.843750 0.812500
vt 0.843750 0.312500
vt 0.843750 0.750000
vt 0.843750 0.250000
vt 0.843750 0.687500
vt 0.843750 0.187500
vt 0.843750 0.625000
vt 0.812500 0.812500
vt 0.812500 0.750000
vt 0.812500 0.312500
vt 0.812500 0.250000
vt 0.812500 0.687500
vt 0.812500 0.187500
vt 0.812500 0.625000
vt 0.812500 0.125000
vt 0.812500 0.562500
vt 0.812500 0.062500
vt 0.812500 0.500000
vt 0.828125 1.000000
vt 0.812500 0.937500
vt 0.828125 0.000000
vt 0.812500 0.437500
vt 0.812500 0.875000
vt 0.812500 0.375000
vt 0.781250 0.562500
vt 0.781250 0.500000
vt 0.796875 1.000000
vt 0.781250 0.937500
vt 0.796875 0.000000
vt 0.781250 0.062500
vt 0.781250 0.437500
vt 0.781250 0.875000
vt 0.781250 0.375000
vt 0.781250 0.812500
vt 0.781250 0.312500
vt 0.781250 0.750000
vt 0.781250 0.250000
vt 0.781250 0.687500
vt 0.781250 0.187500
vt 0.781250 0.625000
vt 0.781250 0.125000
vt 0.765625 1.000000
vt 0.765625 0.000000
s 0
f 1440/1119/1025 966/1120/1025 975/1121/1025 976/1122/1025
f 1443/1123/1026 971/1124/1026 983/1125/1026 984/1126/1026
f 967/1127/1027 1440/1119/1027 976/1122/1027 977/1128/1027
f 1444/1129/1028 1443/1123/1028 984/1126/1028 985/1130/1028
f 1441/1131/1029 967/1127/1029 977/1128/1029 978/1132/1029
f 1445/1133/1030 1444/1129/1030 985/1130/1030 986/1134/1030
f 968/1135/1031 1441/1131/1031 978/1132/1031 979/1136/1031
f 1446/1137/1032 1445/1133/1032 986/1134/1032 987/1138/1032
f 969/1139/1033 968/1135/1033 979/1136/1033 980/1140/1033
f 1438/1141/1034 965/1142/1034 973/1143/1034
f 972/1144/1035 1446/1137/1035 987/1138/1035
f 970/1145/1036 969/1139/1036 980/1140/1036 981/1146/1036
f 1439/1147/1037 1438/1141/1037 973/1143/1037 974/1148/1037
f 1442/1149/1038 970/1145/1038 981/1146/1038 982/1150/1038
f 966/1120/1039 1439/1147/1039 974/1148/1039 975/1121/1039
f 971/1124/1040 1442/1149/1040 982/1150/1040 983/1125/1040
f 975/1121/1041 974/1148/1041 989/1151/1041 990/1152/1041
f 983/1125/1042 982/1150/1042 997/1153/1042 998/1154/1042
f 976/1122/1043 975/1121/1043 990/1152/1043 991/1155/1043
f 984/1126/1044 983/1125/1044 998/1154/1044 999/1156/1044
f 977/1128/1045 976/1122/1045 991/1155/1045 992/1157/1045
f 985/1130/1046 984/1126/1046 999/1156/1046 1000/1158/1046
f 978/1132/1047 977/1128/1047 992/1157/1047 993/1159/1047
f 986/1134/1048 985/1130/1048 1000/1158/1048 1001/1160/1048
f 979/1136/1049 978/1132/1049 993/1159/1049 994/1161/1049
f 987/1138/1050 986/1134/1050 1001/1160/1050 1002/1162/1050
f 980/1140/1051 979/1136/1051 994/1161/1051 995/1163/1051
f 973/1143/1052 965/1164/1052 988/1165/1052
f 972/1166/1053 987/1138/1053 1002/1162/1053
f 981/1146/1054 980/1140/1054 995/1163/1054 996/1167/1054
f 974/1148/1055 973/1143/1055 988/1165/1055 989/1151/1055
f 982/1150/1056 981/1146/1056 996/1167/1056 997/1153/1056
f 994/1161/1057 993/1159/1057 1008/1168/1057 1009/1169/1057
f 1002/1162/1058 1001/1160/1058 1016/1170/1058 1017/1171/1058
f 995/1163/1059 994/1161/1059 1009/1169/1059 1010/1172/1059
f 988/1165/1060 965/1173/1060 1003/1174/1060
f 972/1175/1061 1002/1162/1061 1017/1171/1061
f 996/1167/1062 995/1163/1062 1010/1172/1062 1011/1176/1062
f 989/1151/1063 988/1165/1063 1003/1174/1063 1004/1177/1063
f 997/1153/1064 996/1167/1064 1011/1176/1064 1012/1178/1064
f 990/1152/1065 989/1151/1065 1004/1177/1065 1005/1179/1065
f 998/1154/1066 997/1153/1066 1012/1178/1066 1013/1180/1066
f 991/1155/1067 990/1152/1067 1005/1179/1067 1006/1181/1067
f 999/1156/1068 998/1154/1068 1013/1180/1068 1014/1182/1068
f 992/1157/1069 991/1155/1069 1006/1181/1069 1007/1183/1069
f 1000/1158/1070 999/1156/1070 1014/1182/1070 1015/1184/1070
f 993/1159/1071 992/1157/1071 1007/1183/1071 1008/1168/1071
f 1001/1160/1072 1000/1158/1072 1015/1184/1072 1016/1170/1072
f 1013/1180/1073 1012/1178/1073 1027/1185/1073 1028/1186/1073
f 1006/1181/1074 1005/1179/1074 1020/1187/1074 1021/1188/1074
f 1014/1182/1075 1013/1180/1075 1028/1186/1075 1029/1189/1075
f 1007/1183/1076 1006/1181/1076 1021/1188/1076 1022/1190/1076
f 1015/1184/1077 1014/1182/1077 1029/1189/1077 1030/1191/1077
f 1008/1168/1078 1007/1183/1078 1022/1190/1078 1023/1192/1078
f 1016/1170/1079 1015/1184/1079 1030/1191/1079 1031/1193/1079
f 1009/1169/1080 1008/1168/1080 1023/1192/1080 1024/1194/1080
f 1017/1171/1081 1016/1170/1081 1031/1193/1081 1032/1195/1081
f 1010/1172/1082 1009/1169/1082 1024/1194/1082 1025/1196/1082
f 1003/1174/1083 965/1197/1083 1018/1198/1083
f 972/1199/1084 1017/1171/1084 1032/1195/1084
f 1011/1176/1085 1010/1172/1085 1025/1196/1085 1026/1200/1085
f 1004/1177/1086 1003/1174/1086 1018/1198/1086 1019/1201/1086
f 1012/1178/1087 1011/1176/1087 1026/1200/1087 1027/1185/1087
f 1005/1179/1088 1004/1177/1088 1019/1201/1088 1020/1187/1088
f 1032/1195/1089 1031/1193/1089 1046/1202/1089 1047/1203/1089
f 1025/1196/1090 1024/1194/1090 1039/1204/1090 1040/1205/1090
f 1018/1198/1091 965/1206/1091 1033/1207/1091
f 972/1208/1092 1032/1195/1092 1047/1203/1092
f 1026/1200/1093 1025/1196/1093 1040/1205/1093 1041/1209/1093
f 1019/1201/1094 1018/1198/1094 1033/1207/1094 1034/1210/1094
f 1027/1185/1095 1026/1200/1095 1041/1209/1095 1042/1211/1095
f 1020/1187/1096 1019/1201/1096 1034/1210/1096 1035/1212/1096
f 1028/1186/1097 1027/1185/1097 1042/1211/1097 1043/1213/1097
f 1021/1188/1098 1020/1187/1098 1035/1212/1098 1036/1214/1098
f 1029/1189/1099 1028/1186/1099 1043/1213/1099 1044/1215/1099
f 1022/1190/1100 1021/1188/1100 1036/1214/1100 1037/1216/1100
f 1030/1191/1101 1029/1189/1101 1044/1215/1101 1045/1217/1101
f 1023/1192/1102 1022/1190/1102 1037/1216/1102 1038/1218/1102
f 1031/1193/1103 1030/1191/1103 1045/1217/1103 1046/1202/1103
f 1024/1194/1104 1023/1192/1104 1038/1218/1104 1039/1204/1104
f 1036/1214/1105 1035/1212/1105 1050/1219/1105 1051/1220/1105
f 1044/1215/1106 1043/1213/1106 1058/1221/1106 1059/1222/1106
f 1037/1216/1107 1036/1214/1107 1051/1220/1107 1052/1223/1107
f 1045/1217/1108 1044/1215/1108 1059/1222/1108 1060/1224/1108
f 1038/1218/1109 1037/1216/1109 1052/1223/1109 1053/1225/1109
f 1046/1202/1110 1045/1217/1110 1060/1224/1110 1061/1226/1110
f 1039/1204/1111 1038/1218/1111 1053/1225/1111 1054/1227/1111
f 1047/1203/1112 1046/1202/1112 1061/1226/1112 1062/1228/1112
f 1040/1205/1113 1039/1204/1113 1054/1227/1113 1055/1229/1113
f 1033/1207/1114 965/1230/1114 1048/1231/1114
f 972/1232/1115 1047/1203/1115 1062/1228/1115
f 1041/1209/1116 1040/1205/1116 1055/1229/1116 1056/1233/1116
f 1034/1210/1117 1033/1207/1117 1048/1231/1117 1049/1234/1117
f 1042/1211/1118 1041/1209/1118 1056/1233/1118 1057/1235/1118
f 1035/1212/1119 1034/1210/1119 1049/1234/1119 1050/1219/1119
f 1043/1213/1120 1042/1211/1120 1057/1235/1120 1058/1221/1120
f 1055/1229/1121 1054/1227/1121 1069/1236/1121 1070/1237/1121
f 1048/1231/1122 965/1238/1122 1063/1239/1122
f 972/1240/1123 1062/1228/1123 1077/1241/1123
f 1056/1233/1124 1055/1229/1124 1070/1237/1124 1071/1242/1124
f 1049/1234/1125 1048/1231/1125 1063/1239/1125 1064/1243/1125
f 1057/1235/1126 1056/1233/1126 1071/1242/1126 1072/1244/1126
f 1050/1219/1127 1049/1234/1127 1064/1243/1127 1065/1245/1127
f 1058/1221/1128 1057/1235/1128 1072/1244/1128 1073/1246/1128
f 1051/1220/1129 1050/1219/1129 1065/1245/1129 1066/1247/1129
f 1059/1222/1130 1058/1221/1130 1073/1246/1130 1074/1248/1130
f 1052/1223/1131 1051/1220/1131 1066/1247/1131 1067/1249/1131
f 1060/1224/1132 1059/1222/1132 1074/1248/1132 1075/1250/1132
f 1053/1225/1133 1052/1223/1133 1067/1249/1133 1068/1251/1133
f 1061/1226/1134 1060/1224/1134 1075/1250/1134 1076/1252/1134
f 1054/1227/1135 1053/1225/1135 1068/1251/1135 1069/1236/1135
f 1062/1228/1136 1061/1226/1136 1076/1252/1136 1077/1241/1136
f 1074/1248/1137 1073/1246/1137 1088/1253/1137 1089/1254/1137
f 1067/1249/1138 1066/1247/1138 1081/1255/1138 1082/1256/1138
f 1075/1250/1139 1074/1248/1139 1089/1254/1139 1090/1257/1139
f 1068/1251/1140 1067/1249/1140 1082/1256/1140 1083/1258/1140
f 1076/1252/1141 1075/1250/1141 1090/1257/1141 1091/1259/1141
f 1069/1236/1142 1068/1251/1142 1083/1258/1142 1084/1260/1142
f 1077/1241/1143 1076/1252/1143 1091/1259/1143 1092/1261/1143
f 1070/1237/1144 1069/1236/1144 1084/1260/1144 1085/1262/1144
f 1063/1239/1145 965/1263/1145 1078/1264/1145
f 972/1265/1146 1077/1241/1146 1092/1261/1146
f 1071/1242/1147 1070/1237/1147 1085/1262/1147 1086/1266/1147
f 1064/1243/1148 1063/1239/1148 1078/1264/1148 1079/1267/1148
f 1072/1244/1149 1071/1242/1149 1086/1266/1149 1087/1268/1149
f 1065/1245/1150 1064/1243/1150 1079/1267/1150 1080/1269/1150
f 1073/1246/1151 1072/1244/1151 1087/1268/1151 1088/1253/1151
f 1066/1247/1152 1065/1245/1152 1080/1269/1152 1081/1255/1152
f 972/1270/1153 1092/1261/1153 1107/1271/1153
f 1086/1266/1154 1085/1262/1154 1100/1272/1154 1101/1273/1154
f 1079/1267/1155 1078/1264/1155 1093/1274/1155 1094/1275/1155
f 1087/1268/1156 1086/1266/1156 1101/1273/1156 1102/1276/1156
f 1080/1269/1157 1079/1267/1157 1094/1275/1157 1095/1277/1157
f 1088/1253/1158 1087/1268/1158 1102/1276/1158 1103/1278/1158
f 1081/1255/1159 1080/1269/1159 1095/1277/1159 1096/1279/1159
f 1089/1254/1160 1088/1253/1160 1103/1278/1160 1104/1280/1160
f 1082/1256/1161 1081/1255/1161 1096/1279/1161 1097/1281/1161
f 1090/1257/1162 1089/1254/1162 1104/1280/1162 1105/1282/1162
f 1083/1258/1163 1082/1256/1163 1097/1281/1163 1098/1283/1163
f 1091/1259/1164 1090/1257/1164 1105/1282/1164 1106/1284/1164
f 1084/1260/1165 1083/1258/1165 1098/1283/1165 1099/1285/1165
f 1092/1261/1166 1091/1259/1166 1106/1284/1166 1107/1271/1166
f 1085/1262/1167 1084/1260/1167 1099/1285/1167 1100/1272/1167
f 1078/1264/1168 965/1286/1168 1093/1274/1168
f 1105/1282/1169 1104/1280/1169 1119/1287/1169 1120/1288/1169
f 1098/1283/1170 1097/1281/1170 1112/1289/1170 1113/1290/1170
f 1106/1284/1171 1105/1282/1171 1120/1288/1171 1121/1291/1171
f 1099/1285/1172 1098/1283/1172 1113/1290/1172 1114/1292/1172
f 1107/1271/1173 1106/1284/1173 1121/1291/1173 1122/1293/1173
f 1100/1272/1174 1099/1285/1174 1114/1292/1174 1115/1294/1174
f 1093/1274/1175 965/1295/1175 1108/1296/1175
f 972/1297/1176 1107/1271/1176 1122/1293/1176
f 1101/1273/1177 1100/1272/1177 1115/1294/1177 1116/1298/1177
f 1094/1275/1178 1093/1274/1178 1108/1296/1178 1109/1299/1178
f 1102/1276/1179 1101/1273/1179 1116/1298/1179 1117/1300/1179
f 1095/1277/1180 1094/1275/1180 1109/1299/1180 1110/1301/1180
f 1103/1278/1181 1102/1276/1181 1117/1300/1181 1118/1302/1181
f 1096/1279/1182 1095/1277/1182 1110/1301/1182 1111/1303/1182
f 1104/1280/1183 1103/1278/1183 1118/1302/1183 1119/1287/1183
f 1097/1281/1184 1096/1279/1184 1111/1303/1184 1112/1289/1184
f 1109/1299/1185 1108/1296/1185 1123/1304/1185 1124/1305/1185
f 1117/1300/1186 1116/1298/1186 1131/1306/1186 1132/1307/1186
f 1110/1301/1187 1109/1299/1187 1124/1305/1187 1125/1308/1187
f 1118/1302/1188 1117/1300/1188 1132/1307/1188 1133/1309/1188
f 1111/1303/1189 1110/1301/1189 1125/1308/1189 1126/1310/1189
f 1119/1287/1190 1118/1302/1190 1133/1309/1190 1134/1311/1190
f 1112/1289/1191 1111/1303/1191 1126/1310/1191 1127/1312/1191
f 1120/1288/1192 1119/1287/1192 1134/1311/1192 1135/1313/1192
f 1113/1290/1193 1112/1289/1193 1127/1312/1193 1128/1314/1193
f 1121/1291/1194 1120/1288/1194 1135/1313/1194 1136/1315/1194
f 1114/1292/1195 1113/1290/1195 1128/1314/1195 1129/1316/1195
f 1122/1293/1196 1121/1291/1196 1136/1315/1196 1137/1317/1196
f 1115/1294/1197 1114/1292/1197 1129/1316/1197 1130/1318/1197
f 1108/1296/1198 965/1319/1198 1123/1304/1198
f 972/1320/1199 1122/1293/1199 1137/1317/1199
f 1116/1298/1200 1115/1294/1200 1130/1318/1200 1131/1306/1200
f 1128/1314/1201 1127/1312/1201 1142/1321/1201 1143/1322/1201
f 1136/1315/1202 1135/1313/1202 1150/1323/1202 1151/1324/1202
f 1129/1316/1203 1128/1314/1203 1143/1322/1203 1144/1325/1203
f 1137/1317/1204 1136/1315/1204 1151/1324/1204 1152/1326/1204
f 1130/1318/1205 1129/1316/1205 1144/1325/1205 1145/1327/1205
f 1123/1304/1206 965/1328/1206 1138/1329/1206
f 972/1330/1207 1137/1317/1207 1152/1326/1207
f 1131/1306/1208 1130/1318/1208 1145/1327/1208 1146/1331/1208
f 1124/1305/1209 1123/1304/1209 1138/1329/1209 1139/1332/1209
f 1132/1307/1210 1131/1306/1210 1146/1331/1210 1147/1333/1210
f 1125/1308/1211 1124/1305/1211 1139/1332/1211 1140/1334/1211
f 1133/1309/1212 1132/1307/1212 1147/1333/1212 1148/1335/1212
f 1126/1310/1213 1125/1308/1213 1140/1334/1213 1141/1336/1213
f 1134/1311/1214 1133/1309/1214 1148/1335/1214 1149/1337/1214
f 1127/1312/1215 1126/1310/1215 1141/1336/1215 1142/1321/1215
f 1135/1313/1216 1134/1311/1216 1149/1337/1216 1150/1323/1216
f 1147/1333/1217 1146/1331/1217 1161/1338/1217 1162/1339/1217
f 1140/1334/1218 1139/1332/1218 1154/1340/1218 1155/1341/1218
f 1148/1335/1219 1147/1333/1219 1162/1339/1219 1163/1342/1219
f 1141/1336/1220 1140/1334/1220 1155/1341/1220 1156/1343/1220
f 1149/1337/1221 1148/1335/1221 1163/1342/1221 1164/1344/1221
f 1142/1321/1222 1141/1336/1222 1156/1343/1222 1157/1345/1222
f 1150/1323/1223 1149/1337/1223 1164/1344/1223 1165/1346/1223
f 1143/1322/1224 1142/1321/1224 1157/1345/1224 1158/1347/1224
f 1151/1324/1225 1150/1323/1225 1165/1346/1225 1166/1348/1225
f 1144/1325/1226 1143/1322/1226 1158/1347/1226 1159/1349/1226
f 1152/1326/1227 1151/1324/1227 1166/1348/1227 1167/1350/1227
f 1145/1327/1228 1144/1325/1228 1159/1349/1228 1160/1351/1228
f 1138/1329/1229 965/1352/1229 1153/1353/1229
f 972/1354/1230 1152/1326/1230 1167/1350/1230
f 1146/1331/1231 1145/1327/1231 1160/1351/1231 1161/1338/1231
f 1139/1332/1232 1138/1329/1232 1153/1353/1232 1154/1340/1232
f 1166/1348/1233 1165/1346/1233 1180/1355/1233 1181/1356/1233
f 1159/1349/1234 1158/1347/1234 1173/1357/1234 1174/1358/1234
f 1167/1350/1235 1166/1348/1235 1181/1356/1235 1182/1359/1235
f 1160/1351/1236 1159/1349/1236 1174/1358/1236 1175/1360/1236
f 1153/1353/1237 965/1361/1237 1168/1362/1237
f 972/1363/1238 1167/1350/1238 1182/1359/1238
f 1161/1338/1239 1160/1351/1239 1175/1360/1239 1176/1364/1239
f 1154/1340/1240 1153/1353/1240 1168/1362/1240 1169/1365/1240
f 1162/1339/1241 1161/1338/1241 1176/1364/1241 1177/1366/1241
f 1155/1341/1242 1154/1340/1242 1169/1365/1242 1170/1367/1242
f 1163/1342/1243 1162/1339/1243 1177/1366/1243 1178/1368/1243
f 1156/1343/1244 1155/1341/1244 1170/1367/1244 1171/1369/1244
f 1164/1344/1245 1163/1342/1245 1178/1368/1245 1179/1370/1245
f 1157/1345/1246 1156/1343/1246 1171/1369/1246 1172/1371/1246
f 1165/1346/1247 1164/1344/1247 1179/1370/1247 1180/1355/1247
f 1158/1347/1248 1157/1345/1248 1172/1371/1248 1173/1357/1248
f 1170/1367/1249 1169/1365/1249 1184/1372/1249 1185/1373/1249
f 1178/1368/1250 1177/1366/1250 1192/1374/1250 1193/1375/1250
f 1171/1369/1251 1170/1367/1251 1185/1373/1251 1186/1376/1251
f 1179/1370/1252 1178/1368/1252 1193/1375/1252 1194/1377/1252
f 1172/1371/1253 1171/1369/1253 1186/1376/1253 1187/1378/1253
f 1180/1355/1254 1179/1370/1254 1194/1377/1254 1195/1379/1254
f 1173/1357/1255 1172/1371/1255 1187/1378/1255 1188/1380/1255
f 1181/1356/1256 1180/1355/1256 1195/1379/1256 1196/1381/1256
f 1174/1358/1257 1173/1357/1257 1188/1380/1257 1189/1382/1257
f 1182/1359/1258 1181/1356/1258 1196/1381/1258 1197/1383/1258
f 1175/1360/1259 1174/1358/1259 1189/1382/1259 1190/1384/1259
f 1168/1362/1260 965/1385/1260 1183/1386/1260
f 972/1387/1261 1182/1359/1261 1197/1383/1261
f 1176/1364/1262 1175/1360/1262 1190/1384/1262 1191/1388/1262
f 1169/1365/1263 1168/1362/1263 1183/1386/1263 1184/1372/1263
f 1177/1366/1264 1176/1364/1264 1191/1388/1264 1192/1374/1264
f 1189/1382/1265 1188/1380/1265 1203/1389/1265 1204/1390/1265
f 1197/1383/1266 1196/1381/1266 1211/1391/1266 1212/1392/1266
f 1190/1384/1267 1189/1382/1267 1204/1390/1267 1205/1393/1267
f 1183/1386/1268 965/1394/1268 1198/1395/1268
f 972/1396/1269 1197/1383/1269 1212/1392/1269
f 1191/1388/1270 1190/1384/1270 1205/1393/1270 1206/1397/1270
f 1184/1372/1271 1183/1386/1271 1198/1395/1271 1199/1398/1271
f 1192/1374/1272 1191/1388/1272 1206/1397/1272 1207/1399/1272
f 1185/1373/1273 1184/1372/1273 1199/1398/1273 1200/1400/1273
f 1193/1375/1274 1192/1374/1274 1207/1399/1274 1208/1401/1274
f 1186/1376/1275 1185/1373/1275 1200/1400/1275 1201/1402/1275
f 1194/1377/1276 1193/1375/1276 1208/1401/1276 1209/1403/1276
f 1187/1378/1277 1186/1376/1277 1201/1402/1277 1202/1404/1277
f 1195/1379/1278 1194/1377/1278 1209/1403/1278 1210/1405/1278
f 1188/1380/1279 1187/1378/1279 1202/1404/1279 1203/1389/1279
f 1196/1381/1280 1195/1379/1280 1210/1405/1280 1211/1391/1280
f 1208/1401/1281 1207/1399/1281 1222/1406/1281 1223/1407/1281
f 1201/1402/1282 1200/1400/1282 1215/1408/1282 1216/1409/1282
f 1209/1403/1283 1208/1401/1283 1223/1407/1283 1224/1410/1283
f 1202/1404/1284 1201/1402/1284 1216/1409/1284 1217/1411/1284
f 1210/1405/1285 1209/1403/1285 1224/1410/1285 1225/1412/1285
f 1203/1389/1286 1202/1404/1286 1217/1411/1286 1218/1413/1286
f 1211/1391/1287 1210/1405/1287 1225/1412/1287 1226/1414/1287
f 1204/1390/1288 1203/1389/1288 1218/1413/1288 1219/1415/1288
f 1212/1392/1289 1211/1391/1289 1226/1414/1289 1227/1416/1289
f 1205/1393/1290 1204/1390/1290 1219/1415/1290 1220/1417/1290
f 1198/1395/1291 965/1418/1291 1213/1419/1291
f 972/1420/1292 1212/1392/1292 1227/1416/1292
f 1206/1397/1293 1205/1393/1293 1220/1417/1293 1221/1421/1293
f 1199/1398/1294 1198/1395/1294 1213/1419/1294 1214/1422/1294
f 1207/1399/1295 1206/1397/1295 1221/1421/1295 1222/1406/1295
f 1200/1400/1296 1199/1398/1296 1214/1422/1296 1215/1408/1296
f 1227/1416/1297 1226/1414/1297 1241/1423/1297 1242/1424/1297
f 1220/1417/1298 1219/1415/1298 1234/1425/1298 1235/1426/1298
f 1213/1419/1299 965/1427/1299 1228/1428/1299
f 972/1429/1300 1227/1416/1300 1242/1424/1300
f 1221/1421/1301 1220/1417/1301 1235/1426/1301 1236/1430/1301
f 1214/1422/1302 1213/1419/1302 1228/1428/1302 1229/1431/1302
f 1222/1406/1303 1221/1421/1303 1236/1430/1303 1237/1432/1303
f 1215/1408/1304 1214/1422/1304 1229/1431/1304 1230/1433/1304
f 1223/1407/1305 1222/1406/1305 1237/1432/1305 1238/1434/1305
f 1216/1409/1306 1215/1408/1306 1230/1433/1306 1231/1435/1306
f 1224/1410/1307 1223/1407/1307 1238/1434/1307 1239/1436/1307
f 1217/1411/1308 1216/1409/1308 1231/1435/1308 1232/1437/1308
f 1225/1412/1309 1224/1410/1309 1239/1436/1309 1240/1438/1309
f 1218/1413/1310 1217/1411/1310 1232/1437/1310 1233/1439/1310
f 1226/1414/1311 1225/1412/1311 1240/1438/1311 1241/1423/1311
f 1219/1415/1312 1218/1413/1312 1233/1439/1312 1234/1425/1312
f 1239/1436/1313 1238/1434/1313 1253/1440/1313 1254/1441/1313
f 1232/1437/1314 1231/1435/1314 1246/1442/1314 1247/1443/1314
f 1240/1438/1315 1239/1436/1315 1254/1441/1315 1255/1444/1315
f 1233/1439/1316 1232/1437/1316 1247/1443/1316 1248/1445/1316
f 1241/1423/1317 1240/1438/1317 1255/1444/1317 1256/1446/1317
f 1234/1425/1318 1233/1439/1318 1248/1445/1318 1249/1447/1318
f 1242/1424/1319 1241/1423/1319 1256/1446/1319 1257/1448/1319
f 1235/1426/1320 1234/1425/1320 1249/1447/1320 1250/1449/1320
f 1228/1428/1321 965/1450/1321 1243/1451/1321
f 972/1452/1322 1242/1424/1322 1257/1448/1322
f 1236/1430/1323 1235/1426/1323 1250/1449/1323 1251/1453/1323
f 1229/1431/1324 1228/1428/1324 1243/1451/1324 1244/1454/1324
f 1237/1432/1325 1236/1430/1325 1251/1453/1325 1252/1455/1325
f 1230/1433/1326 1229/1431/1326 1244/1454/1326 1245/1456/1326
f 1238/1434/1327 1237/1432/1327 1252/1455/1327 1253/1440/1327
f 1231/1435/1328 1230/1433/1328 1245/1456/1328 1246/1442/1328
f 1243/1451/1329 965/1457/1329 1258/1458/1329
f 972/1459/1330 1257/1448/1330 1272/1460/1330
f 1251/1453/1331 1250/1449/1331 1265/1461/1331 1266/1462/1331
f 1244/1454/1332 1243/1451/1332 1258/1458/1332 1259/1463/1332
f 1252/1455/1333 1251/1453/1333 1266/1462/1333 1267/1464/1333
f 1245/1456/1334 1244/1454/1334 1259/1463/1334 1260/1465/1334
f 1253/1440/1335 1252/1455/1335 1267/1464/1335 1268/1466/1335
f 1246/1442/1336 1245/1456/1336 1260/1465/1336 1261/1467/1336
f 1254/1441/1337 1253/1440/1337 1268/1466/1337 1269/1468/1337
f 1247/1443/1338 1246/1442/1338 1261/1467/1338 1262/1469/1338
f 1255/1444/1339 1254/1441/1339 1269/1468/1339 1270/1470/1339
f 1248/1445/1340 1247/1443/1340 1262/1469/1340 1263/1471/1340
f 1256/1446/1341 1255/1444/1341 1270/1470/1341 1271/1472/1341
f 1249/1447/1342 1248/1445/1342 1263/1471/1342 1264/1473/1342
f 1257/1448/1343 1256/1446/1343 1271/1472/1343 1272/1460/1343
f 1250/1449/1344 1249/1447/1344 1264/1473/1344 1265/1461/1344
f 1262/1469/1345 1261/1467/1345 1276/1474/1345 1277/1475/1345
f 1270/1470/1346 1269/1468/1346 1284/1476/1346 1285/1477/1346
f 1263/1471/1347 1262/1469/1347 1277/1475/1347 1278/1478/1347
f 1271/1472/1348 1270/1470/1348 1285/1477/1348 1286/1479/1348
f 1264/1473/1349 1263/1471/1349 1278/1478/1349 1279/1480/1349
f 1272/1460/1350 1271/1472/1350 1286/1479/1350 1287/1481/1350
f 1265/1461/1351 1264/1473/1351 1279/1480/1351 1280/1482/1351
f 1258/1458/1352 965/1483/1352 1273/1484/1352
f 972/1485/1353 1272/1460/1353 1287/1481/1353
f 1266/1462/1354 1265/1461/1354 1280/1482/1354 1281/1486/1354
f 1259/1463/1355 1258/1458/1355 1273/1484/1355 1274/1487/1355
f 1267/1464/1356 1266/1462/1356 1281/1486/1356 1282/1488/1356
f 1260/1465/1357 1259/1463/1357 1274/1487/1357 1275/1489/1357
f 1268/1466/1358 1267/1464/1358 1282/1488/1358 1283/1490/1358
f 1261/1467/1359 1260/1465/1359 1275/1489/1359 1276/1474/1359
f 1269/1468/1360 1268/1466/1360 1283/1490/1360 1284/1476/1360
f 1281/1486/1361 1280/1482/1361 1295/1491/1361 1296/1492/1361
f 1274/1487/1362 1273/1484/1362 1288/1493/1362 1289/1494/1362
f 1282/1488/1363 1281/1486/1363 1296/1492/1363 1297/1495/1363
f 1275/1489/1364 1274/1487/1364 1289/1494/1364 1290/1496/1364
f 1283/1490/1365 1282/1488/1365 1297/1495/1365 1298/1497/1365
f 1276/1474/1366 1275/1489/1366 1290/1496/1366 1291/1498/1366
f 1284/1476/1367 1283/1490/1367 1298/1497/1367 1299/1499/1367
f 1277/1475/1368 1276/1474/1368 1291/1498/1368 1292/1500/1368
f 1285/1477/1369 1284/1476/1369 1299/1499/1369 1300/1501/1369
f 1278/1478/1370 1277/1475/1370 1292/1500/1370 1293/1502/1370
f 1286/1479/1371 1285/1477/1371 1300/1501/1371 1301/1503/1371
f 1279/1480/1372 1278/1478/1372 1293/1502/1372 1294/1504/1372
f 1287/1481/1373 1286/1479/1373 1301/1503/1373 1302/1505/1373
f 1280/1482/1374 1279/1480/1374 1294/1504/1374 1295/1491/1374
f 1273/1484/1375 965/1506/1375 1288/1493/1375
f 972/1507/1376 1287/1481/1376 1302/1505/1376
f 1300/1501/1377 1299/1499/1377 1314/1508/1377 1315/1509/1377
f 1293/1502/1378 1292/1500/1378 1307/1510/1378 1308/1511/1378
f 1301/1503/1379 1300/1501/1379 1315/1509/1379 1316/1512/1379
f 1294/1504/1380 1293/1502/1380 1308/1511/1380 1309/1513/1380
f 1302/1505/1381 1301/1503/1381 1316/1512/1381 1317/1514/1381
f 1295/1491/1382 1294/1504/1382 1309/1513/1382 1310/1515/1382
f 1288/1493/1383 965/1516/1383 1303/1517/1383
f 972/1518/1384 1302/1505/1384 1317/1514/1384
f 1296/1492/1385 1295/1491/1385 1310/1515/1385 1311/1519/1385
f 1289/1494/1386 1288/1493/1386 1303/1517/1386 1304/1520/1386
f 1297/1495/1387 1296/1492/1387 1311/1519/1387 1312/1521/1387
f 1290/1496/1388 1289/1494/1388 1304/1520/1388 1305/1522/1388
f 1298/1497/1389 1297/1495/1389 1312/1521/1389 1313/1523/1389
f 1291/1498/1390 1290/1496/1390 1305/1522/1390 1306/1524/1390
f 1299/1499/1391 1298/1497/1391 1313/1523/1391 1314/1508/1391
f 1292/1500/1392 1291/1498/1392 1306/1524/1392 1307/1510/1392
f 1304/1520/1393 1303/1517/1393 1318/1525/1393 1319/1526/1393
f 1312/1521/1394 1311/1519/1394 1326/1527/1394 1327/1528/1394
f 1305/1522/1395 1304/1520/1395 1319/1526/1395 1320/1529/1395
f 1313/1523/1396 1312/1521/1396 1327/1528/1396 1328/1530/1396
f 1306/1524/1397 1305/1522/1397 1320/1529/1397 1321/1531/1397
f 1314/1508/1398 1313/1523/1398 1328/1530/1398 1329/1532/1398
f 1307/1510/1399 1306/1524/1399 1321/1531/1399 1322/1533/1399
f 1315/1509/1400 1314/1508/1400 1329/1532/1400 1330/1534/1400
f 1308/1511/1401 1307/1510/1401 1322/1533/1401 1323/1535/1401
f 1316/1512/1402 1315/1509/1402 1330/1534/1402 1331/1536/1402
f 1309/1513/1403 1308/1511/1403 1323/1535/1403 1324/1537/1403
f 1317/1514/1404 1316/1512/1404 1331/1536/1404 1332/1538/1404
f 1310/1515/1405 1309/1513/1405 1324/1537/1405 1325/1539/1405
f 1303/1517/1406 965/1540/1406 1318/1525/1406
f 972/1541/1407 1317/1514/1407 1332/1538/1407
f 1311/1519/1408 1310/1515/1408 1325/1539/1408 1326/1527/1408
f 1323/1542/1409 1322/1543/1409 1337/1544/1409 1338/1545/1409
f 1331/1546/1410 1330/1547/1410 1345/1548/1410 1346/1549/1410
f 1324/1550/1411 1323/1542/1411 1338/1545/1411 1339/1551/1411
f 1332/1552/1412 1331/1546/1412 1346/1549/1412 1347/1553/1412
f 1325/1554/1413 1324/1550/1413 1339/1551/1413 1340/1555/1413
f 1318/1556/1414 965/1557/1414 1333/1558/1414
f 972/1559/1415 1332/1552/1415 1347/1553/1415
f 1326/1560/1416 1325/1554/1416 1340/1555/1416 1341/1561/1416
f 1319/1562/1417 1318/1556/1417 1333/1558/1417 1334/1563/1417
f 1327/1564/1418 1326/1560/1418 1341/1561/1418 1342/1565/1418
f 1320/1566/1419 1319/1562/1419 1334/1563/1419 1335/1567/1419
f 1328/1568/1420 1327/1564/1420 1342/1565/1420 1343/1569/1420
f 1321/1570/1421 1320/1566/1421 1335/1567/1421 1336/1571/1421
f 1329/1572/1422 1328/1568/1422 1343/1569/1422 1344/1573/1422
f 1322/1543/1423 1321/1570/1423 1336/1571/1423 1337/1544/1423
f 1330/1547/1424 1329/1572/1424 1344/1573/1424 1345/1548/1424
f 1342/1565/1425 1341/1561/1425 1356/1574/1425 1357/1575/1425
f 1335/1567/1426 1334/1563/1426 1349/1576/1426 1350/1577/1426
f 1343/1569/1427 1342/1565/1427 1357/1575/1427 1358/1578/1427
f 1336/1571/1428 1335/1567/1428 1350/1577/1428 1351/1579/1428
f 1344/1573/1429 1343/1569/1429 1358/1578/1429 1359/1580/1429
f 1337/1544/1430 1336/1571/1430 1351/1579/1430 1352/1581/1430
f 1345/1548/1431 1344/1573/1431 1359/1580/1431 1360/1582/1431
f 1338/1545/1432 1337/1544/1432 1352/1581/1432 1353/1583/1432
f 1346/1549/1433 1345/1548/1433 1360/1582/1433 1361/1584/1433
f 1339/1551/1434 1338/1545/1434 1353/1583/1434 1354/1585/1434
f 1347/1553/1435 1346/1549/1435 1361/1584/1435 1362/1586/1435
f 1340/1555/1436 1339/1551/1436 1354/1585/1436 1355/1587/1436
f 1333/1558/1437 965/1588/1437 1348/1589/1437
f 972/1590/1438 1347/1553/1438 1362/1586/1438
f 1341/1561/1439 1340/1555/1439 1355/1587/1439 1356/1574/1439
f 1334/1563/1440 1333/1558/1440 1348/1589/1440 1349/1576/1440
f 1361/1584/1441 1360/1582/1441 1375/1591/1441 1376/1592/1441
f 1354/1585/1442 1353/1583/1442 1368/1593/1442 1369/1594/1442
f 1362/1586/1443 1361/1584/1443 1376/1592/1443 1377/1595/1443
f 1355/1587/1444 1354/1585/1444 1369/1594/1444 1370/1596/1444
f 1348/1589/1445 965/1597/1445 1363/1598/1445
f 972/1599/1446 1362/1586/1446 1377/1595/1446
f 1356/1574/1447 1355/1587/1447 1370/1596/1447 1371/1600/1447
f 1349/1576/1448 1348/1589/1448 1363/1598/1448 1364/1601/1448
f 1357/1575/1449 1356/1574/1449 1371/1600/1449 1372/1602/1449
f 1350/1577/1450 1349/1576/1450 1364/1601/1450 1365/1603/1450
f 1358/1578/1451 1357/1575/1451 1372/1602/1451 1373/1604/1451
f 1351/1579/1452 1350/1577/1452 1365/1603/1452 1366/1605/1452
f 1359/1580/1453 1358/1578/1453 1373/1604/1453 1374/1606/1453
f 1352/1581/1454 1351/1579/1454 1366/1605/1454 1367/1607/1454
f 1360/1582/1455 1359/1580/1455 1374/1606/1455 1375/1591/1455
f 1353/1583/1456 1352/1581/1456 1367/1607/1456 1368/1593/1456
f 1373/1604/1457 1372/1602/1457 1387/1608/1457 1388/1609/1457
f 1366/1605/1458 1365/1603/1458 1380/1610/1458 1381/1611/1458
f 1374/1606/1459 1373/1604/1459 1388/1609/1459 1389/1612/1459
f 1367/1607/1460 1366/1605/1460 1381/1611/1460 1382/1613/1460
f 1375/1591/1461 1374/1606/1461 1389/1612/1461 1390/1614/1461
f 1368/1593/1462 1367/1607/1462 1382/1613/1462 1383/1615/1462
f 1376/1592/1463 1375/1591/1463 1390/1614/1463 1391/1616/1463
f 1369/1594/1464 1368/1593/1464 1383/1615/1464 1384/1617/1464
f 1377/1595/1465 1376/1592/1465 1391/1616/1465 1392/1618/1465
f 1370/1596/1466 1369/1594/1466 1384/1617/1466 1385/1619/1466
f 1363/1598/1467 965/1620/1467 1378/1621/1467
f 972/1622/1468 1377/1595/1468 1392/1618/1468
f 1371/1600/1469 1370/1596/1469 1385/1619/1469 1386/1623/1469
f 1364/1601/1470 1363/1598/1470 1378/1621/1470 1379/1624/1470
f 1372/1602/1471 1371/1600/1471 1386/1623/1471 1387/1608/1471
f 1365/1603/1472 1364/1601/1472 1379/1624/1472 1380/1610/1472
f 1392/1618/1473 1391/1616/1473 1406/1625/1473 1407/1626/1473
f 1385/1619/1474 1384/1617/1474 1399/1627/1474 1400/1628/1474
f 1378/1621/1475 965/1629/1475 1393/1630/1475
f 972/1631/1476 1392/1618/1476 1407/1626/1476
f 1386/1623/1477 1385/1619/1477 1400/1628/1477 1401/1632/1477
f 1379/1624/1478 1378/1621/1478 1393/1630/1478 1394/1633/1478
f 1387/1608/1479 1386/1623/1479 1401/1632/1479 1402/1634/1479
f 1380/1610/1480 1379/1624/1480 1394/1633/1480 1395/1635/1480
f 1388/1609/1481 1387/1608/1481 1402/1634/1481 1403/1636/1481
f 1381/1611/1482 1380/1610/1482 1395/1635/1482 1396/1637/1482
f 1389/1612/1483 1388/1609/1483 1403/1636/1483 1404/1638/1483
f 1382/1613/1484 1381/1611/1484 1396/1637/1484 1397/1639/1484
f 1390/1614/1485 1389/1612/1485 1404/1638/1485 1405/1640/1485
f 1383/1615/1486 1382/1613/1486 1397/1639/1486 1398/1641/1486
f 1391/1616/1487 1390/1614/1487 1405/1640/1487 1406/1625/1487
f 1384/1617/1488 1383/1615/1488 1398/1641/1488 1399/1627/1488
f 1396/1637/1489 1395/1635/1489 1410/1642/1489 1411/1643/1489
f 1404/1638/1490 1403/1636/1490 1418/1644/1490 1419/1645/1490
f 1397/1639/1491 1396/1637/1491 1411/1643/1491 1412/1646/1491
f 1405/1640/1492 1404/1638/1492 1419/1645/1492 1420/1647/1492
f 1398/1641/1493 1397/1639/1493 1412/1646/1493 1413/1648/1493
f 1406/1625/1494 1405/1640/1494 1420/1647/1494 1421/1649/1494
f 1399/1627/1495 1398/1641/1495 1413/1648/1495 1414/1650/1495
f 1407/1626/1496 1406/1625/1496 1421/1649/1496 1422/1651/1496
f 1400/1628/1497 1399/1627/1497 1414/1650/1497 1415/1652/1497
f 1393/1630/1498 965/1653/1498 1408/1654/1498
f 972/1655/1499 1407/1626/1499 1422/1651/1499
f 1401/1632/1500 1400/1628/1500 1415/1652/1500 1416/1656/1500
f 1394/1633/1501 1393/1630/1501 1408/1654/1501 1409/1657/1501
f 1402/1634/1502 1401/1632/1502 1416/1656/1502 1417/1658/1502
f 1395/1635/1503 1394/1633/1503 1409/1657/1503 1410/1642/1503
f 1403/1636/1504 1402/1634/1504 1417/1658/1504 1418/1644/1504
f 1415/1652/1505 1414/1650/1505 1429/1659/1505 1430/1660/1505
f 1408/1654/1506 965/1661/1506 1423/1662/1506
f 972/1663/1507 1422/1651/1507 1437/1664/1507
f 1416/1656/1508 1415/1652/1508 1430/1660/1508 1431/1665/1508
f 1409/1657/1509 1408/1654/1509 1423/1662/1509 1424/1666/1509
f 1417/1658/1510 1416/1656/1510 1431/1665/1510 1432/1667/1510
f 1410/1642/1511 1409/1657/1511 1424/1666/1511 1425/1668/1511
f 1418/1644/1512 1417/1658/1512 1432/1667/1512 1433/1669/1512
f 1411/1643/1513 1410/1642/1513 1425/1668/1513 1426/1670/1513
f 1419/1645/1514 1418/1644/1514 1433/1669/1514 1434/1671/1514
f 1412/1646/1515 1411/1643/1515 1426/1670/1515 1427/1672/1515
f 1420/1647/1516 1419/1645/1516 1434/1671/1516 1435/1673/1516
f 1413/1648/1517 1412/1646/1517 1427/1672/1517 1428/1674/1517
f 1421/1649/1518 1420/1647/1518 1435/1673/1518 1436/1675/1518
f 1414/1650/1519 1413/1648/1519 1428/1674/1519 1429/1659/1519
f 1422/1651/1520 1421/1649/1520 1436/1675/1520 1437/1664/1520
f 1434/1671/1521 1433/1669/1521 971/1124/1521 1443/1123/1521
f 1427/1672/1522 1426/1670/1522 1440/1119/1522 967/1127/1522
f 1435/1673/1523 1434/1671/1523 1443/1123/1523 1444/1129/1523
f 1428/1674/1524 1427/1672/1524 967/1127/1524 1441/1131/1524
f 1436/1675/1525 1435/1673/1525 1444/1129/1525 1445/1133/1525
f 1429/1659/1526 1428/1674/1526 1441/1131/1526 968/1135/1526
f 1437/1664/1527 1436/1675/1527 1445/1133/1527 1446/1137/1527
f 1430/1660/1528 1429/1659/1528 968/1135/1528 969/1139/1528
f 1423/1662/1529 965/1676/1529 1438/1141/1529
f 972/1677/1530 1437/1664/1530 1446/1137/1530
f 1431/1665/1531 1430/1660/1531 969/1139/1531 970/1145/1531
f 1424/1666/1532 1423/1662/1532 1438/1141/1532 1439/1147/1532
f 1432/1667/1533 1431/1665/1533 970/1145/1533 1442/1149/1533
f 1425/1668/1534 1424/1666/1534 1439/1147/1534 966/1120/1534
f 1433/1669/1535 1432/1667/1535 1442/1149/1535 971/1124/1535
f 1426/1670/1536 1425/1668/1536 966/1120/1536 1440/1119/1536
o Cone
v 0.571849 2.968339 -0.119239
v 0.571646 2.947818 -0.117219
v 0.571450 2.928086 -0.111234
v 0.571270 2.909900 -0.101515
v 0.571112 2.893960 -0.088436
v 0.570982 2.880878 -0.072499
v 0.570886 2.871158 -0.054317
v 0.570826 2.865172 -0.034588
v 0.570806 2.863151 -0.014070
v 0.570826 2.865172 0.006447
v 0.570886 2.871158 0.026176
v 0.570982 2.880878 0.044358
v 0.571112 2.893960 0.060295
v 0.571270 2.909900 0.073374
v 0.571450 2.928086 0.083093
v 0.571646 2.947818 0.089078
v 0.571849 2.968339 0.091099
v 0.572053 2.988860 0.089078
v 0.572248 3.008593 0.083093
v 0.572429 3.026778 0.073374
v 0.572587 3.042718 0.060295
v 0.572717 3.055800 0.044358
v 0.572813 3.065520 0.026176
v 0.572872 3.071506 0.006447
v 0.572892 3.073527 -0.014070
v 0.572872 3.071506 -0.034588
v 0.572813 3.065520 -0.054317
v 0.572717 3.055800 -0.072499
v 0.572587 3.042718 -0.088436
v 0.572429 3.026778 -0.101515
v 0.572248 3.008593 -0.111234
v 0.572053 2.988860 -0.117219
v 1.073422 2.963365 -0.014070
vn 0.2033 -0.0979 -0.9742
vn 0.2014 -0.2861 -0.9368
vn 0.1997 -0.4634 -0.8634
vn 0.1981 -0.6229 -0.7568
vn 0.1968 -0.7586 -0.6211
vn 0.1957 -0.8653 -0.4615
vn 0.1950 -0.9387 -0.2842
vn 0.1946 -0.9762 -0.0960
vn 0.1946 -0.9762 0.0960
vn 0.1950 -0.9387 0.2842
vn 0.1957 -0.8653 0.4615
vn 0.1968 -0.7586 0.6211
vn 0.1981 -0.6229 0.7568
vn 0.1997 -0.4634 0.8634
vn 0.2014 -0.2861 0.9368
vn 0.2033 -0.0979 0.9742
vn 0.2052 0.0939 0.9742
vn 0.2071 0.2821 0.9368
vn 0.2088 0.4593 0.8634
vn 0.2104 0.6189 0.7568
vn 0.2118 0.7546 0.6211
vn 0.2128 0.8612 0.4615
vn 0.2136 0.9347 0.2842
vn 0.2140 0.9721 0.0960
vn 0.2140 0.9721 -0.0960
vn 0.2136 0.9347 -0.2842
vn 0.2128 0.8612 -0.4615
vn 0.2118 0.7546 -0.6211
vn 0.2104 0.6189 -0.7568
vn 0.2088 0.4593 -0.8634
vn -1.0000 0.0099 -0.0000
vn 0.2071 0.2821 -0.9368
vn 0.2052 0.0939 -0.9742
vt 0.250000 0.490000
vt 0.250000 0.250000
vt 0.296822 0.485388
vt 0.341844 0.471731
vt 0.383337 0.449553
vt 0.419706 0.419706
vt 0.449553 0.383337
vt 0.471731 0.341844
vt 0.485388 0.296822
vt 0.490000 0.250000
vt 0.485388 0.203178
vt 0.471731 0.158156
vt 0.449553 0.116663
vt 0.419706 0.080294
vt 0.383337 0.050447
vt 0.341844 0.028269
vt 0.296822 0.014612
vt 0.250000 0.010000
vt 0.203178 0.014612
vt 0.158156 0.028269
vt 0.116663 0.050447
vt 0.080294 0.080294
vt 0.050447 0.116663
vt 0.028269 0.158156
vt 0.014612 0.203178
vt 0.010000 0.250000
vt 0.014612 0.296822
vt 0.028269 0.341844
vt 0.050447 0.383337
vt 0.080294 0.419706
vt 0.116663 0.449553
vt 0.158156 0.471731
vt 0.750000 0.490000
vt 0.796822 0.485388
vt 0.841844 0.471731
vt 0.883337 0.449553
vt 0.919706 0.419706
vt 0.949553 0.383337
vt 0.971731 0.341844
vt 0.985388 0.296822
vt 0.990000 0.250000
vt 0.985388 0.203178
vt 0.971731 0.158156
vt 0.949553 0.116663
vt 0.919706 0.080294
vt 0.883337 0.050447
vt 0.841844 0.028269
vt 0.796822 0.014612
vt 0.750000 0.010000
vt 0.703178 0.014612
vt 0.658156 0.028269
vt 0.616663 0.050447
vt 0.580294 0.080294
vt 0.550447 0.116663
vt 0.528269 0.158156
vt 0.514612 0.203178
vt 0.510000 0.250000
vt 0.514612 0.296822
vt 0.528269 0.341844
vt 0.550447 0.383337
vt 0.580294 0.419706
vt 0.616663 0.449553
vt 0.658156 0.471731
vt 0.703178 0.485388
vt 0.203178 0.485388
s 0
f 1447/1678/1537 1479/1679/1537 1448/1680/1537
f 1448/1680/1538 1479/1679/1538 1449/1681/1538
f 1449/1681/1539 1479/1679/1539 1450/1682/1539
f 1450/1682/1540 1479/1679/1540 1451/1683/1540
f 1451/1683/1541 1479/1679/1541 1452/1684/1541
f 1452/1684/1542 1479/1679/1542 1453/1685/1542
f 1453/1685/1543 1479/1679/1543 1454/1686/1543
f 1454/1686/1544 1479/1679/1544 1455/1687/1544
f 1455/1687/1545 1479/1679/1545 1456/1688/1545
f 1456/1688/1546 1479/1679/1546 1457/1689/1546
f 1457/1689/1547 1479/1679/1547 1458/1690/1547
f 1458/1690/1548 1479/1679/1548 1459/1691/1548
f 1459/1691/1549 1479/1679/1549 1460/1692/1549
f 1460/1692/1550 1479/1679/1550 1461/1693/1550
f 1461/1693/1551 1479/1679/1551 1462/1694/1551
f 1462/1694/1552 1479/1679/1552 1463/1695/1552
f 1463/1695/1553 1479/1679/1553 1464/1696/1553
f 1464/1696/1554 1479/1679/1554 1465/1697/1554
f 1465/1697/1555 1479/1679/1555 1466/1698/1555
f 1466/1698/1556 1479/1679/1556 1467/1699/1556
f 1467/1699/1557 1479/1679/1557 1468/1700/1557
f 1468/1700/1558 1479/1679/1558 1469/1701/1558
f 1469/1701/1559 1479/1679/1559 1470/1702/1559
f 1470/1702/1560 1479/1679/1560 1471/1703/1560
f 1471/1703/1561 1479/1679/1561 1472/1704/1561
f 1472/1704/1562 1479/1679/1562 1473/1705/1562
f 1473/1705/1563 1479/1679/1563 1474/1706/1563
f 1474/1706/1564 1479/1679/1564 1475/1707/1564
f 1475/1707/1565 1479/1679/1565 1476/1708/1565
f 1476/1708/1566 1479/1679/1566 1477/1709/1566
f 1447/1710/1567 1448/1711/1567 1449/1712/1567 1450/1713/1567 1451/1714/1567 1452/1715/1567 1453/1716/1567 1454/1717/1567 1455/1718/1567 1456/1719/1567 1457/1720/1567 1458/1721/1567 1459/1722/1567 1460/1723/1567 1461/1724/1567 1462/1725/1567 1463/1726/1567 1464/1727/1567 1465/1728/1567 1466/1729/1567 1467/1730/1567 1468/1731/1567 1469/1732/1567 1470/1733/1567 1471/1734/1567 1472/1735/1567 1473/1736/1567 1474/1737/1567 1475/1738/1567 1476/1739/1567 1477/1740/1567 1478/1741/1567
f 1477/1709/1568 1479/1679/1568 1478/1742/1568
f 1478/1742/1569 1479/1679/1569 1447/1678/1569
